"year","date","repro_stage","squirrel_id","sex","grid","locx_feed","locy_feed","detail","food_type","locx_census","locy_census","locx_census_numeric","locx_feed_numeric","buffer_radius","midden_radius","distance_to_midden","within_territory","within_midden"
2013,2013-03-06,"mating",12565,"M","KL","-3.0",10,2,"capital","-3.0",10,-3,-3,1.73333333333333,0.333333333333333,0,TRUE,TRUE
2013,2013-03-12,"mating",12522,"M","SU","5.1",3.4,2,"capital","E.1",3.4,5.1,5.1,1.73333333333333,0.333333333333333,0,TRUE,TRUE
2013,2013-03-12,"mating",11957,"M","KL","13.8",12.7,2,"capital","M.6",12.4,13.6,13.8,1.73333333333333,0.333333333333333,10.816653826392,TRUE,TRUE
2013,2013-03-16,"mating",10531,"M","KL","6.1",6.4,2,"capital","F.0",6.5,6,6.1,1.73333333333333,0.333333333333333,4.24264068711927,TRUE,TRUE
2013,2013-03-16,"mating",12657,"M","KL","11.0",6,2,"capital","K.0",6.2,11,11,1.73333333333333,0.333333333333333,6,TRUE,TRUE
2013,2013-03-17,"mating",12657,"M","KL","11.0",6,2,"capital","K.0",6.2,11,11,1.73333333333333,0.333333333333333,6,TRUE,TRUE
2013,2013-03-18,"mating",12445,"M","KL","9.0",5,2,"capital","I.2",4.9,9.2,9,1.73333333333333,0.333333333333333,6.70820393249935,TRUE,TRUE
2013,2013-03-24,"mating",12017,"M","KL","5.0",1.1,2,"capital","E.0",1.3,5,5,1.73333333333333,0.333333333333333,6,TRUE,TRUE
2013,2013-04-08,"mating",11266,"M","KL","7.0",10.5,2,"capital","G.1",10.5,7.1,7,1.73333333333333,0.333333333333333,2.99999999999999,TRUE,TRUE
2013,2013-04-08,"mating",12236,"M","KL","4.9",11,2,"capital","D.9",10.9,4.9,4.9,1.73333333333333,0.333333333333333,2.99999999999999,TRUE,TRUE
2013,2013-04-08,"mating",12209,"M","KL","-7.2",11,2,"capital","-7.0",11,-7,-7.2,1.73333333333333,0.333333333333333,6,TRUE,TRUE
2013,2013-04-08,"mating",12565,"M","KL","-3.1",10.2,2,"capital","-3.0",10,-3,-3.1,1.73333333333333,0.333333333333333,6.70820393249935,TRUE,TRUE
2013,2013-03-29,"mating",13179,"M","KL","14.1",8.4,2,"capital","N.0",8.7,14,14.1,1.73333333333333,0.333333333333333,9.4868329805051,TRUE,TRUE
2013,2013-03-29,"mating",13048,"M","KL","3.3",2.5,2,"capital","C.0",2.5,3,3.3,1.73333333333333,0.333333333333333,9,TRUE,TRUE
2013,2013-04-01,"mating",12542,"M","KL","13.8",14.9,2,"capital","M.7",14.9,13.7,13.8,1.73333333333333,0.333333333333333,3.00000000000004,TRUE,TRUE
2013,2013-03-29,"mating",10047,"M","KL","2.2",15.7,2,"capital","B.1",15.5,2.1,2.2,1.73333333333333,0.333333333333333,6.70820393249935,TRUE,TRUE
2013,2013-03-29,"mating",11460,"M","KL","8.6",3.4,2,"capital","H.7",3.4,8.7,8.6,1.73333333333333,0.333333333333333,2.99999999999999,TRUE,TRUE
2013,2013-03-29,"mating",12657,"M","KL","11.1",5.9,2,"capital","K.0",6.2,11,11.1,1.73333333333333,0.333333333333333,9.48683298050513,TRUE,TRUE
2013,2013-04-01,"mating",11460,"M","KL","8.5",3.1,2,"capital","H.7",3.4,8.7,8.5,1.73333333333333,0.333333333333333,10.816653826392,TRUE,TRUE
2013,2013-04-01,"mating",12445,"M","KL","9.3",5.4,2,"capital","I.2",4.9,9.2,9.3,1.73333333333333,0.333333333333333,15.2970585407784,TRUE,FALSE
2013,2013-03-29,"mating",13048,"M","KL","3.3",2.3,2,"capital","C.0",2.5,3,3.3,1.73333333333333,0.333333333333333,10.816653826392,TRUE,TRUE
2013,2013-04-01,"mating",12657,"M","KL","11.1",5.9,2,"capital","K.0",6.2,11,11.1,1.73333333333333,0.333333333333333,9.48683298050513,TRUE,TRUE
2013,2013-03-29,"mating",12236,"M","KL","5.0",10.9,2,"capital","D.9",10.9,4.9,5,1.73333333333333,0.333333333333333,2.99999999999999,TRUE,TRUE
2013,2013-04-01,"mating",12209,"M","KL","-7.1",11.1,2,"capital","-7.0",11,-7,-7.1,1.73333333333333,0.333333333333333,4.24264068711927,TRUE,TRUE
2013,2013-03-29,"mating",11266,"M","KL","7.2",10.6,2,"capital","G.1",10.5,7.1,7.2,1.73333333333333,0.333333333333333,4.24264068711929,TRUE,TRUE
2013,2013-04-01,"mating",12565,"M","KL","-3.2",10.1,2,"capital","-3.0",10,-3,-3.2,1.73333333333333,0.333333333333333,6.70820393249937,TRUE,TRUE
2013,2013-03-29,"mating",12542,"M","KL","13.5",15.2,2,"capital","M.7",14.9,13.7,13.5,1.73333333333333,0.333333333333333,10.8166538263919,TRUE,TRUE
2013,2013-03-29,"mating",11983,"M","KL","10.5",19,2,"capital","J.7",19,10.7,10.5,1.73333333333333,0.333333333333333,5.99999999999998,TRUE,TRUE
2013,2013-04-03,"mating",12825,"M","KL","6.9",5.1,2,"capital","G.0",5,7,6.9,1.73333333333333,0.333333333333333,4.24264068711927,TRUE,TRUE
2013,2013-04-06,"mating",12364,"M","KL","10.0",10.6,2,"capital","J.1",11,10.1,10,1.73333333333333,0.333333333333333,12.369316876853,TRUE,TRUE
2013,2013-04-06,"mating",13039,"M","KL","7.1",3.6,2,"capital","G.0",3.5,7,7.1,1.73333333333333,0.333333333333333,4.24264068711928,TRUE,TRUE
2013,2013-04-06,"mating",12445,"M","KL","9.3",4.9,2,"capital","I.2",4.9,9.2,9.3,1.73333333333333,0.333333333333333,3.00000000000004,TRUE,TRUE
2013,2013-04-06,"mating",12363,"M","KL","7.9",14.9,2,"capital","H.0",15,8,7.9,1.73333333333333,0.333333333333333,4.24264068711927,TRUE,TRUE
2013,2013-04-06,"mating",13125,"M","KL","12.0",17,2,"capital","K.8",17,11.8,12,1.73333333333333,0.333333333333333,5.99999999999998,TRUE,TRUE
2013,2013-04-06,"mating",12542,"M","KL","13.5",15,2,"capital","M.7",14.9,13.7,13.5,1.73333333333333,0.333333333333333,6.70820393249935,TRUE,TRUE
2013,2013-04-07,"mating",12007,"M","KL","3.0",12.9,2,"capital","C.0",13,3,3,1.73333333333333,0.333333333333333,2.99999999999999,TRUE,TRUE
2013,2013-04-07,"mating",12908,"M","KL","3.7",18.8,2,"capital","C.5",19,3.5,3.7,1.73333333333333,0.333333333333333,8.48528137423856,TRUE,TRUE
2013,2013-04-07,"mating",12705,"M","KL","8.0",12,2,"capital","E.0",14.6,5,8,1.73333333333333,0.333333333333333,119.096599447675,FALSE,FALSE
2013,2013-04-12,"mating",13048,"M","KL","3.2",2.3,2,"capital","C.0",2.5,3,3.2,1.73333333333333,0.333333333333333,8.48528137423858,TRUE,TRUE
2013,2013-03-18,"mating",12825,"M","KL","6.2",7.9,2,"capital","G.0",5,7,6.2,1.73333333333333,0.333333333333333,90.249653738948,FALSE,FALSE
2013,2013-03-19,"mating",12705,"M","KL","8.1",12.2,2,"capital","E.0",14.6,5,8.1,1.73333333333333,0.333333333333333,117.613774703476,FALSE,FALSE
2013,2013-03-19,"mating",12542,"M","KL","13.7",14.9,2,"capital","M.7",14.9,13.7,13.7,1.73333333333333,0.333333333333333,0,TRUE,TRUE
2013,2013-03-20,"mating",13125,"M","KL","12.5",16.9,2,"capital","K.8",17,11.8,12.5,1.73333333333333,0.333333333333333,21.2132034355964,TRUE,FALSE
2013,2013-03-20,"mating",13039,"M","KL","7.0",3.9,2,"capital","G.0",3.5,7,7,1.73333333333333,0.333333333333333,12,TRUE,TRUE
2013,2013-04-13,"mating",12565,"M","KL","-3.1",10.3,2,"capital","-3.0",10,-3,-3.1,1.73333333333333,0.333333333333333,9.48683298050516,TRUE,TRUE
2013,2013-04-14,"mating",12209,"M","KL","-7.6",12.4,2,"capital","-7.0",11,-7,-7.6,1.73333333333333,0.333333333333333,45.6946386351835,TRUE,FALSE
2013,2013-04-13,"mating",11266,"M","KL","7.1",10.7,2,"capital","G.1",10.5,7.1,7.1,1.73333333333333,0.333333333333333,5.99999999999998,TRUE,TRUE
2013,2013-04-15,"mating",12522,"M","SU","8.2",4,2,"capital","E.1",3.4,5.1,8.2,1.73333333333333,0.333333333333333,94.7259204230817,FALSE,FALSE
2013,2013-04-15,"mating",13129,"M","SU","14.0",5.6,2,"capital","N.0",5.5,14,14,1.73333333333333,0.333333333333333,2.99999999999999,TRUE,TRUE
2013,2013-04-15,"mating",11621,"M","KL","9.8",20.3,2,"capital","F.0",18.6,6,9.8,1.73333333333333,0.333333333333333,124.887949778992,FALSE,FALSE
2013,2013-04-15,"mating",11983,"M","KL","10.6",19,2,"capital","J.7",19,10.7,10.6,1.73333333333333,0.333333333333333,2.99999999999999,TRUE,TRUE
2013,2013-04-15,"mating",12445,"M","KL","9.2",5,2,"capital","I.2",4.9,9.2,9.2,1.73333333333333,0.333333333333333,2.99999999999999,TRUE,TRUE
2013,2013-04-15,"mating",12908,"M","KL","3.7",18.8,2,"capital","C.5",19,3.5,3.7,1.73333333333333,0.333333333333333,8.48528137423856,TRUE,TRUE
2013,2013-04-15,"mating",12908,"M","KL","3.7",19,2,"capital","C.5",19,3.5,3.7,1.73333333333333,0.333333333333333,6,TRUE,TRUE
2013,2013-04-15,"mating",13048,"M","KL","3.0",2.5,2,"capital","C.0",2.5,3,3,1.73333333333333,0.333333333333333,0,TRUE,TRUE
2013,2013-03-20,"mating",12445,"M","KL","8.8",6.2,3,"income","I.2",4.9,9.2,8.8,1.73333333333333,0.333333333333333,40.8044115262063,TRUE,FALSE
2013,2013-03-20,"mating",13048,"M","KL","3.0",2.5,2,"capital","C.0",2.5,3,3,1.73333333333333,0.333333333333333,0,TRUE,TRUE
2013,2013-03-20,"mating",13048,"M","KL","3.0",2.5,2,"capital","C.0",2.5,3,3,1.73333333333333,0.333333333333333,0,TRUE,TRUE
2013,2013-03-23,"mating",10531,"M","KL","6.0",6.4,2,"capital","F.0",6.5,6,6,1.73333333333333,0.333333333333333,2.99999999999999,TRUE,TRUE
2013,2013-03-24,"mating",11460,"M","KL","8.7",3.4,2,"capital","H.7",3.4,8.7,8.7,1.73333333333333,0.333333333333333,0,TRUE,TRUE
2013,2013-03-23,"mating",11460,"M","KL","8.7",3.4,2,"capital","H.7",3.4,8.7,8.7,1.73333333333333,0.333333333333333,0,TRUE,TRUE
2013,2013-03-24,"mating",11945,"M","KL","14.0",1.4,2,"capital","N.1",1.3,14.1,14,1.73333333333333,0.333333333333333,4.24264068711928,TRUE,TRUE
2013,2013-03-22,"mating",12363,"M","KL","7.9",14.9,2,"capital","H.0",15,8,7.9,1.73333333333333,0.333333333333333,4.24264068711927,TRUE,TRUE
2013,2013-03-24,"mating",12363,"M","KL","7.8",14.9,2,"capital","H.0",15,8,7.8,1.73333333333333,0.333333333333333,6.70820393249937,TRUE,TRUE
2013,2013-03-23,"mating",12364,"M","KL","10.1",11.3,2,"capital","J.1",11,10.1,10.1,1.73333333333333,0.333333333333333,9.00000000000002,TRUE,TRUE
2013,2013-03-22,"mating",12542,"M","KL","13.7",14.9,2,"capital","M.7",14.9,13.7,13.7,1.73333333333333,0.333333333333333,0,TRUE,TRUE
2013,2013-03-23,"mating",12565,"M","KL","-3.2",10.2,2,"capital","-3.0",10,-3,-3.2,1.73333333333333,0.333333333333333,8.48528137423856,TRUE,TRUE
2013,2013-03-23,"mating",12657,"M","KL","11.0",5.9,2,"capital","K.0",6.2,11,11,1.73333333333333,0.333333333333333,9,TRUE,TRUE
2013,2013-03-24,"mating",12657,"M","KL","11.2",6,2,"capital","K.0",6.2,11,11.2,1.73333333333333,0.333333333333333,8.48528137423856,TRUE,TRUE
2013,2013-03-22,"mating",12657,"M","KL","11.0",5.8,2,"capital","K.0",6.2,11,11,1.73333333333333,0.333333333333333,12,TRUE,TRUE
2013,2013-03-22,"mating",13048,"M","KL","3.2",2.4,2,"capital","C.0",2.5,3,3.2,1.73333333333333,0.333333333333333,6.70820393249937,TRUE,TRUE
2013,2013-03-22,"mating",13048,"M","KL","3.1",2.4,2,"capital","C.0",2.5,3,3.1,1.73333333333333,0.333333333333333,4.24264068711929,TRUE,TRUE
2013,2013-03-22,"mating",13179,"M","KL","13.9",8.4,2,"capital","N.0",8.7,14,13.9,1.73333333333333,0.333333333333333,9.4868329805051,TRUE,TRUE
2013,2013-03-24,"mating",11266,"M","KL","7.1",10.5,2,"capital","G.1",10.5,7.1,7.1,1.73333333333333,0.333333333333333,0,TRUE,TRUE
2013,2013-03-25,"mating",11460,"M","KL","8.7",3.4,2,"capital","H.7",3.4,8.7,8.7,1.73333333333333,0.333333333333333,0,TRUE,TRUE
2013,2013-03-24,"mating",13039,"M","KL","10.1",0.8,5,"income","G.0",3.5,7,10.1,1.73333333333333,0.333333333333333,123.328828746567,FALSE,FALSE
2013,2013-04-22,"mating",13123,"M","KL","-6.0",11,2,"capital","-5.9",11.3,-5.9,-6,1.73333333333333,0.333333333333333,9.48683298050515,TRUE,TRUE
2013,2013-03-27,"mating",11460,"M","KL","8.8",3.5,2,"capital","H.7",3.4,8.7,8.8,1.73333333333333,0.333333333333333,4.24264068711932,TRUE,TRUE
2013,2013-03-26,"mating",11460,"M","KL","8.7",3.2,2,"capital","H.7",3.4,8.7,8.7,1.73333333333333,0.333333333333333,5.99999999999999,TRUE,TRUE
2013,2013-03-26,"mating",12364,"M","KL","10.1",11.4,2,"capital","J.1",11,10.1,10.1,1.73333333333333,0.333333333333333,12,TRUE,TRUE
2013,2013-03-30,"mating",12364,"M","KL","10.3",11.4,2,"capital","J.1",11,10.1,10.3,1.73333333333333,0.333333333333333,13.4164078649988,TRUE,FALSE
2013,2013-03-27,"mating",12542,"M","KL","13.8",14.8,2,"capital","M.7",14.9,13.7,13.8,1.73333333333333,0.333333333333333,4.24264068711931,TRUE,TRUE
2013,2013-03-30,"mating",12542,"M","KL","13.7",14.9,2,"capital","M.7",14.9,13.7,13.7,1.73333333333333,0.333333333333333,0,TRUE,TRUE
2013,2013-03-30,"mating",12564,"M","KL","-4.7",11.8,2,"capital","-5.0",12,-5,-4.7,1.73333333333333,0.333333333333333,10.816653826392,TRUE,TRUE
2013,2013-03-30,"mating",12565,"M","KL","-3.3",10.4,2,"capital","-3.0",10,-3,-3.3,1.73333333333333,0.333333333333333,15,TRUE,FALSE
2013,2013-03-29,"mating",12565,"M","KL","-3.2",10.2,2,"capital","-3.0",10,-3,-3.2,1.73333333333333,0.333333333333333,8.48528137423856,TRUE,TRUE
2013,2013-03-27,"mating",12657,"M","KL","11.1",5.9,2,"capital","K.0",6.2,11,11.1,1.73333333333333,0.333333333333333,9.48683298050513,TRUE,TRUE
2013,2013-03-26,"mating",12678,"M","KL","2.6",10.4,2,"capital","B.6",10.5,2.6,2.6,1.73333333333333,0.333333333333333,2.99999999999999,TRUE,TRUE
2013,2013-03-30,"mating",12705,"M","KL","8.2",12.2,2,"capital","E.0",14.6,5,8.2,1.73333333333333,0.333333333333333,120,FALSE,FALSE
2013,2013-03-26,"mating",12825,"M","KL","6.9",5.3,2,"capital","G.0",5,7,6.9,1.73333333333333,0.333333333333333,9.48683298050513,TRUE,TRUE
2013,2013-03-26,"mating",13039,"M","KL","7.1",3.6,2,"capital","G.0",3.5,7,7.1,1.73333333333333,0.333333333333333,4.24264068711928,TRUE,TRUE
2013,2013-03-26,"mating",13048,"M","KL","3.2",2.5,2,"capital","C.0",2.5,3,3.2,1.73333333333333,0.333333333333333,6,TRUE,TRUE
2013,2013-03-26,"mating",13125,"M","KL","12.5",16.9,2,"capital","K.8",17,11.8,12.5,1.73333333333333,0.333333333333333,21.2132034355964,TRUE,FALSE
2013,2013-03-31,"mating",12364,"M","KL","10.3",11.3,2,"capital","J.1",11,10.1,10.3,1.73333333333333,0.333333333333333,10.816653826392,TRUE,TRUE
2013,2013-04-02,"mating",13039,"M","KL","7.4",3.2,2,"capital","G.0",3.5,7,7.4,1.73333333333333,0.333333333333333,15,TRUE,FALSE
2013,2013-04-02,"mating",13048,"M","KL","3.2",2.4,2,"capital","C.0",2.5,3,3.2,1.73333333333333,0.333333333333333,6.70820393249937,TRUE,TRUE
2013,2013-04-02,"mating",12908,"M","KL","3.6",19.1,2,"capital","C.5",19,3.5,3.6,1.73333333333333,0.333333333333333,4.24264068711932,TRUE,TRUE
2013,2013-04-02,"mating",12705,"M","KL","8.0",12.1,2,"capital","E.0",14.6,5,8,1.73333333333333,0.333333333333333,117.1537451386,FALSE,FALSE
2013,2013-04-03,"mating",12565,"M","KL","-3.2",10.1,2,"capital","-3.0",10,-3,-3.2,1.73333333333333,0.333333333333333,6.70820393249937,TRUE,TRUE
2013,2013-04-03,"mating",12705,"M","KL","8.0",12.1,2,"capital","E.0",14.6,5,8,1.73333333333333,0.333333333333333,117.1537451386,FALSE,FALSE
2013,2013-04-03,"mating",12209,"M","KL","-7.1",11.1,2,"capital","-7.0",11,-7,-7.1,1.73333333333333,0.333333333333333,4.24264068711927,TRUE,TRUE
2013,2013-04-05,"mating",12825,"M","KL","6.8",5.4,2,"capital","G.0",5,7,6.8,1.73333333333333,0.333333333333333,13.4164078649987,TRUE,FALSE
2013,2013-04-05,"mating",12825,"M","KL","6.8",5.2,2,"capital","G.0",5,7,6.8,1.73333333333333,0.333333333333333,8.48528137423858,TRUE,TRUE
2013,2013-04-05,"mating",12017,"M","KL","5.1",1.1,2,"capital","E.0",1.3,5,5.1,1.73333333333333,0.333333333333333,6.70820393249936,TRUE,TRUE
2013,2013-04-05,"mating",11983,"M","KL","10.4",19.3,2,"capital","J.7",19,10.7,10.4,1.73333333333333,0.333333333333333,12.7279220613578,TRUE,TRUE
2013,2013-04-05,"mating",11983,"M","KL","10.3",18.9,2,"capital","J.7",19,10.7,10.3,1.73333333333333,0.333333333333333,12.369316876853,TRUE,TRUE
2013,2013-04-05,"mating",12542,"M","KL","13.8",15,2,"capital","M.7",14.9,13.7,13.8,1.73333333333333,0.333333333333333,4.24264068711931,TRUE,TRUE
2013,2013-04-06,"mating",12209,"M","KL","-7.1",11.1,2,"capital","-7.0",11,-7,-7.1,1.73333333333333,0.333333333333333,4.24264068711927,TRUE,TRUE
2013,2013-04-06,"mating",12830,"M","KL","-2.6",12.4,2,"capital","-2.5",12.9,-2.5,-2.6,1.73333333333333,0.333333333333333,15.2970585407784,TRUE,FALSE
2013,2013-04-06,"mating",12565,"M","KL","-3.2",10.2,2,"capital","-3.0",10,-3,-3.2,1.73333333333333,0.333333333333333,8.48528137423856,TRUE,TRUE
2013,2013-04-06,"mating",12705,"M","KL","8.1",12.1,2,"capital","E.0",14.6,5,8.1,1.73333333333333,0.333333333333333,119.473846510439,FALSE,FALSE
2013,2013-04-06,"mating",12363,"M","KL","8.2",14.7,2,"capital","H.0",15,8,8.2,1.73333333333333,0.333333333333333,10.816653826392,TRUE,TRUE
2013,2013-04-07,"mating",11983,"M","KL","10.5",18.9,2,"capital","J.7",19,10.7,10.5,1.73333333333333,0.333333333333333,6.70820393249937,TRUE,TRUE
2013,2013-04-07,"mating",13179,"M","KL","13.9",8.7,2,"capital","N.0",8.7,14,13.9,1.73333333333333,0.333333333333333,2.99999999999999,TRUE,TRUE
2013,2013-04-07,"mating",12657,"M","KL","11.0",5.9,2,"capital","K.0",6.2,11,11,1.73333333333333,0.333333333333333,9,TRUE,TRUE
2013,2013-04-07,"mating",13048,"M","KL","3.0",2.4,2,"capital","C.0",2.5,3,3,1.73333333333333,0.333333333333333,3,TRUE,TRUE
2013,2013-04-07,"mating",12705,"M","KL","8.2",12.2,2,"capital","E.0",14.6,5,8.2,1.73333333333333,0.333333333333333,120,FALSE,FALSE
2013,2013-04-23,"mating",12140,"M","SU","20.0",0.5,3,"income","R.0",4,18,20,1.73333333333333,0.333333333333333,120.933866224478,FALSE,FALSE
2013,2013-04-23,"mating",11621,"M","KL","6.0",18.4,2,"capital","F.0",18.6,6,6,1.73333333333333,0.333333333333333,6.00000000000009,TRUE,TRUE
2013,2013-04-08,"mating",13179,"M","KL","13.9",1.4,2,"capital","N.0",8.7,14,13.9,1.73333333333333,0.333333333333333,219.020546981328,FALSE,FALSE
2013,2013-04-08,"mating",11945,"M","KL","14.1",1.4,2,"capital","N.1",1.3,14.1,14.1,1.73333333333333,0.333333333333333,3,TRUE,TRUE
2013,2013-04-08,"mating",13039,"M","KL","6.9",3.4,2,"capital","G.0",3.5,7,6.9,1.73333333333333,0.333333333333333,4.24264068711928,TRUE,TRUE
2013,2013-04-08,"mating",12825,"M","KL","6.9",5.2,2,"capital","G.0",5,7,6.9,1.73333333333333,0.333333333333333,6.70820393249937,TRUE,TRUE
2013,2013-04-08,"mating",12825,"M","KL","7.0",5.1,2,"capital","G.0",5,7,7,1.73333333333333,0.333333333333333,2.99999999999999,TRUE,TRUE
2013,2013-04-08,"mating",11460,"M","KL","8.7",3.4,2,"capital","H.7",3.4,8.7,8.7,1.73333333333333,0.333333333333333,0,TRUE,TRUE
2013,2013-04-08,"mating",12017,"M","KL","5.1",1.1,2,"capital","E.0",1.3,5,5.1,1.73333333333333,0.333333333333333,6.70820393249936,TRUE,TRUE
2013,2013-04-08,"mating",11983,"M","KL","10.4",18.9,2,"capital","J.7",19,10.7,10.4,1.73333333333333,0.333333333333333,9.48683298050512,TRUE,TRUE
2013,2013-04-10,"mating",11460,"M","KL","8.6",3.5,2,"capital","H.7",3.4,8.7,8.6,1.73333333333333,0.333333333333333,4.24264068711928,TRUE,TRUE
2013,2013-04-10,"mating",12445,"M","KL","9.2",5,2,"capital","I.2",4.9,9.2,9.2,1.73333333333333,0.333333333333333,2.99999999999999,TRUE,TRUE
2013,2013-04-10,"mating",12445,"M","KL","9.6",4.9,2,"capital","I.2",4.9,9.2,9.6,1.73333333333333,0.333333333333333,12,TRUE,TRUE
2013,2013-04-10,"mating",13039,"M","KL","7.1",3.5,2,"capital","G.0",3.5,7,7.1,1.73333333333333,0.333333333333333,2.99999999999999,TRUE,TRUE
2013,2013-04-12,"mating",12705,"M","KL","4.7",14.5,2,"capital","E.0",14.6,5,4.7,1.73333333333333,0.333333333333333,9.48683298050513,TRUE,TRUE
2013,2013-04-12,"mating",12908,"M","KL","3.7",19,2,"capital","C.5",19,3.5,3.7,1.73333333333333,0.333333333333333,6,TRUE,TRUE
2013,2013-04-12,"mating",12364,"M","KL","10.2",11.4,2,"capital","J.1",11,10.1,10.2,1.73333333333333,0.333333333333333,12.369316876853,TRUE,TRUE
2013,2013-04-13,"mating",12542,"M","KL","13.9",15.1,2,"capital","M.7",14.9,13.7,13.9,1.73333333333333,0.333333333333333,8.48528137423858,TRUE,TRUE
2013,2013-04-13,"mating",13039,"M","KL","7.2",3.5,2,"capital","G.0",3.5,7,7.2,1.73333333333333,0.333333333333333,6,TRUE,TRUE
2013,2013-04-13,"mating",13048,"M","KL","3.2",2.5,2,"capital","C.0",2.5,3,3.2,1.73333333333333,0.333333333333333,6,TRUE,TRUE
2013,2013-04-13,"mating",12364,"M","KL","10.3",10.6,2,"capital","J.1",11,10.1,10.3,1.73333333333333,0.333333333333333,13.4164078649988,TRUE,FALSE
2013,2013-04-14,"mating",12678,"M","KL","2.6",10.7,2,"capital","B.6",10.5,2.6,2.6,1.73333333333333,0.333333333333333,5.99999999999998,TRUE,TRUE
2013,2013-04-14,"mating",12565,"M","KL","-2.7",11,2,"capital","-3.0",10,-3,-2.7,1.73333333333333,0.333333333333333,31.3209195267317,TRUE,FALSE
2013,2013-03-26,"mating",12564,"M","KL","-4.8",11.6,2,"capital","-5.0",12,-5,-4.8,1.73333333333333,0.333333333333333,13.4164078649987,TRUE,FALSE
2013,2013-03-26,"mating",11460,"M","KL","8.7",3.4,2,"capital","H.7",3.4,8.7,8.7,1.73333333333333,0.333333333333333,0,TRUE,TRUE
2013,2013-03-26,"mating",12445,"M","KL","9.2",5.1,2,"capital","I.2",4.9,9.2,9.2,1.73333333333333,0.333333333333333,5.99999999999998,TRUE,TRUE
2013,2013-03-27,"mating",12678,"M","KL","9.9",11.1,2,"capital","B.6",10.5,2.6,9.9,1.73333333333333,0.333333333333333,219.73848092676,FALSE,FALSE
2013,2013-03-27,"mating",12705,"M","KL","8.0",12.1,2,"capital","E.0",14.6,5,8,1.73333333333333,0.333333333333333,117.1537451386,FALSE,FALSE
2013,2013-03-29,"mating",12678,"M","KL","2.6",10.3,2,"capital","B.6",10.5,2.6,2.6,1.73333333333333,0.333333333333333,5.99999999999998,TRUE,TRUE
2013,2013-03-29,"mating",12705,"M","KL","8.2",12.2,2,"capital","E.0",14.6,5,8.2,1.73333333333333,0.333333333333333,120,FALSE,FALSE
2013,2013-03-30,"mating",12825,"M","KL","6.9",5.2,2,"capital","G.0",5,7,6.9,1.73333333333333,0.333333333333333,6.70820393249937,TRUE,TRUE
2013,2013-03-30,"mating",12933,"M","KL","14.9",1.3,2,"capital","O.0",1,15,14.9,1.73333333333333,0.333333333333333,9.48683298050514,TRUE,TRUE
2013,2013-03-30,"mating",12565,"M","KL","-3.3",10.5,2,"capital","-3.0",10,-3,-3.3,1.73333333333333,0.333333333333333,17.4928556845359,TRUE,FALSE
2013,2013-03-30,"mating",12363,"M","KL","7.8",15,2,"capital","H.0",15,8,7.8,1.73333333333333,0.333333333333333,6,TRUE,TRUE
2013,2013-03-30,"mating",12364,"M","KL","10.3",11.3,2,"capital","J.1",11,10.1,10.3,1.73333333333333,0.333333333333333,10.816653826392,TRUE,TRUE
2013,2013-03-30,"mating",11945,"M","KL","14.9",1.7,2,"capital","N.1",1.3,14.1,14.9,1.73333333333333,0.333333333333333,26.8328157299975,TRUE,FALSE
2013,2013-03-31,"mating",12657,"M","KL","11.1",5.9,2,"capital","K.0",6.2,11,11.1,1.73333333333333,0.333333333333333,9.48683298050513,TRUE,TRUE
2013,2013-03-31,"mating",12705,"M","KL","8.2",12.2,2,"capital","E.0",14.6,5,8.2,1.73333333333333,0.333333333333333,120,FALSE,FALSE
2013,2013-03-31,"mating",12678,"M","KL","2.8",10.6,2,"capital","B.6",10.5,2.6,2.8,1.73333333333333,0.333333333333333,6.70820393249936,TRUE,TRUE
2013,2013-04-01,"mating",11460,"M","KL","8.7",3.4,2,"capital","H.7",3.4,8.7,8.7,1.73333333333333,0.333333333333333,0,TRUE,TRUE
2013,2013-04-01,"mating",12364,"M","KL","10.2",11.4,2,"capital","J.1",11,10.1,10.2,1.73333333333333,0.333333333333333,12.369316876853,TRUE,TRUE
2013,2013-04-01,"mating",12705,"M","KL","8.3",12.1,2,"capital","E.0",14.6,5,8.3,1.73333333333333,0.333333333333333,124.201449266907,FALSE,FALSE
2013,2013-04-01,"mating",12657,"M","KL","11.3",5.8,2,"capital","K.0",6.2,11,11.3,1.73333333333333,0.333333333333333,15,TRUE,FALSE
2013,2013-04-14,"mating",13039,"M","KL","7.1",3.6,2,"capital","G.0",3.5,7,7.1,1.73333333333333,0.333333333333333,4.24264068711928,TRUE,TRUE
2013,2013-04-14,"mating",12445,"M","KL","9.2",5,2,"capital","I.2",4.9,9.2,9.2,1.73333333333333,0.333333333333333,2.99999999999999,TRUE,TRUE
2013,2013-04-14,"mating",12364,"M","KL","10.4",11.9,2,"capital","J.1",11,10.1,10.4,1.73333333333333,0.333333333333333,28.4604989415154,TRUE,FALSE
2013,2013-04-02,"mating",13125,"M","KL","12.2",17.1,2,"capital","K.8",17,11.8,12.2,1.73333333333333,0.333333333333333,12.369316876853,TRUE,TRUE
2013,2013-04-02,"mating",11945,"M","KL","14.1",1.5,2,"capital","N.1",1.3,14.1,14.1,1.73333333333333,0.333333333333333,6,TRUE,TRUE
2013,2013-04-03,"mating",12007,"M","KL","3.3",12.7,2,"capital","C.0",13,3,3.3,1.73333333333333,0.333333333333333,12.7279220613579,TRUE,TRUE
2013,2013-04-05,"mating",11460,"M","KL","8.5",3.4,2,"capital","H.7",3.4,8.7,8.5,1.73333333333333,0.333333333333333,5.99999999999998,TRUE,TRUE
2013,2013-04-05,"mating",11460,"M","KL","8.7",3.4,2,"capital","H.7",3.4,8.7,8.7,1.73333333333333,0.333333333333333,0,TRUE,TRUE
2013,2013-04-05,"mating",13039,"M","KL","7.2",3.3,2,"capital","G.0",3.5,7,7.2,1.73333333333333,0.333333333333333,8.48528137423858,TRUE,TRUE
2013,2013-04-06,"mating",12236,"M","KL","4.8",10.9,2,"capital","D.9",10.9,4.9,4.8,1.73333333333333,0.333333333333333,3.00000000000002,TRUE,TRUE
2013,2013-04-06,"mating",12364,"M","KL","10.2",12.1,2,"capital","J.1",11,10.1,10.2,1.73333333333333,0.333333333333333,33.1360830515618,TRUE,FALSE
2013,2013-04-07,"mating",13039,"M","KL","7.0",3.6,2,"capital","G.0",3.5,7,7,1.73333333333333,0.333333333333333,3,TRUE,TRUE
2013,2013-04-07,"mating",13125,"M","KL","12.3",17.2,2,"capital","K.8",17,11.8,12.3,1.73333333333333,0.333333333333333,16.1554944214035,TRUE,FALSE
2013,2013-04-07,"mating",12542,"M","KL","13.7",14.9,2,"capital","M.7",14.9,13.7,13.7,1.73333333333333,0.333333333333333,0,TRUE,TRUE
2013,2013-04-07,"mating",11945,"M","KL","14.0",1.5,2,"capital","N.1",1.3,14.1,14,1.73333333333333,0.333333333333333,6.70820393249936,TRUE,TRUE
2013,2013-04-07,"mating",11460,"M","KL","8.7",3.4,2,"capital","H.7",3.4,8.7,8.7,1.73333333333333,0.333333333333333,0,TRUE,TRUE
2013,2013-04-07,"mating",11266,"M","KL","7.4",10.3,2,"capital","G.1",10.5,7.1,7.4,1.73333333333333,0.333333333333333,10.816653826392,TRUE,TRUE
2013,2013-04-07,"mating",12705,"M","KL","8.4",12.1,2,"capital","E.0",14.6,5,8.4,1.73333333333333,0.333333333333333,126.605687076055,FALSE,FALSE
2013,2013-04-07,"mating",12363,"M","KL","7.8",14.9,2,"capital","H.0",15,8,7.8,1.73333333333333,0.333333333333333,6.70820393249937,TRUE,TRUE
2013,2013-04-08,"mating",12705,"M","KL","8.2",12.2,2,"capital","E.0",14.6,5,8.2,1.73333333333333,0.333333333333333,120,FALSE,FALSE
2013,2013-04-08,"mating",12363,"M","KL","7.9",14.8,2,"capital","H.0",15,8,7.9,1.73333333333333,0.333333333333333,6.70820393249935,TRUE,TRUE
2013,2013-04-08,"mating",12825,"M","KL","6.8",5.2,2,"capital","G.0",5,7,6.8,1.73333333333333,0.333333333333333,8.48528137423858,TRUE,TRUE
2013,2013-04-08,"mating",11460,"M","KL","8.4",3.4,2,"capital","H.7",3.4,8.7,8.4,1.73333333333333,0.333333333333333,8.99999999999997,TRUE,TRUE
2013,2013-04-08,"mating",12657,"M","KL","11.0",6.3,2,"capital","K.0",6.2,11,11,1.73333333333333,0.333333333333333,2.99999999999999,TRUE,TRUE
2013,2013-04-08,"mating",11460,"M","KL","8.3",3.2,5,"income","H.7",3.4,8.7,8.3,1.73333333333333,0.333333333333333,13.4164078649987,TRUE,FALSE
2013,2013-04-10,"mating",12825,"M","KL","6.8",5.2,2,"capital","G.0",5,7,6.8,1.73333333333333,0.333333333333333,8.48528137423858,TRUE,TRUE
2013,2013-04-10,"mating",12678,"M","KL","2.8",10.3,2,"capital","B.6",10.5,2.6,2.8,1.73333333333333,0.333333333333333,8.48528137423855,TRUE,TRUE
2013,2013-04-10,"mating",13039,"M","KL","7.1",3.4,2,"capital","G.0",3.5,7,7.1,1.73333333333333,0.333333333333333,4.24264068711928,TRUE,TRUE
2013,2013-04-12,"mating",12705,"M","KL","4.7",14.5,2,"capital","E.0",14.6,5,4.7,1.73333333333333,0.333333333333333,9.48683298050513,TRUE,TRUE
2013,2013-04-12,"mating",12705,"M","KL","4.7",14.5,2,"capital","E.0",14.6,5,4.7,1.73333333333333,0.333333333333333,9.48683298050513,TRUE,TRUE
2013,2013-04-13,"mating",11460,"M","KL","8.7",3.4,2,"capital","H.7",3.4,8.7,8.7,1.73333333333333,0.333333333333333,0,TRUE,TRUE
2013,2013-04-13,"mating",11460,"M","KL","8.7",3.8,2,"capital","H.7",3.4,8.7,8.7,1.73333333333333,0.333333333333333,12,TRUE,TRUE
2013,2013-04-13,"mating",12445,"M","KL","9.0",5.2,2,"capital","I.2",4.9,9.2,9,1.73333333333333,0.333333333333333,10.816653826392,TRUE,TRUE
2013,2013-04-14,"mating",12657,"M","KL","11.1",5.9,2,"capital","K.0",6.2,11,11.1,1.73333333333333,0.333333333333333,9.48683298050513,TRUE,TRUE
2013,2013-04-14,"mating",12542,"M","KL","13.8",15,2,"capital","M.7",14.9,13.7,13.8,1.73333333333333,0.333333333333333,4.24264068711931,TRUE,TRUE
2013,2013-04-14,"mating",12236,"M","KL","5.1",10.7,2,"capital","D.9",10.9,4.9,5.1,1.73333333333333,0.333333333333333,8.48528137423858,TRUE,TRUE
2013,2013-04-14,"mating",12565,"M","KL","-2.7",11,2,"capital","-3.0",10,-3,-2.7,1.73333333333333,0.333333333333333,31.3209195267317,TRUE,FALSE
2013,2013-04-21,"mating",10531,"M","KL","6.0",6.4,2,"capital","F.0",6.5,6,6,1.73333333333333,0.333333333333333,2.99999999999999,TRUE,TRUE
2013,2013-03-25,"mating",12825,"M","KL","6.8",5.2,2,"capital","G.0",5,7,6.8,1.73333333333333,0.333333333333333,8.48528137423858,TRUE,TRUE
2013,2013-03-23,"mating",11983,"M","KL","10.5",18.9,2,"capital","J.7",19,10.7,10.5,1.73333333333333,0.333333333333333,6.70820393249937,TRUE,TRUE
2002,2002-04-05,"mating",5898,"M","SU","8.0",13,2,"capital","H.5",12,8.5,8,1.73333333333333,0.333333333333333,33.5410196624968,TRUE,FALSE
2002,2002-04-28,"mating",5485,"M","SU","12.5",12,2,"capital","K.3",11.8,11.3,12.5,1.73333333333333,0.333333333333333,36.4965751817893,TRUE,FALSE
2002,2002-04-28,"mating",5485,"M","SU","12.5",12,2,"capital","L.5",12,12.5,12.5,1.73333333333333,0.333333333333333,0,TRUE,TRUE
2005,2005-03-13,"mating",6509,"M","KL","12.0",11,2,"capital","K.6",10.5,11.6,12,1.73333333333333,0.333333333333333,19.2093727122986,TRUE,FALSE
2005,2005-03-18,"mating",6770,"M","KL","3.0",6,2,"capital","-5.5",11.5,-5.5,3,1.73333333333333,0.333333333333333,303.726850969749,FALSE,FALSE
2005,2005-03-18,"mating",6770,"M","KL","3.0",6,2,"capital","-6.5",12,-6.5,3,1.73333333333333,0.333333333333333,337.083075813663,FALSE,FALSE
2005,2005-03-21,"mating",6523,"M","KL","8.0",2,2,"capital","I.1",2.6,9.1,8,1.73333333333333,0.333333333333333,37.589892258425,TRUE,FALSE
2005,2005-03-23,"mating",6523,"M","KL","7.0",2,2,"capital","I.1",2.6,9.1,7,1.73333333333333,0.333333333333333,65.5209890035246,FALSE,FALSE
2005,2005-03-24,"mating",10296,"M","SU","20.0",6,2,"capital","Q.3",7,17.3,20,1.73333333333333,0.333333333333333,86.3770802933278,FALSE,FALSE
2005,2005-03-28,"mating",6411,"M","KL","3.0",11,2,"capital","D.0",7,4,3,1.73333333333333,0.333333333333333,123.69316876853,FALSE,FALSE
2005,2005-03-29,"mating",7897,"M","KL","3.0",11,2,"capital","C.0",2.5,3,3,1.73333333333333,0.333333333333333,255,FALSE,FALSE
2005,2005-03-30,"mating",6343,"M","KL","1.0",8,2,"capital","A.0",8,1,1,1.73333333333333,0.333333333333333,0,TRUE,TRUE
2005,2005-03-30,"mating",7950,"M","SU","19.0",7,2,"capital","T.5",7.5,20.5,19,1.73333333333333,0.333333333333333,47.4341649025257,TRUE,FALSE
2005,2005-04-01,"mating",6935,"M","KL","-5.0",12,2,"capital","-5.0",12,-5,-5,1.73333333333333,0.333333333333333,0,TRUE,TRUE
2005,2005-04-02,"mating",6770,"M","KL","3.0",6,2,"capital","-5.5",11.5,-5.5,3,1.73333333333333,0.333333333333333,303.726850969749,FALSE,FALSE
2005,2005-04-02,"mating",6770,"M","KL","3.0",6,2,"capital","-6.5",12,-6.5,3,1.73333333333333,0.333333333333333,337.083075813663,FALSE,FALSE
2005,2005-04-03,"mating",6553,"M","KL","15.0",15,3,"income","O.0",10.5,15,15,1.73333333333333,0.333333333333333,135,FALSE,FALSE
2005,2005-04-03,"mating",6935,"M","KL","-5.0",12,2,"capital","-5.0",12,-5,-5,1.73333333333333,0.333333333333333,0,TRUE,TRUE
2005,2005-04-06,"mating",6935,"M","KL","-5.0",11,2,"capital","-5.0",12,-5,-5,1.73333333333333,0.333333333333333,30,TRUE,FALSE
2005,2005-04-10,"mating",6232,"M","SU","4.0",9,2,"capital","D.0",9,4,4,1.73333333333333,0.333333333333333,0,TRUE,TRUE
2005,2005-04-10,"mating",6232,"M","SU","4.0",9,2,"capital","D.0",9,4,4,1.73333333333333,0.333333333333333,0,TRUE,TRUE
2005,2005-04-14,"mating",6935,"M","KL","-5.0",12,2,"capital","-5.0",12,-5,-5,1.73333333333333,0.333333333333333,0,TRUE,TRUE
2005,2005-04-22,"mating",7247,"M","SU","4.0",4,2,"capital","C.4",4,3.4,4,1.73333333333333,0.333333333333333,18,TRUE,FALSE
2006,2006-03-21,"mating",7830,"M","KL","5.4",6.8,2,"capital","E.0",14.6,5,5.4,1.73333333333333,0.333333333333333,234.3074902772,FALSE,FALSE
2006,2006-03-23,"mating",6916,"M","KL","-1.8",3.5,2,"capital","H.3",6.2,8.3,-1.8,1.73333333333333,0.333333333333333,313.639920928443,FALSE,FALSE
2006,2006-03-23,"mating",6987,"M","KL","5.4",6.8,2,"capital","D.5",5.6,4.5,5.4,1.73333333333333,0.333333333333333,45,TRUE,FALSE
2006,2006-03-27,"mating",7437,"M","KL","1.3",0.5,2,"capital","A.0",15,1,1.3,1.73333333333333,0.333333333333333,435.0930934869,FALSE,FALSE
2006,2006-03-27,"mating",7437,"M","KL","1.3",0.5,2,"capital","B.3",13.7,2.3,1.3,1.73333333333333,0.333333333333333,397.13473784095,FALSE,FALSE
2006,2006-04-02,"mating",10120,"M","SU","4.1",8.7,2,"capital","D.0",9,4,4.1,1.73333333333333,0.333333333333333,9.48683298050515,TRUE,TRUE
2006,2006-04-03,"mating",7073,"M","SU","19.1",6.9,2,"capital","U.4",2.6,21.4,19.1,1.73333333333333,0.333333333333333,146.294224082839,FALSE,FALSE
2006,2006-04-09,"mating",6798,"M","SU","2.7",3.3,2,"capital","Q.0",4,17,2.7,1.73333333333333,0.333333333333333,429.513678478346,FALSE,FALSE
2006,2006-04-13,"mating",7106,"M","KL","2.5",13.5,2,"capital","L.5",0.9,12.5,2.5,1.73333333333333,0.333333333333333,482.580563222349,FALSE,FALSE
2006,2006-04-13,"mating",7390,"M","KL","10.6",10.5,2,"capital","L.0",8,12,10.6,1.73333333333333,0.333333333333333,85.9592926913664,FALSE,FALSE
2006,2006-04-19,"mating",6916,"M","KL","5.7",6.7,2,"capital","H.3",6.2,8.3,5.7,1.73333333333333,0.333333333333333,79.4292137692424,FALSE,FALSE
2006,2006-04-19,"mating",10120,"M","SU","3.9",8.8,2,"capital","D.0",9,4,3.9,1.73333333333333,0.333333333333333,6.70820393249935,TRUE,TRUE
2006,2006-04-20,"mating",8703,"M","KL","6.1",0.6,2,"capital","K.0",6.2,11,6.1,1.73333333333333,0.333333333333333,223.233062067428,FALSE,FALSE
2006,2006-04-23,"mating",6916,"M","KL","13.1",6,2,"capital","H.3",6.2,8.3,13.1,1.73333333333333,0.333333333333333,144.124945793572,FALSE,FALSE
2006,2006-04-24,"mating",7087,"M","SU","-0.1",4.9,2,"capital","B.3",3,2.3,-0.1,1.73333333333333,0.333333333333333,91.8313671900838,FALSE,FALSE
2006,2006-04-25,"mating",7083,"M","KL","8.3",14.9,2,"capital","G.0",3.5,7,8.3,1.73333333333333,0.333333333333333,344.21650163814,FALSE,FALSE
2006,2006-04-25,"mating",10120,"M","SU","3.5",8.4,2,"capital","D.0",9,4,3.5,1.73333333333333,0.333333333333333,23.43074902772,TRUE,FALSE
2006,2006-04-27,"mating",10178,"M","KL","6.4",10.2,2,"capital","D.9",10.9,4.9,6.4,1.73333333333333,0.333333333333333,49.6588360717406,TRUE,FALSE
2006,2006-04-30,"mating",6837,"M","SU","12.3",12.9,2,"capital","L.5",12,12.5,12.3,1.73333333333333,0.333333333333333,27.6586333718787,TRUE,FALSE
2008,2008-03-19,"mating",8680,"M","KL","2.4",5.5,2,"capital","B.0",7.5,2,2.4,1.73333333333333,0.333333333333333,61.1882341631134,FALSE,FALSE
2008,2008-03-20,"mating",10178,"M","KL","5.0",13,2,"capital","D.9",10.9,4.9,5,1.73333333333333,0.333333333333333,63.0713881248859,FALSE,FALSE
2008,2008-03-20,"mating",10474,"M","SU","-1.7",2.3,2,"capital","-1.7",2.3,-1.7,-1.7,1.73333333333333,0.333333333333333,0,TRUE,TRUE
2008,2008-03-22,"mating",8680,"M","KL","0.9",8.3,2,"capital","B.0",7.5,2,0.9,1.73333333333333,0.333333333333333,40.8044115262063,TRUE,FALSE
2008,2008-03-22,"mating",10275,"M","KL","0.8",8.3,2,"capital","F.2",8,6.2,0.8,1.73333333333333,0.333333333333333,162.24980739588,FALSE,FALSE
2008,2008-03-22,"mating",10275,"M","KL","6.0",6.5,2,"capital","F.2",8,6.2,6,1.73333333333333,0.333333333333333,45.3982378512647,TRUE,FALSE
2008,2008-03-22,"mating",8597,"M","SU","8.4",7.8,2,"capital","G.0",9.3,7,8.4,1.73333333333333,0.333333333333333,61.5548535860496,FALSE,FALSE
2008,2008-03-23,"mating",8571,"M","KL","-3.0",12.5,2,"capital","-3.0",10,-3,-3,1.73333333333333,0.333333333333333,75,FALSE,FALSE
2008,2008-03-23,"mating",8703,"M","KL","10.3",6.5,2,"capital","J.3",6.5,10.3,10.3,1.73333333333333,0.333333333333333,0,TRUE,TRUE
2008,2008-03-24,"mating",8730,"M","KL","4.1",7.2,2,"capital","D.0",7,4,4.1,1.73333333333333,0.333333333333333,6.70820393249937,TRUE,TRUE
2008,2008-03-24,"mating",10275,"M","KL","6.0",8,2,"capital","F.2",8,6.2,6,1.73333333333333,0.333333333333333,6,TRUE,TRUE
2008,2008-03-26,"mating",8603,"M","SU","10.3",9.3,2,"capital","J.1",9.2,10.1,10.3,1.73333333333333,0.333333333333333,6.70820393249942,TRUE,TRUE
2008,2008-03-27,"mating",8609,"M","KL","8.2",12.3,2,"capital","H.0",12,8,8.2,1.73333333333333,0.333333333333333,10.816653826392,TRUE,TRUE
2008,2008-03-27,"mating",10760,"M","KL","4.9",14.5,2,"capital","E.0",14.6,5,4.9,1.73333333333333,0.333333333333333,4.24264068711927,TRUE,TRUE
2008,2008-03-30,"mating",8703,"M","KL","10.3",6.2,2,"capital","J.3",6.5,10.3,10.3,1.73333333333333,0.333333333333333,9,TRUE,TRUE
2008,2008-03-30,"mating",10178,"M","KL","2.6",10.6,2,"capital","D.9",10.9,4.9,2.6,1.73333333333333,0.333333333333333,69.5844810284592,FALSE,FALSE
2008,2008-03-30,"mating",10274,"M","KL","-7.6",12.4,6,"income","-7.0",12,-7,-7.6,1.73333333333333,0.333333333333333,21.6333076527839,TRUE,FALSE
2008,2008-03-31,"mating",10322,"M","KL","-2.5",13,2,"capital","-3.0",12.5,-3,-2.5,1.73333333333333,0.333333333333333,21.2132034355964,TRUE,FALSE
2008,2008-04-01,"mating",8669,"M","CH","6.3",4,2,"capital","F.2",3.9,6.2,6.3,1.73333333333333,0.333333333333333,4.24264068711928,TRUE,TRUE
2008,2008-04-01,"mating",10158,"M","CH","11.5",13.5,2,"capital","L.0",11.2,12,11.5,1.73333333333333,0.333333333333333,70.6116137756389,FALSE,FALSE
2008,2008-04-01,"mating",13685,"M","CH","20.5",7,2,"capital","M.5",7.1,13.5,20.5,1.73333333333333,0.333333333333333,210.021427478246,FALSE,FALSE
2008,2008-04-02,"mating",8362,"M","CH","15.5",11,2,"capital","O.5",11.2,15.5,15.5,1.73333333333333,0.333333333333333,5.99999999999998,TRUE,TRUE
2008,2008-04-02,"mating",10083,"M","CH","5.1",1,2,"capital","E.1",1.1,5.1,5.1,1.73333333333333,0.333333333333333,3,TRUE,TRUE
2008,2008-04-02,"mating",10157,"M","CH","20.1",0.7,2,"capital","T.0",1.3,20,20.1,1.73333333333333,0.333333333333333,18.2482875908947,TRUE,FALSE
2008,2008-04-02,"mating",13685,"M","CH","13.4",7,2,"capital","M.5",7.1,13.5,13.4,1.73333333333333,0.333333333333333,4.24264068711927,TRUE,TRUE
2008,2008-04-02,"mating",8574,"M","KL","8.8",11.6,2,"capital","H.3",11.6,8.3,8.8,1.73333333333333,0.333333333333333,15,TRUE,FALSE
2008,2008-04-02,"mating",8582,"M","KL","8.8",10.9,3,"income","H.8",10.9,8.8,8.8,1.73333333333333,0.333333333333333,0,TRUE,TRUE
2008,2008-04-02,"mating",8703,"M","KL","10.3",6.7,2,"capital","J.3",6.5,10.3,10.3,1.73333333333333,0.333333333333333,6,TRUE,TRUE
2008,2008-04-02,"mating",10275,"M","KL","6.2",8,2,"capital","F.2",8,6.2,6.2,1.73333333333333,0.333333333333333,0,TRUE,TRUE
2008,2008-04-02,"mating",10474,"M","SU","-1.4",2.9,2,"capital","-1.7",2.3,-1.7,-1.4,1.73333333333333,0.333333333333333,20.1246117974981,TRUE,FALSE
2008,2008-04-03,"mating",8362,"M","CH","15.5",11.3,2,"capital","O.5",11.2,15.5,15.5,1.73333333333333,0.333333333333333,3.00000000000004,TRUE,TRUE
2008,2008-04-05,"mating",8669,"M","CH","7.5",5,2,"capital","F.2",3.9,6.2,7.5,1.73333333333333,0.333333333333333,51.0881590977792,TRUE,FALSE
2008,2008-04-05,"mating",10121,"M","KL","5.0",1,3,"income","E.0",1.3,5,5,1.73333333333333,0.333333333333333,9,TRUE,TRUE
2008,2008-04-07,"mating",10642,"M","KL","2.5",5.5,2,"capital","B.4",5.5,2.4,2.5,1.73333333333333,0.333333333333333,3,TRUE,TRUE
2008,2008-04-08,"mating",10201,"M","CH","16.8",1.8,3,"income","I.0",0.1,9,16.8,1.73333333333333,0.333333333333333,239.493214935204,FALSE,FALSE
2008,2008-04-08,"mating",10161,"M","KL","7.0",20.6,2,"capital","G.1",21.3,7.1,7,1.73333333333333,0.333333333333333,21.2132034355964,TRUE,FALSE
2008,2008-04-10,"mating",10274,"M","KL","-7.6",12.6,2,"capital","-7.0",12,-7,-7.6,1.73333333333333,0.333333333333333,25.4558441227157,TRUE,FALSE
2008,2008-04-13,"mating",10274,"M","KL","-7.3",12.5,2,"capital","-7.0",12,-7,-7.3,1.73333333333333,0.333333333333333,17.4928556845359,TRUE,FALSE
2008,2008-04-14,"mating",8703,"M","KL","10.4",6.3,2,"capital","J.3",6.5,10.3,10.4,1.73333333333333,0.333333333333333,6.70820393249937,TRUE,TRUE
2008,2008-04-15,"mating",10322,"M","KL","-2.6",13,2,"capital","-3.0",12.5,-3,-2.6,1.73333333333333,0.333333333333333,19.2093727122985,TRUE,FALSE
2008,2008-04-15,"mating",10376,"M","KL","12.1",4.1,3,"income","N.0",6,14,12.1,1.73333333333333,0.333333333333333,80.6101730552664,FALSE,FALSE
2008,2008-04-21,"mating",10325,"M","SU","11.3",13.6,3,"income","K.4",15,11.4,11.3,1.73333333333333,0.333333333333333,42.1070065428546,TRUE,FALSE
2008,2008-04-21,"mating",10358,"M","SU","5.9",11.9,3,"income","E.2",11.6,5.2,5.9,1.73333333333333,0.333333333333333,22.8473193175917,TRUE,FALSE
2008,2008-04-21,"mating",10358,"M","SU","4.8",10.7,5,"income","E.2",11.6,5.2,4.8,1.73333333333333,0.333333333333333,29.5465734053883,TRUE,FALSE
2008,2008-04-22,"mating",10322,"M","KL","-3.0",12.5,2,"capital","-3.0",12.5,-3,-3,1.73333333333333,0.333333333333333,0,TRUE,TRUE
2008,2008-04-22,"mating",8597,"M","SU","7.0",10.4,2,"capital","G.0",9.3,7,7,1.73333333333333,0.333333333333333,33,TRUE,FALSE
2008,2008-04-22,"mating",10120,"M","SU","3.4",6.7,2,"capital","D.0",9,4,3.4,1.73333333333333,0.333333333333333,71.3091859440283,FALSE,FALSE
2008,2008-04-23,"mating",10121,"M","KL","5.0",1,2,"capital","E.0",1.3,5,5,1.73333333333333,0.333333333333333,9,TRUE,TRUE
2008,2008-04-23,"mating",10120,"M","SU","3.4",6.7,2,"capital","D.0",9,4,3.4,1.73333333333333,0.333333333333333,71.3091859440283,FALSE,FALSE
2008,2008-04-24,"mating",8728,"M","KL","-5.5",12.5,2,"capital","-5.0",12,-5,-5.5,1.73333333333333,0.333333333333333,21.2132034355964,TRUE,FALSE
2008,2008-04-24,"mating",8729,"M","KL","-2.0",6.8,2,"capital","-2.0",6.7,-2,-2,1.73333333333333,0.333333333333333,2.99999999999999,TRUE,TRUE
2008,2008-04-24,"mating",10212,"M","KL","-5.4",9,2,"capital","-5.0",9,-5,-5.4,1.73333333333333,0.333333333333333,12,TRUE,TRUE
2008,2008-04-24,"mating",8603,"M","SU","9.6",8.5,2,"capital","J.1",9.2,10.1,9.6,1.73333333333333,0.333333333333333,25.8069758011279,TRUE,FALSE
2008,2008-04-24,"mating",10115,"M","SU","13.1",5.3,3,"income","M.0",4.5,13,13.1,1.73333333333333,0.333333333333333,24.1867732448956,TRUE,FALSE
2008,2008-04-24,"mating",16199,"M","SU","7.8",1.3,2,"capital","G.5",1.2,7.5,7.8,1.73333333333333,0.333333333333333,9.48683298050513,TRUE,TRUE
2008,2008-04-26,"mating",10296,"M","SU","17.6",7,2,"capital","Q.3",7,17.3,17.6,1.73333333333333,0.333333333333333,9.00000000000002,TRUE,TRUE
2009,2009-03-25,"mating",10116,"M","SU","21.3",6.8,2,"capital","U.5",7,21.5,21.3,1.73333333333333,0.333333333333333,8.48528137423856,TRUE,TRUE
2009,2009-03-25,"mating",10116,"M","SU","21.3",6.8,2,"capital","U.5",7,21.5,21.3,1.73333333333333,0.333333333333333,8.48528137423856,TRUE,TRUE
2009,2009-03-31,"mating",10341,"M","KL","7.1",3.5,2,"capital","G.0",3.5,7,7.1,1.73333333333333,0.333333333333333,2.99999999999999,TRUE,TRUE
2009,2009-04-01,"mating",10121,"M","KL","5.2",1,2,"capital","E.0",1.3,5,5.2,1.73333333333333,0.333333333333333,10.816653826392,TRUE,TRUE
2009,2009-04-01,"mating",10141,"M","SU","3.9",6.6,2,"capital","C.7",6.4,3.7,3.9,1.73333333333333,0.333333333333333,8.48528137423855,TRUE,TRUE
2009,2009-04-01,"mating",10141,"M","SU","3.9",6.6,2,"capital","C.7",6.4,3.7,3.9,1.73333333333333,0.333333333333333,8.48528137423855,TRUE,TRUE
2009,2009-04-04,"mating",10249,"M","CH","6.1",10.9,2,"capital","C.1",10.4,3.1,6.1,1.73333333333333,0.333333333333333,91.2414379544733,FALSE,FALSE
2009,2009-04-04,"mating",10212,"M","KL","-5.3",8.9,2,"capital","-5.0",9,-5,-5.3,1.73333333333333,0.333333333333333,9.48683298050513,TRUE,TRUE
2009,2009-04-13,"mating",10814,"M","CH","17.8",0.2,2,"capital","R.0",0,18,17.8,1.73333333333333,0.333333333333333,8.48528137423856,TRUE,TRUE
2009,2009-04-16,"mating",10178,"M","KL","2.7",10.5,2,"capital","B.6",10.5,2.6,2.7,1.73333333333333,0.333333333333333,3,TRUE,TRUE
2009,2009-04-16,"mating",11161,"M","KL","4.1",7.1,2,"capital","D.0",7,4,4.1,1.73333333333333,0.333333333333333,4.24264068711927,TRUE,TRUE
2009,2009-04-28,"mating",13656,"M","SU","3.5",12,2,"capital","B.6",10.7,2.6,3.5,1.73333333333333,0.333333333333333,47.4341649025257,TRUE,FALSE
2009,2009-04-28,"mating",13656,"M","SU","3.5",12,2,"capital","B.6",10.7,2.6,3.5,1.73333333333333,0.333333333333333,47.4341649025257,TRUE,FALSE
2009,2009-04-29,"mating",10341,"M","KL","7.0",3.6,3,"income","G.0",3.5,7,7,1.73333333333333,0.333333333333333,3,TRUE,TRUE
2009,2009-04-30,"mating",11178,"M","CH","8.8",4,2,"capital","I.0",4,9,8.8,1.73333333333333,0.333333333333333,5.99999999999998,TRUE,TRUE
2010,2010-03-30,"mating",10782,"M","KL","6.1",6.5,2,"capital","F.0",6.5,6,6.1,1.73333333333333,0.333333333333333,2.99999999999999,TRUE,TRUE
2010,2010-03-30,"mating",10784,"M","KL","7.0",3.7,2,"capital","0.5",14,0.5,7,1.73333333333333,0.333333333333333,365.384728744922,FALSE,FALSE
2010,2010-03-30,"mating",11281,"M","KL","7.0",3.6,2,"capital","G.0",3.5,7,7,1.73333333333333,0.333333333333333,3,TRUE,TRUE
2010,2010-04-04,"mating",11266,"M","KL","12.0",5.9,2,"capital","K.0",7.5,11,12,1.73333333333333,0.333333333333333,56.6038867923396,FALSE,FALSE
2010,2010-04-07,"mating",10275,"M","KL","5.8",8.2,2,"capital","F.2",8,6.2,5.8,1.73333333333333,0.333333333333333,13.4164078649987,TRUE,FALSE
2010,2010-04-07,"mating",10782,"M","KL","6.1",6.4,2,"capital","F.0",6.5,6,6.1,1.73333333333333,0.333333333333333,4.24264068711927,TRUE,TRUE
2010,2010-04-07,"mating",11266,"M","KL","12.5",1,2,"capital","K.0",7.5,11,12.5,1.73333333333333,0.333333333333333,200.124960961895,FALSE,FALSE
2010,2010-04-07,"mating",11266,"M","KL","12.8",0.7,2,"capital","K.0",7.5,11,12.8,1.73333333333333,0.333333333333333,211.026064740828,FALSE,FALSE
2010,2010-04-10,"mating",12139,"M","SU","11.5",6.3,3,"income","M.0",4.5,13,11.5,1.73333333333333,0.333333333333333,70.2922470831599,FALSE,FALSE
2010,2010-04-13,"mating",10939,"M","KL","-0.4",12.1,2,"capital","B.6",10.5,2.6,-0.4,1.73333333333333,0.333333333333333,102,FALSE,FALSE
2010,2010-04-13,"mating",11324,"M","KL","2.3",1.9,2,"capital","G.1",10.5,7.1,2.3,1.73333333333333,0.333333333333333,295.465734053883,FALSE,FALSE
2010,2010-04-15,"mating",11266,"M","KL","8.7",3.2,2,"capital","K.0",7.5,11,8.7,1.73333333333333,0.333333333333333,146.294224082839,FALSE,FALSE
2010,2010-04-24,"mating",11078,"M","SU","17.8",1.7,2,"capital","O.9",3,15.9,17.8,1.73333333333333,0.333333333333333,69.065186599328,FALSE,FALSE
2010,2010-04-27,"mating",11460,"M","KL","12.4",11,2,"capital","H.8",10.9,8.8,12.4,1.73333333333333,0.333333333333333,108.041658632215,FALSE,FALSE
2010,2010-04-29,"mating",10871,"M","KL","13.4",10.3,3,"income","K.9",9.8,11.9,13.4,1.73333333333333,0.333333333333333,47.4341649025257,TRUE,FALSE
2010,2010-04-29,"mating",11201,"M","KL","15.1",1.5,2,"capital","J.1",11,10.1,15.1,1.73333333333333,0.333333333333333,322.063658303758,FALSE,FALSE
2010,2010-04-29,"mating",11266,"M","KL","11.0",7.8,2,"capital","K.0",7.5,11,11,1.73333333333333,0.333333333333333,9,TRUE,TRUE
2010,2010-04-29,"mating",11281,"M","KL","7.0",3.4,2,"capital","G.0",3.5,7,7,1.73333333333333,0.333333333333333,3,TRUE,TRUE
2011,2011-03-18,"mating",12364,"M","KL","8.8",12.2,2,"capital","J.1",11,10.1,8.8,1.73333333333333,0.333333333333333,53.0754180388624,FALSE,FALSE
2011,2011-03-20,"mating",12364,"M","KL","10.1",11.3,2,"capital","J.1",11,10.1,10.1,1.73333333333333,0.333333333333333,9.00000000000002,TRUE,TRUE
2011,2011-03-23,"mating",10531,"M","KL","5.8",6.4,2,"capital","F.0",6.5,6,5.8,1.73333333333333,0.333333333333333,6.70820393249937,TRUE,TRUE
2011,2011-03-24,"mating",11460,"M","KL","8.7",3.1,2,"capital","H.7",3.4,8.7,8.7,1.73333333333333,0.333333333333333,9,TRUE,TRUE
2011,2011-03-27,"mating",10042,"M","KL","8.3",6.2,3,"income","H.3",6.2,8.3,8.3,1.73333333333333,0.333333333333333,0,TRUE,TRUE
2011,2011-03-27,"mating",10042,"M","KL","8.5",6.2,2,"capital","H.3",6.2,8.3,8.5,1.73333333333333,0.333333333333333,5.99999999999998,TRUE,TRUE
2011,2011-03-27,"mating",12657,"M","KL","11.0",6,2,"capital","J.3",6.5,10.3,11,1.73333333333333,0.333333333333333,25.8069758011279,TRUE,FALSE
2011,2011-03-27,"mating",13039,"M","KL","7.4",4.7,2,"capital","G.0",3.5,7,7.4,1.73333333333333,0.333333333333333,37.9473319220206,TRUE,FALSE
2011,2011-03-29,"mating",10042,"M","KL","9.2",6.2,2,"capital","H.3",6.2,8.3,9.2,1.73333333333333,0.333333333333333,27,TRUE,FALSE
2011,2011-03-31,"mating",10042,"M","KL","8.3",6.5,2,"capital","H.3",6.2,8.3,8.3,1.73333333333333,0.333333333333333,9,TRUE,TRUE
2011,2011-04-03,"mating",10042,"M","KL","8.6",6.2,2,"capital","H.3",6.2,8.3,8.6,1.73333333333333,0.333333333333333,8.99999999999997,TRUE,TRUE
2014,2014-03-20,"mating",12027,"M","SU","0.3",17.3,5,"income","D.1",14.8,4.1,0.3,1.73333333333333,0.333333333333333,136.45878498653,FALSE,FALSE
2014,2014-03-26,"mating",19832,"M","SU","O.5",11,2,"capital","Q.1",10.8,17.1,15.5,1.73333333333333,0.333333333333333,48.3735464897913,TRUE,FALSE
2014,2014-04-01,"mating",19516,"M","KL","-7.3",6.2,2,"capital","-7.5",6.2,-7.5,-7.3,1.73333333333333,0.333333333333333,6,TRUE,TRUE
2014,2014-04-05,"mating",13466,"M","KL","-1.2",10.2,2,"capital","-1.1",10.2,-1.1,-1.2,1.73333333333333,0.333333333333333,3,TRUE,TRUE
2014,2014-04-05,"mating",19565,"M","KL","A.0",5.4,2,"capital","A.0",5.5,1,1,1.73333333333333,0.333333333333333,2.99999999999999,TRUE,TRUE
2014,2014-04-06,"mating",13466,"M","KL","-1.1",9.8,2,"capital","-1.1",10.2,-1.1,-1.1,1.73333333333333,0.333333333333333,12,TRUE,TRUE
2014,2014-03-08,"mating",12364,"M","KL","J.3",11.3,2,"capital","J.1",11,10.1,10.3,1.73333333333333,0.333333333333333,10.816653826392,TRUE,TRUE
2014,2014-03-16,"mating",13048,"M","KL","J.1",0.2,3,"income","C.0",2.5,3,10.1,1.73333333333333,0.333333333333333,223.897297884543,FALSE,FALSE
2014,2014-04-06,"mating",12363,"M","KL","G.9",14.8,2,"capital","H.0",15,8,7.9,1.73333333333333,0.333333333333333,6.70820393249935,TRUE,TRUE
2014,2014-04-10,"mating",12576,"M","KL","0.0",5,2,"capital","0.0",5,0,0,1.73333333333333,0.333333333333333,0,TRUE,TRUE
2014,2014-04-10,"mating",19882,"M","KL","H.0",12,2,"capital","H.0",12,8,8,1.73333333333333,0.333333333333333,0,TRUE,TRUE
2014,2014-04-12,"mating",11979,"M","SU","O.2",11.1,2,"capital","K.5",8,11.5,15.2,1.73333333333333,0.333333333333333,144.810220633766,FALSE,FALSE
2014,2014-04-14,"mating",11534,"M","SU","B.1",3,2,"capital","B.3",3,2.3,2.1,1.73333333333333,0.333333333333333,5.99999999999999,TRUE,TRUE
2014,2014-04-14,"mating",12364,"M","KL","I.2",11,6,"income","J.1",11,10.1,9.2,1.73333333333333,0.333333333333333,27,TRUE,FALSE
2014,2014-04-16,"mating",19791,"M","KL","E.0",1.1,2,"capital","E.0",1.3,5,5,1.73333333333333,0.333333333333333,6,TRUE,TRUE
2014,2014-04-17,"mating",13385,"M","SU","K.0",11,3,"income","L.5",12,12.5,11,1.73333333333333,0.333333333333333,54.0832691319598,FALSE,FALSE
2014,2014-04-19,"mating",12363,"M","KL","G.8",14.9,2,"capital","H.0",15,8,7.8,1.73333333333333,0.333333333333333,6.70820393249937,TRUE,TRUE
2014,2014-04-19,"mating",13048,"M","KL","L.0",0.3,2,"capital","C.0",2.5,3,12,1.73333333333333,0.333333333333333,277.949635725611,FALSE,FALSE
2014,2014-04-19,"mating",13179,"M","KL","K.6",0.5,2,"capital","N.0",8.7,14,11.6,1.73333333333333,0.333333333333333,256.320112359526,FALSE,FALSE
2014,2014-04-19,"mating",19599,"M","KL","-4.7",11.8,3,"income","-5.0",12,-5,-4.7,1.73333333333333,0.333333333333333,10.816653826392,TRUE,TRUE
2014,2014-04-19,"mating",19748,"M","KL","D.2",7.3,2,"capital","-5.0",9,-5,4.2,1.73333333333333,0.333333333333333,280.672406908837,FALSE,FALSE
2014,2014-04-20,"mating",19880,"M","KL","J.3",1.1,23,"income","J.0",1,10,10.3,1.73333333333333,0.333333333333333,9.48683298050516,TRUE,TRUE
2014,2014-04-20,"mating",19880,"M","KL","I.2",1.2,23,"income","J.0",1,10,9.2,1.73333333333333,0.333333333333333,24.738633753706,TRUE,FALSE
2014,2014-04-26,"mating",19840,"M","SU","B.0",15.4,2,"capital","B.0",15.5,2,2,1.73333333333333,0.333333333333333,2.99999999999999,TRUE,TRUE
2014,2014-04-26,"mating",19880,"M","KL","J.0",-0.1,3,"income","J.0",1,10,10,1.73333333333333,0.333333333333333,33,TRUE,FALSE
2014,2014-04-26,"mating",19880,"M","KL","K.6",0.4,2,"capital","J.0",1,10,11.6,1.73333333333333,0.333333333333333,51.2640224719052,TRUE,FALSE
2014,2014-04-26,"mating",19880,"M","KL","I.4",1.2,2,"capital","J.0",1,10,9.4,1.73333333333333,0.333333333333333,18.9736659610103,TRUE,FALSE
2014,2014-04-27,"mating",19815,"M","KL","C.1",12.8,2,"capital","C.0",13,3,3.1,1.73333333333333,0.333333333333333,6.70820393249935,TRUE,TRUE
2014,2014-04-27,"mating",19882,"M","KL","D.6",5.4,2,"capital","H.0",12,8,4.6,1.73333333333333,0.333333333333333,222.728534319247,FALSE,FALSE
2014,2014-04-29,"mating",19880,"M","KL","D.6",5.3,2,"capital","J.0",1,10,4.6,1.73333333333333,0.333333333333333,207.086938265068,FALSE,FALSE
2014,2014-04-29,"mating",19565,"M","KL","A.1",5.5,2,"capital","A.0",5.5,1,1.1,1.73333333333333,0.333333333333333,3,TRUE,TRUE
2014,2014-04-30,"mating",12363,"M","KL","G.7",14.9,2,"capital","H.0",15,8,7.7,1.73333333333333,0.333333333333333,9.48683298050513,TRUE,TRUE
2014,2014-04-30,"mating",19537,"M","SU","I.2",1.4,2,"capital","A.8",5.7,1.8,9.2,1.73333333333333,0.333333333333333,256.758641529355,FALSE,FALSE
2014,2014-04-02,"mating",12576,"M","KL","-0.1",5.1,2,"capital","0.0",5,0,-0.1,1.73333333333333,0.333333333333333,4.24264068711928,TRUE,TRUE
2014,2014-04-02,"mating",12576,"M","KL","-0.1",5.1,2,"capital","0.0",5,0,-0.1,1.73333333333333,0.333333333333333,4.24264068711928,TRUE,TRUE
2014,2014-04-02,"mating",12576,"M","KL","-0.1",5.1,2,"capital","0.0",5,0,-0.1,1.73333333333333,0.333333333333333,4.24264068711928,TRUE,TRUE
2014,2014-04-02,"mating",13466,"M","KL","-1.1",10.4,3,"income","-1.1",10.2,-1.1,-1.1,1.73333333333333,0.333333333333333,6.00000000000003,TRUE,TRUE
2014,2014-04-02,"mating",19565,"M","KL","0.9",5.6,2,"capital","A.0",5.5,1,0.9,1.73333333333333,0.333333333333333,4.24264068711928,TRUE,TRUE
2014,2014-04-02,"mating",19791,"M","KL","E.0",1.1,2,"capital","E.0",1.3,5,5,1.73333333333333,0.333333333333333,6,TRUE,TRUE
2014,2014-04-02,"mating",19791,"M","KL","E.2",1.2,2,"capital","E.0",1.3,5,5.2,1.73333333333333,0.333333333333333,6.70820393249937,TRUE,TRUE
2014,2014-04-02,"mating",19815,"M","KL","C.3",9.8,2,"capital","C.0",13,3,3.3,1.73333333333333,0.333333333333333,96.4209520799292,FALSE,FALSE
2014,2014-04-02,"mating",19815,"M","KL","C.6",8.8,3,"income","C.0",13,3,3.6,1.73333333333333,0.333333333333333,127.279220613579,FALSE,FALSE
2014,2014-04-27,"mating",19565,"M","KL","A.2",5.5,2,"capital","A.0",5.5,1,1.2,1.73333333333333,0.333333333333333,6,TRUE,TRUE
2014,2014-04-17,"mating",19599,"M","KL","-4.7",11.9,2,"capital","-5.0",12,-5,-4.7,1.73333333333333,0.333333333333333,9.48683298050513,TRUE,TRUE
2014,2014-04-22,"mating",19748,"M","KL","0.8",7.9,2,"capital","-5.0",9,-5,0.8,1.73333333333333,0.333333333333333,177.101665717745,FALSE,FALSE
2014,2014-04-19,"mating",19882,"M","KL","H.2",12.2,2,"capital","H.0",12,8,8.2,1.73333333333333,0.333333333333333,8.48528137423854,TRUE,TRUE
2014,2014-02-14,"mating",12364,"M","KL","J.0",11.3,2,"capital","J.1",11,10.1,10,1.73333333333333,0.333333333333333,9.48683298050515,TRUE,TRUE
2014,2014-02-14,"mating",12825,"M","KL","F.9",5.3,2,"capital","G.0",5,7,6.9,1.73333333333333,0.333333333333333,9.48683298050513,TRUE,TRUE
2014,2014-02-15,"mating",12705,"M","KL","G.3",10.4,2,"capital","G.1",10.5,7.1,7.3,1.73333333333333,0.333333333333333,6.70820393249937,TRUE,TRUE
2014,2014-02-15,"mating",12705,"M","KL","G.2",10.2,2,"capital","G.1",10.5,7.1,7.2,1.73333333333333,0.333333333333333,9.48683298050516,TRUE,TRUE
2014,2014-02-15,"mating",12825,"M","KL","F.8",5.2,2,"capital","G.0",5,7,6.8,1.73333333333333,0.333333333333333,8.48528137423858,TRUE,TRUE
2014,2014-02-15,"mating",12705,"M","KL","G.2",10.6,2,"capital","G.1",10.5,7.1,7.2,1.73333333333333,0.333333333333333,4.24264068711929,TRUE,TRUE
2014,2014-02-15,"mating",12705,"M","KL","G.1",10.5,2,"capital","G.1",10.5,7.1,7.1,1.73333333333333,0.333333333333333,0,TRUE,TRUE
2014,2014-02-15,"mating",12705,"M","KL","G.1",10.5,2,"capital","G.1",10.5,7.1,7.1,1.73333333333333,0.333333333333333,0,TRUE,TRUE
2014,2014-02-15,"mating",12825,"M","KL","G.2",5.2,2,"capital","G.0",5,7,7.2,1.73333333333333,0.333333333333333,8.48528137423858,TRUE,TRUE
2014,2014-02-15,"mating",13048,"M","KL","C.2",2.6,2,"capital","C.0",2.5,3,3.2,1.73333333333333,0.333333333333333,6.70820393249937,TRUE,TRUE
2014,2014-02-15,"mating",12364,"M","KL","J.1",11.5,2,"capital","J.1",11,10.1,10.1,1.73333333333333,0.333333333333333,15,TRUE,FALSE
2014,2014-02-15,"mating",13466,"M","KL","-1.3",10.3,2,"capital","-1.1",10.2,-1.1,-1.3,1.73333333333333,0.333333333333333,6.70820393249939,TRUE,TRUE
2014,2014-02-15,"mating",12236,"M","KL","D.5",11,2,"capital","D.9",10.9,4.9,4.5,1.73333333333333,0.333333333333333,12.369316876853,TRUE,TRUE
2014,2014-02-15,"mating",12678,"M","KL","B.6",10.5,2,"capital","B.6",10.5,2.6,2.6,1.73333333333333,0.333333333333333,0,TRUE,TRUE
2014,2014-02-16,"mating",12705,"M","KL","G.1",10.5,2,"capital","G.1",10.5,7.1,7.1,1.73333333333333,0.333333333333333,0,TRUE,TRUE
2014,2014-02-16,"mating",13179,"M","KL","N.0",8.5,2,"capital","N.0",8.7,14,14,1.73333333333333,0.333333333333333,5.99999999999998,TRUE,TRUE
2014,2014-02-16,"mating",12364,"M","KL","J.2",11.2,2,"capital","J.1",11,10.1,10.2,1.73333333333333,0.333333333333333,6.70820393249935,TRUE,TRUE
2014,2014-02-16,"mating",11983,"M","KL","J.5",19,2,"capital","J.7",19,10.7,10.5,1.73333333333333,0.333333333333333,5.99999999999998,TRUE,TRUE
2014,2014-02-16,"mating",12705,"M","KL","G.1",10.5,2,"capital","G.1",10.5,7.1,7.1,1.73333333333333,0.333333333333333,0,TRUE,TRUE
2014,2014-02-16,"mating",12825,"M","KL","F.9",5.2,2,"capital","G.0",5,7,6.9,1.73333333333333,0.333333333333333,6.70820393249937,TRUE,TRUE
2014,2014-02-16,"mating",11983,"M","KL","J.5",19,2,"capital","J.7",19,10.7,10.5,1.73333333333333,0.333333333333333,5.99999999999998,TRUE,TRUE
2014,2014-02-16,"mating",12825,"M","KL","F.9",5.2,2,"capital","G.0",5,7,6.9,1.73333333333333,0.333333333333333,6.70820393249937,TRUE,TRUE
2014,2014-02-16,"mating",19565,"M","KL","A.0",5.5,2,"capital","A.0",5.5,1,1,1.73333333333333,0.333333333333333,0,TRUE,TRUE
2014,2014-02-17,"mating",12364,"M","KL","J.1",11.6,2,"capital","J.1",11,10.1,10.1,1.73333333333333,0.333333333333333,18,TRUE,FALSE
2014,2014-02-17,"mating",12364,"M","KL","J.4",11.6,2,"capital","J.1",11,10.1,10.4,1.73333333333333,0.333333333333333,20.1246117974981,TRUE,FALSE
2014,2014-02-17,"mating",12364,"M","KL","J.3",11.6,2,"capital","J.1",11,10.1,10.3,1.73333333333333,0.333333333333333,18.9736659610103,TRUE,FALSE
2014,2014-02-17,"mating",12705,"M","KL","G.2",10.5,2,"capital","G.1",10.5,7.1,7.2,1.73333333333333,0.333333333333333,3.00000000000002,TRUE,TRUE
2014,2014-02-17,"mating",19565,"M","KL","A.1",5.5,2,"capital","A.0",5.5,1,1.1,1.73333333333333,0.333333333333333,3,TRUE,TRUE
2014,2014-02-17,"mating",13048,"M","KL","C.2",2.4,2,"capital","C.0",2.5,3,3.2,1.73333333333333,0.333333333333333,6.70820393249937,TRUE,TRUE
2014,2014-02-17,"mating",12825,"M","KL","F.9",5.2,2,"capital","G.0",5,7,6.9,1.73333333333333,0.333333333333333,6.70820393249937,TRUE,TRUE
2014,2014-02-18,"mating",13179,"M","KL","N.0",8.5,2,"capital","N.0",8.7,14,14,1.73333333333333,0.333333333333333,5.99999999999998,TRUE,TRUE
2014,2014-02-18,"mating",12825,"M","KL","F.9",5.2,2,"capital","G.0",5,7,6.9,1.73333333333333,0.333333333333333,6.70820393249937,TRUE,TRUE
2014,2014-02-18,"mating",13048,"M","KL","C.1",2.3,2,"capital","C.0",2.5,3,3.1,1.73333333333333,0.333333333333333,6.70820393249937,TRUE,TRUE
2014,2014-02-19,"mating",12364,"M","KL","J.2",11.2,2,"capital","J.1",11,10.1,10.2,1.73333333333333,0.333333333333333,6.70820393249935,TRUE,TRUE
2014,2014-02-19,"mating",11983,"M","KL","J.7",18.9,2,"capital","J.7",19,10.7,10.7,1.73333333333333,0.333333333333333,3.00000000000004,TRUE,TRUE
2014,2014-02-19,"mating",11983,"M","KL","J.7",18.9,2,"capital","J.7",19,10.7,10.7,1.73333333333333,0.333333333333333,3.00000000000004,TRUE,TRUE
2014,2014-02-19,"mating",12236,"M","KL","D.8",11,2,"capital","D.9",10.9,4.9,4.8,1.73333333333333,0.333333333333333,4.24264068711929,TRUE,TRUE
2014,2014-02-19,"mating",12364,"M","KL","J.1",11.3,3,"income","J.1",11,10.1,10.1,1.73333333333333,0.333333333333333,9.00000000000002,TRUE,TRUE
2014,2014-02-19,"mating",12236,"M","KL","D.8",10.9,2,"capital","D.9",10.9,4.9,4.8,1.73333333333333,0.333333333333333,3.00000000000002,TRUE,TRUE
2014,2014-02-19,"mating",12364,"M","KL","J.2",11.2,3,"income","J.1",11,10.1,10.2,1.73333333333333,0.333333333333333,6.70820393249935,TRUE,TRUE
2014,2014-02-19,"mating",13466,"M","KL","-1.2",10.3,2,"capital","-1.1",10.2,-1.1,-1.2,1.73333333333333,0.333333333333333,4.24264068711931,TRUE,TRUE
2014,2014-02-19,"mating",12825,"M","KL","G.1",5.2,2,"capital","G.0",5,7,7.1,1.73333333333333,0.333333333333333,6.70820393249937,TRUE,TRUE
2014,2014-02-19,"mating",12825,"M","KL","F.9",5.3,2,"capital","G.0",5,7,6.9,1.73333333333333,0.333333333333333,9.48683298050513,TRUE,TRUE
2014,2014-02-19,"mating",12705,"M","KL","G.1",10.5,2,"capital","G.1",10.5,7.1,7.1,1.73333333333333,0.333333333333333,0,TRUE,TRUE
2014,2014-02-19,"mating",13179,"M","KL","N.0",8.6,2,"capital","N.0",8.7,14,14,1.73333333333333,0.333333333333333,2.99999999999999,TRUE,TRUE
2014,2014-02-19,"mating",12825,"M","KL","F.9",5.2,2,"capital","G.0",5,7,6.9,1.73333333333333,0.333333333333333,6.70820393249937,TRUE,TRUE
2014,2014-02-19,"mating",12705,"M","KL","G.1",10.5,2,"capital","G.1",10.5,7.1,7.1,1.73333333333333,0.333333333333333,0,TRUE,TRUE
2014,2014-02-21,"mating",13048,"M","KL","C.1",2.3,2,"capital","C.0",2.5,3,3.1,1.73333333333333,0.333333333333333,6.70820393249937,TRUE,TRUE
2014,2014-02-21,"mating",19748,"M","KL","-5.4",8.9,2,"capital","-5.0",9,-5,-5.4,1.73333333333333,0.333333333333333,12.369316876853,TRUE,TRUE
2014,2014-02-21,"mating",19565,"M","KL","A.0",5.6,2,"capital","A.0",5.5,1,1,1.73333333333333,0.333333333333333,2.99999999999999,TRUE,TRUE
2014,2014-02-21,"mating",19748,"M","KL","-5.4",8.8,2,"capital","-5.0",9,-5,-5.4,1.73333333333333,0.333333333333333,13.4164078649987,TRUE,FALSE
2014,2014-02-21,"mating",13048,"M","KL","C.1",2.6,2,"capital","C.0",2.5,3,3.1,1.73333333333333,0.333333333333333,4.24264068711929,TRUE,TRUE
2014,2014-02-21,"mating",13048,"M","KL","C.1",2.7,2,"capital","C.0",2.5,3,3.1,1.73333333333333,0.333333333333333,6.70820393249937,TRUE,TRUE
2014,2014-02-21,"mating",12705,"M","KL","G.1",10.4,2,"capital","G.1",10.5,7.1,7.1,1.73333333333333,0.333333333333333,2.99999999999999,TRUE,TRUE
2014,2014-02-21,"mating",12705,"M","KL","G.1",10.4,2,"capital","G.1",10.5,7.1,7.1,1.73333333333333,0.333333333333333,2.99999999999999,TRUE,TRUE
2014,2014-02-21,"mating",12705,"M","KL","G.1",10.4,2,"capital","G.1",10.5,7.1,7.1,1.73333333333333,0.333333333333333,2.99999999999999,TRUE,TRUE
2014,2014-02-21,"mating",13179,"M","KL","M.9",8.8,2,"capital","N.0",8.7,14,13.9,1.73333333333333,0.333333333333333,4.24264068711931,TRUE,TRUE
2014,2014-02-21,"mating",12236,"M","KL","D.7",10.9,2,"capital","D.9",10.9,4.9,4.7,1.73333333333333,0.333333333333333,6,TRUE,TRUE
2014,2014-02-21,"mating",12678,"M","KL","B.7",10.9,2,"capital","B.6",10.5,2.6,2.7,1.73333333333333,0.333333333333333,12.369316876853,TRUE,TRUE
2014,2014-02-21,"mating",11983,"M","KL","J.6",18.9,2,"capital","J.7",19,10.7,10.6,1.73333333333333,0.333333333333333,4.24264068711931,TRUE,TRUE
2014,2014-02-22,"mating",13179,"M","KL","N.0",8.7,2,"capital","N.0",8.7,14,14,1.73333333333333,0.333333333333333,0,TRUE,TRUE
2014,2014-02-22,"mating",12705,"M","KL","F.8",10.5,3,"income","G.1",10.5,7.1,6.8,1.73333333333333,0.333333333333333,9,TRUE,TRUE
2014,2014-02-22,"mating",13179,"M","KL","M.9",8.7,2,"capital","N.0",8.7,14,13.9,1.73333333333333,0.333333333333333,2.99999999999999,TRUE,TRUE
2014,2014-02-22,"mating",12705,"M","KL","F.7",10.5,3,"income","G.1",10.5,7.1,6.7,1.73333333333333,0.333333333333333,12,TRUE,TRUE
2014,2014-02-22,"mating",13179,"M","KL","M.9",8.5,2,"capital","N.0",8.7,14,13.9,1.73333333333333,0.333333333333333,6.70820393249935,TRUE,TRUE
2014,2014-02-22,"mating",13048,"M","KL","C.3",2.5,2,"capital","C.0",2.5,3,3.3,1.73333333333333,0.333333333333333,9,TRUE,TRUE
2014,2014-02-22,"mating",19565,"M","KL","A.0",5.3,2,"capital","A.0",5.5,1,1,1.73333333333333,0.333333333333333,6,TRUE,TRUE
2014,2014-02-22,"mating",13048,"M","KL","C.3",2.5,2,"capital","C.0",2.5,3,3.3,1.73333333333333,0.333333333333333,9,TRUE,TRUE
2014,2014-02-22,"mating",19565,"M","KL","A.1",5.5,2,"capital","A.0",5.5,1,1.1,1.73333333333333,0.333333333333333,3,TRUE,TRUE
2014,2014-02-22,"mating",19565,"M","KL","A.1",5.5,2,"capital","A.0",5.5,1,1.1,1.73333333333333,0.333333333333333,3,TRUE,TRUE
2014,2014-02-22,"mating",12576,"M","KL","0.0",4.9,2,"capital","0.0",5,0,0,1.73333333333333,0.333333333333333,2.99999999999999,TRUE,TRUE
2014,2014-02-22,"mating",12236,"M","KL","E.0",11.1,2,"capital","D.9",10.9,4.9,5,1.73333333333333,0.333333333333333,6.70820393249935,TRUE,TRUE
2014,2014-02-22,"mating",12364,"M","KL","J.2",11.6,2,"capital","J.1",11,10.1,10.2,1.73333333333333,0.333333333333333,18.2482875908946,TRUE,FALSE
2014,2014-02-22,"mating",12364,"M","KL","J.1",11.6,2,"capital","J.1",11,10.1,10.1,1.73333333333333,0.333333333333333,18,TRUE,FALSE
2014,2014-02-23,"mating",12364,"M","KL","J.1",11.3,2,"capital","J.1",11,10.1,10.1,1.73333333333333,0.333333333333333,9.00000000000002,TRUE,TRUE
2014,2014-02-23,"mating",12236,"M","KL","E.0",11,2,"capital","D.9",10.9,4.9,5,1.73333333333333,0.333333333333333,4.24264068711927,TRUE,TRUE
2014,2014-02-23,"mating",12236,"M","KL","D.8",11,2,"capital","D.9",10.9,4.9,4.8,1.73333333333333,0.333333333333333,4.24264068711929,TRUE,TRUE
2014,2014-02-23,"mating",19874,"M","KL","I.7",13.9,3,"income","J.0",14,10,9.7,1.73333333333333,0.333333333333333,9.48683298050515,TRUE,TRUE
2014,2014-02-23,"mating",11983,"M","KL","J.7",18.8,2,"capital","J.7",19,10.7,10.7,1.73333333333333,0.333333333333333,5.99999999999998,TRUE,TRUE
2014,2014-02-23,"mating",12236,"M","KL","E.0",11,3,"income","D.9",10.9,4.9,5,1.73333333333333,0.333333333333333,4.24264068711927,TRUE,TRUE
2014,2014-02-23,"mating",12364,"M","KL","J.0",11.2,2,"capital","J.1",11,10.1,10,1.73333333333333,0.333333333333333,6.70820393249935,TRUE,TRUE
2014,2014-02-23,"mating",12236,"M","KL","D.8",11,2,"capital","D.9",10.9,4.9,4.8,1.73333333333333,0.333333333333333,4.24264068711929,TRUE,TRUE
2014,2014-02-23,"mating",12364,"M","KL","J.0",11.2,2,"capital","J.1",11,10.1,10,1.73333333333333,0.333333333333333,6.70820393249935,TRUE,TRUE
2014,2014-02-23,"mating",19874,"M","KL","I.7",13.9,3,"income","J.0",14,10,9.7,1.73333333333333,0.333333333333333,9.48683298050515,TRUE,TRUE
2014,2014-02-23,"mating",12236,"M","KL","D.8",11,2,"capital","D.9",10.9,4.9,4.8,1.73333333333333,0.333333333333333,4.24264068711929,TRUE,TRUE
2014,2014-02-23,"mating",12364,"M","KL","J.0",11.2,2,"capital","J.1",11,10.1,10,1.73333333333333,0.333333333333333,6.70820393249935,TRUE,TRUE
2014,2014-02-23,"mating",19874,"M","KL","J.0",14.1,2,"capital","J.0",14,10,10,1.73333333333333,0.333333333333333,2.99999999999999,TRUE,TRUE
2014,2014-02-23,"mating",12236,"M","KL","E.0",10.9,2,"capital","D.9",10.9,4.9,5,1.73333333333333,0.333333333333333,2.99999999999999,TRUE,TRUE
2014,2014-02-23,"mating",12678,"M","KL","B.4",10.3,2,"capital","B.6",10.5,2.6,2.4,1.73333333333333,0.333333333333333,8.48528137423856,TRUE,TRUE
2014,2014-02-23,"mating",19874,"M","KL","J.0",14.2,2,"capital","J.0",14,10,10,1.73333333333333,0.333333333333333,5.99999999999998,TRUE,TRUE
2014,2014-02-23,"mating",19748,"M","KL","-5.2",9,2,"capital","-5.0",9,-5,-5.2,1.73333333333333,0.333333333333333,6,TRUE,TRUE
2014,2014-02-23,"mating",13048,"M","KL","C.2",2.2,2,"capital","C.0",2.5,3,3.2,1.73333333333333,0.333333333333333,10.816653826392,TRUE,TRUE
2014,2014-02-23,"mating",19748,"M","KL","-5.2",8.8,2,"capital","-5.0",9,-5,-5.2,1.73333333333333,0.333333333333333,8.48528137423856,TRUE,TRUE
2014,2014-02-23,"mating",13048,"M","KL","C.2",2.3,2,"capital","C.0",2.5,3,3.2,1.73333333333333,0.333333333333333,8.48528137423858,TRUE,TRUE
2014,2014-02-23,"mating",13048,"M","KL","C.2",2.3,2,"capital","C.0",2.5,3,3.2,1.73333333333333,0.333333333333333,8.48528137423858,TRUE,TRUE
2014,2014-02-23,"mating",13466,"M","KL","-1.3",7.1,2,"capital","-1.1",10.2,-1.1,-1.3,1.73333333333333,0.333333333333333,93.1933474020544,FALSE,FALSE
2014,2014-02-23,"mating",19748,"M","KL","-5.1",8.8,2,"capital","-5.0",9,-5,-5.1,1.73333333333333,0.333333333333333,6.70820393249935,TRUE,TRUE
2014,2014-02-23,"mating",13179,"M","KL","N.0",8.6,2,"capital","N.0",8.7,14,14,1.73333333333333,0.333333333333333,2.99999999999999,TRUE,TRUE
2014,2014-02-23,"mating",12705,"M","KL","G.1",10.5,2,"capital","G.1",10.5,7.1,7.1,1.73333333333333,0.333333333333333,0,TRUE,TRUE
2014,2014-02-24,"mating",19748,"M","KL","-5.3",8.9,2,"capital","-5.0",9,-5,-5.3,1.73333333333333,0.333333333333333,9.48683298050513,TRUE,TRUE
2014,2014-02-24,"mating",13048,"M","KL","C.3",2.4,2,"capital","C.0",2.5,3,3.3,1.73333333333333,0.333333333333333,9.48683298050513,TRUE,TRUE
2014,2014-02-24,"mating",19565,"M","KL","A.5",5.4,2,"capital","A.0",5.5,1,1.5,1.73333333333333,0.333333333333333,15.2970585407784,TRUE,FALSE
2014,2014-02-24,"mating",13466,"M","KL","-0.6",10.2,3,"income","-1.1",10.2,-1.1,-0.6,1.73333333333333,0.333333333333333,15,TRUE,FALSE
2014,2014-02-24,"mating",19748,"M","KL","-5.3",8.8,2,"capital","-5.0",9,-5,-5.3,1.73333333333333,0.333333333333333,10.816653826392,TRUE,TRUE
2014,2014-02-24,"mating",13048,"M","KL","C.3",2.7,2,"capital","C.0",2.5,3,3.3,1.73333333333333,0.333333333333333,10.816653826392,TRUE,TRUE
2014,2014-02-24,"mating",13466,"M","KL","-1.0",10,2,"capital","-1.1",10.2,-1.1,-1,1.73333333333333,0.333333333333333,6.70820393249935,TRUE,TRUE
2014,2014-02-24,"mating",13048,"M","KL","C.0",2.7,2,"capital","C.0",2.5,3,3,1.73333333333333,0.333333333333333,6,TRUE,TRUE
2014,2014-02-24,"mating",19565,"M","KL","0.8",5.5,3,"income","A.0",5.5,1,0.8,1.73333333333333,0.333333333333333,6,TRUE,TRUE
2014,2014-02-24,"mating",12576,"M","KL","0.0",5,2,"capital","0.0",5,0,0,1.73333333333333,0.333333333333333,0,TRUE,TRUE
2014,2014-02-24,"mating",19748,"M","KL","-5.2",8.8,2,"capital","-5.0",9,-5,-5.2,1.73333333333333,0.333333333333333,8.48528137423856,TRUE,TRUE
2014,2014-02-24,"mating",13048,"M","KL","C.1",2.6,2,"capital","C.0",2.5,3,3.1,1.73333333333333,0.333333333333333,4.24264068711929,TRUE,TRUE
2014,2014-02-24,"mating",19565,"M","KL","A.1",5.4,2,"capital","A.0",5.5,1,1.1,1.73333333333333,0.333333333333333,4.24264068711928,TRUE,TRUE
2014,2014-02-24,"mating",12236,"M","KL","D.0",10,3,"income","D.9",10.9,4.9,4,1.73333333333333,0.333333333333333,38.1837661840736,TRUE,FALSE
2014,2014-02-24,"mating",12364,"M","KL","J.1",11.2,2,"capital","J.1",11,10.1,10.1,1.73333333333333,0.333333333333333,5.99999999999998,TRUE,TRUE
2014,2014-02-24,"mating",11983,"M","KL","J.4",18.9,2,"capital","J.7",19,10.7,10.4,1.73333333333333,0.333333333333333,9.48683298050512,TRUE,TRUE
2014,2014-02-24,"mating",19874,"M","KL","J.5",15.7,3,"income","J.0",14,10,10.5,1.73333333333333,0.333333333333333,53.160135440008,FALSE,FALSE
2014,2014-02-24,"mating",11983,"M","KL","J.5",18.9,2,"capital","J.7",19,10.7,10.5,1.73333333333333,0.333333333333333,6.70820393249937,TRUE,TRUE
2014,2014-02-24,"mating",12705,"M","KL","G.3",10.7,2,"capital","G.1",10.5,7.1,7.3,1.73333333333333,0.333333333333333,8.48528137423856,TRUE,TRUE
2014,2014-02-24,"mating",13179,"M","KL","N.0",8.6,2,"capital","N.0",8.7,14,14,1.73333333333333,0.333333333333333,2.99999999999999,TRUE,TRUE
2014,2014-02-24,"mating",12825,"M","KL","F.9",5.2,2,"capital","G.0",5,7,6.9,1.73333333333333,0.333333333333333,6.70820393249937,TRUE,TRUE
2014,2014-02-24,"mating",12825,"M","KL","F.9",5.2,2,"capital","G.0",5,7,6.9,1.73333333333333,0.333333333333333,6.70820393249937,TRUE,TRUE
2014,2014-02-24,"mating",12705,"M","KL","G.1",10.3,2,"capital","G.1",10.5,7.1,7.1,1.73333333333333,0.333333333333333,5.99999999999998,TRUE,TRUE
2014,2014-02-24,"mating",12705,"M","KL","G.1",10.3,2,"capital","G.1",10.5,7.1,7.1,1.73333333333333,0.333333333333333,5.99999999999998,TRUE,TRUE
2014,2014-02-24,"mating",13179,"M","KL","M.9",8.6,2,"capital","N.0",8.7,14,13.9,1.73333333333333,0.333333333333333,4.24264068711927,TRUE,TRUE
2014,2014-02-24,"mating",12825,"M","KL","F.9",5.1,2,"capital","G.0",5,7,6.9,1.73333333333333,0.333333333333333,4.24264068711927,TRUE,TRUE
2014,2014-02-25,"mating",12705,"M","KL","G.2",10.6,3,"income","G.1",10.5,7.1,7.2,1.73333333333333,0.333333333333333,4.24264068711929,TRUE,TRUE
2014,2014-02-25,"mating",13179,"M","KL","N.0",8.7,2,"capital","N.0",8.7,14,14,1.73333333333333,0.333333333333333,0,TRUE,TRUE
2014,2014-02-25,"mating",12825,"M","KL","F.9",5.1,2,"capital","G.0",5,7,6.9,1.73333333333333,0.333333333333333,4.24264068711927,TRUE,TRUE
2014,2014-02-25,"mating",12705,"M","KL","G.1",10.5,2,"capital","G.1",10.5,7.1,7.1,1.73333333333333,0.333333333333333,0,TRUE,TRUE
2014,2014-02-25,"mating",13179,"M","KL","N.0",8.7,2,"capital","N.0",8.7,14,14,1.73333333333333,0.333333333333333,0,TRUE,TRUE
2014,2014-02-25,"mating",12825,"M","KL","F.8",5.1,2,"capital","G.0",5,7,6.8,1.73333333333333,0.333333333333333,6.70820393249937,TRUE,TRUE
2014,2014-02-25,"mating",13466,"M","KL","-1.3",10.1,2,"capital","-1.1",10.2,-1.1,-1.3,1.73333333333333,0.333333333333333,6.70820393249936,TRUE,TRUE
2014,2014-02-25,"mating",19565,"M","KL","A.0",5.4,2,"capital","A.0",5.5,1,1,1.73333333333333,0.333333333333333,2.99999999999999,TRUE,TRUE
2014,2014-02-25,"mating",12236,"M","KL","D.9",11.4,3,"income","D.9",10.9,4.9,4.9,1.73333333333333,0.333333333333333,15,TRUE,FALSE
2014,2014-02-25,"mating",11983,"M","KL","J.4",18.8,2,"capital","J.7",19,10.7,10.4,1.73333333333333,0.333333333333333,10.8166538263919,TRUE,TRUE
2014,2014-02-25,"mating",12236,"M","KL","D.9",10.9,2,"capital","D.9",10.9,4.9,4.9,1.73333333333333,0.333333333333333,0,TRUE,TRUE
2014,2014-02-25,"mating",11983,"M","KL","J.4",18.8,2,"capital","J.7",19,10.7,10.4,1.73333333333333,0.333333333333333,10.8166538263919,TRUE,TRUE
2014,2014-02-25,"mating",12236,"M","KL","D.9",10.8,2,"capital","D.9",10.9,4.9,4.9,1.73333333333333,0.333333333333333,2.99999999999999,TRUE,TRUE
2014,2014-02-25,"mating",12364,"M","KL","J.2",11.3,2,"capital","J.1",11,10.1,10.2,1.73333333333333,0.333333333333333,9.48683298050515,TRUE,TRUE
2014,2014-02-26,"mating",19874,"M","KL","J.1",14.2,2,"capital","J.0",14,10,10.1,1.73333333333333,0.333333333333333,6.70820393249935,TRUE,TRUE
2014,2014-02-26,"mating",12236,"M","KL","D.8",11,2,"capital","D.9",10.9,4.9,4.8,1.73333333333333,0.333333333333333,4.24264068711929,TRUE,TRUE
2014,2014-02-26,"mating",12236,"M","KL","D.0",10.2,3,"income","D.9",10.9,4.9,4,1.73333333333333,0.333333333333333,34.2052627529742,TRUE,FALSE
2014,2014-02-26,"mating",12364,"M","KL","J.2",11.2,2,"capital","J.1",11,10.1,10.2,1.73333333333333,0.333333333333333,6.70820393249935,TRUE,TRUE
2014,2014-02-26,"mating",19565,"M","KL","B.9",4.4,3,"income","A.0",5.5,1,2.9,1.73333333333333,0.333333333333333,65.8634952003004,FALSE,FALSE
2014,2014-03-03,"mating",19874,"M","KL","J.0",14.1,2,"capital","J.0",14,10,10,1.73333333333333,0.333333333333333,2.99999999999999,TRUE,TRUE
2014,2014-03-03,"mating",12364,"M","KL","J.2",11.2,2,"capital","J.1",11,10.1,10.2,1.73333333333333,0.333333333333333,6.70820393249935,TRUE,TRUE
2014,2014-03-04,"mating",19748,"M","KL","-5.5",8.7,2,"capital","-5.0",9,-5,-5.5,1.73333333333333,0.333333333333333,17.4928556845359,TRUE,FALSE
2014,2014-03-05,"mating",19880,"M","KL","M.9",1.9,3,"income","J.0",1,10,13.9,1.73333333333333,0.333333333333333,120.074976577137,FALSE,FALSE
2014,2014-03-05,"mating",19874,"M","KL","I.8",14.5,3,"income","J.0",14,10,9.8,1.73333333333333,0.333333333333333,16.1554944214035,TRUE,FALSE
2014,2014-03-05,"mating",19874,"M","KL","I.8",14.6,3,"income","J.0",14,10,9.8,1.73333333333333,0.333333333333333,18.9736659610103,TRUE,FALSE
2014,2014-03-05,"mating",12705,"M","KL","G.2",10.4,2,"capital","G.1",10.5,7.1,7.2,1.73333333333333,0.333333333333333,4.24264068711929,TRUE,TRUE
2014,2014-03-05,"mating",12825,"M","KL","F.8",5.2,2,"capital","G.0",5,7,6.8,1.73333333333333,0.333333333333333,8.48528137423858,TRUE,TRUE
2014,2014-03-05,"mating",19880,"M","KL","N.1",1.4,2,"capital","J.0",1,10,14.1,1.73333333333333,0.333333333333333,123.583979544276,FALSE,FALSE
2014,2014-03-05,"mating",13466,"M","KL","-1.2",10.1,2,"capital","-1.1",10.2,-1.1,-1.2,1.73333333333333,0.333333333333333,4.24264068711928,TRUE,TRUE
2014,2014-03-05,"mating",12678,"M","KL","B.7",10.7,2,"capital","B.6",10.5,2.6,2.7,1.73333333333333,0.333333333333333,6.70820393249935,TRUE,TRUE
2014,2014-03-05,"mating",19748,"M","KL","-5.6",8.6,2,"capital","-5.0",9,-5,-5.6,1.73333333333333,0.333333333333333,21.6333076527839,TRUE,FALSE
2014,2014-03-05,"mating",12018,"M","KL","-2.0",6.9,2,"capital","-2.0",6.7,-2,-2,1.73333333333333,0.333333333333333,6,TRUE,TRUE
2014,2014-03-05,"mating",19565,"M","KL","A.0",5.3,2,"capital","A.0",5.5,1,1,1.73333333333333,0.333333333333333,6,TRUE,TRUE
2014,2014-03-03,"mating",19880,"M","KL","N.1",1.3,2,"capital","J.0",1,10,14.1,1.73333333333333,0.333333333333333,123.328828746567,FALSE,FALSE
2014,2014-03-06,"mating",12678,"M","KL","B.6",10.4,2,"capital","B.6",10.5,2.6,2.6,1.73333333333333,0.333333333333333,2.99999999999999,TRUE,TRUE
2014,2014-03-06,"mating",19748,"M","KL","-5.3",8.7,2,"capital","-5.0",9,-5,-5.3,1.73333333333333,0.333333333333333,12.7279220613579,TRUE,TRUE
2014,2014-03-06,"mating",13466,"M","KL","-1.2",10.1,2,"capital","-1.1",10.2,-1.1,-1.2,1.73333333333333,0.333333333333333,4.24264068711928,TRUE,TRUE
2014,2014-03-06,"mating",12018,"M","KL","-2.2",6.8,2,"capital","-2.0",6.7,-2,-2.2,1.73333333333333,0.333333333333333,6.70820393249937,TRUE,TRUE
2014,2014-03-06,"mating",12018,"M","KL","-2.2",6.8,2,"capital","-2.0",6.7,-2,-2.2,1.73333333333333,0.333333333333333,6.70820393249937,TRUE,TRUE
2014,2014-03-06,"mating",19565,"M","KL","B.1",2.6,3,"income","A.0",5.5,1,2.1,1.73333333333333,0.333333333333333,93.0483745156249,FALSE,FALSE
2014,2014-03-06,"mating",19565,"M","KL","B.1",2.6,3,"income","A.0",5.5,1,2.1,1.73333333333333,0.333333333333333,93.0483745156249,FALSE,FALSE
2014,2014-03-06,"mating",19815,"M","KL","C.4",9.2,2,"capital","C.0",13,3,3.4,1.73333333333333,0.333333333333333,114.629839047257,FALSE,FALSE
2014,2014-03-06,"mating",19791,"M","KL","E.1",1.2,2,"capital","E.0",1.3,5,5.1,1.73333333333333,0.333333333333333,4.24264068711928,TRUE,TRUE
2014,2014-03-06,"mating",13048,"M","KL","C.3",2.6,2,"capital","C.0",2.5,3,3.3,1.73333333333333,0.333333333333333,9.48683298050513,TRUE,TRUE
2014,2014-03-06,"mating",19880,"M","KL","M.8",1.4,2,"capital","J.0",1,10,13.8,1.73333333333333,0.333333333333333,114.629839047257,FALSE,FALSE
2014,2014-03-06,"mating",12825,"M","KL","F.7",5.1,2,"capital","G.0",5,7,6.7,1.73333333333333,0.333333333333333,9.48683298050513,TRUE,TRUE
2014,2014-03-06,"mating",13048,"M","KL","C.2",2.4,2,"capital","C.0",2.5,3,3.2,1.73333333333333,0.333333333333333,6.70820393249937,TRUE,TRUE
2014,2014-03-06,"mating",13179,"M","KL","M.8",9.3,3,"income","N.0",8.7,14,13.8,1.73333333333333,0.333333333333333,18.9736659610103,TRUE,FALSE
2014,2014-03-06,"mating",13179,"M","KL","N.0",8.7,2,"capital","N.0",8.7,14,14,1.73333333333333,0.333333333333333,0,TRUE,TRUE
2014,2014-03-06,"mating",13179,"M","KL","M.9",8.4,3,"income","N.0",8.7,14,13.9,1.73333333333333,0.333333333333333,9.4868329805051,TRUE,TRUE
2014,2014-03-06,"mating",11983,"M","KL","J.4",18.9,2,"capital","J.7",19,10.7,10.4,1.73333333333333,0.333333333333333,9.48683298050512,TRUE,TRUE
2014,2014-03-08,"mating",13466,"M","KL","-1.4",10.3,2,"capital","-1.1",10.2,-1.1,-1.4,1.73333333333333,0.333333333333333,9.48683298050515,TRUE,TRUE
2014,2014-03-08,"mating",12236,"M","KL","D.7",11,2,"capital","D.9",10.9,4.9,4.7,1.73333333333333,0.333333333333333,6.70820393249937,TRUE,TRUE
2014,2014-03-08,"mating",19874,"M","KL","J.3",14.9,3,"income","J.0",14,10,10.3,1.73333333333333,0.333333333333333,28.4604989415154,TRUE,FALSE
2014,2014-03-08,"mating",13179,"M","KL","M.9",8.5,2,"capital","N.0",8.7,14,13.9,1.73333333333333,0.333333333333333,6.70820393249935,TRUE,TRUE
2014,2014-03-08,"mating",12705,"M","KL","G.1",10.4,2,"capital","G.1",10.5,7.1,7.1,1.73333333333333,0.333333333333333,2.99999999999999,TRUE,TRUE
2014,2014-03-08,"mating",13048,"M","KL","B.8",2.7,2,"capital","C.0",2.5,3,2.8,1.73333333333333,0.333333333333333,8.48528137423858,TRUE,TRUE
2014,2014-03-08,"mating",12825,"M","KL","F.8",5.4,2,"capital","G.0",5,7,6.8,1.73333333333333,0.333333333333333,13.4164078649987,TRUE,FALSE
2014,2014-03-09,"mating",13179,"M","KL","M.8",8.5,2,"capital","N.0",8.7,14,13.8,1.73333333333333,0.333333333333333,8.48528137423854,TRUE,TRUE
2014,2014-03-09,"mating",19874,"M","KL","I.7",13.8,3,"income","J.0",14,10,9.7,1.73333333333333,0.333333333333333,10.816653826392,TRUE,TRUE
2014,2014-03-09,"mating",12364,"M","KL","J.4",11.2,2,"capital","J.1",11,10.1,10.4,1.73333333333333,0.333333333333333,10.816653826392,TRUE,TRUE
2014,2014-03-09,"mating",12705,"M","KL","G.5",10.3,2,"capital","G.1",10.5,7.1,7.5,1.73333333333333,0.333333333333333,13.4164078649987,TRUE,FALSE
2014,2014-03-09,"mating",13179,"M","KL","M.8",8.4,2,"capital","N.0",8.7,14,13.8,1.73333333333333,0.333333333333333,10.8166538263919,TRUE,TRUE
2014,2014-03-09,"mating",19874,"M","KL","I.7",14.2,3,"income","J.0",14,10,9.7,1.73333333333333,0.333333333333333,10.816653826392,TRUE,TRUE
2014,2014-03-09,"mating",12364,"M","KL","J.4",11.3,2,"capital","J.1",11,10.1,10.4,1.73333333333333,0.333333333333333,12.7279220613579,TRUE,TRUE
2014,2014-03-09,"mating",13048,"M","KL","C.1",2.4,2,"capital","C.0",2.5,3,3.1,1.73333333333333,0.333333333333333,4.24264068711929,TRUE,TRUE
2014,2014-03-09,"mating",13048,"M","KL","C.2",2.6,2,"capital","C.0",2.5,3,3.2,1.73333333333333,0.333333333333333,6.70820393249937,TRUE,TRUE
2014,2014-03-09,"mating",12018,"M","KL","-1.9",6.8,2,"capital","-2.0",6.7,-2,-1.9,1.73333333333333,0.333333333333333,4.24264068711928,TRUE,TRUE
2014,2014-03-09,"mating",12236,"M","KL","D.8",11,2,"capital","D.9",10.9,4.9,4.8,1.73333333333333,0.333333333333333,4.24264068711929,TRUE,TRUE
2014,2014-03-09,"mating",12678,"M","KL","B.6",10.6,2,"capital","B.6",10.5,2.6,2.6,1.73333333333333,0.333333333333333,2.99999999999999,TRUE,TRUE
2014,2014-03-09,"mating",19748,"M","KL","-5.3",8.6,3,"income","-5.0",9,-5,-5.3,1.73333333333333,0.333333333333333,15,TRUE,FALSE
2014,2014-03-09,"mating",19565,"M","KL","A.1",5.5,2,"capital","A.0",5.5,1,1.1,1.73333333333333,0.333333333333333,3,TRUE,TRUE
2014,2014-03-10,"mating",12825,"M","KL","F.9",5.2,2,"capital","G.0",5,7,6.9,1.73333333333333,0.333333333333333,6.70820393249937,TRUE,TRUE
2014,2014-03-10,"mating",13179,"M","KL","M.9",8.4,2,"capital","N.0",8.7,14,13.9,1.73333333333333,0.333333333333333,9.4868329805051,TRUE,TRUE
2014,2014-03-10,"mating",12705,"M","KL","G.2",10.4,2,"capital","G.1",10.5,7.1,7.2,1.73333333333333,0.333333333333333,4.24264068711929,TRUE,TRUE
2014,2014-03-10,"mating",12825,"M","KL","F.8",5.1,2,"capital","G.0",5,7,6.8,1.73333333333333,0.333333333333333,6.70820393249937,TRUE,TRUE
2014,2014-03-10,"mating",12236,"M","KL","D.7",11.3,2,"capital","D.9",10.9,4.9,4.7,1.73333333333333,0.333333333333333,13.4164078649987,TRUE,FALSE
2014,2014-03-10,"mating",12678,"M","KL","B.3",10.4,2,"capital","B.6",10.5,2.6,2.3,1.73333333333333,0.333333333333333,9.48683298050514,TRUE,TRUE
2014,2014-03-10,"mating",19748,"M","KL","-5.4",8.7,2,"capital","-5.0",9,-5,-5.4,1.73333333333333,0.333333333333333,15,TRUE,FALSE
2014,2014-03-10,"mating",13466,"M","KL","-2.8",10.4,2,"capital","-1.1",10.2,-1.1,-2.8,1.73333333333333,0.333333333333333,51.3517283058711,TRUE,FALSE
2014,2014-03-10,"mating",12576,"M","KL","0.1",4.9,2,"capital","0.0",5,0,0.1,1.73333333333333,0.333333333333333,4.24264068711928,TRUE,TRUE
2014,2014-03-10,"mating",19565,"M","KL","A.0",5.4,2,"capital","A.0",5.5,1,1,1.73333333333333,0.333333333333333,2.99999999999999,TRUE,TRUE
2014,2014-03-10,"mating",13048,"M","KL","C.1",2.6,2,"capital","C.0",2.5,3,3.1,1.73333333333333,0.333333333333333,4.24264068711929,TRUE,TRUE
2014,2014-03-10,"mating",19748,"M","KL","-5.2",8.7,2,"capital","-5.0",9,-5,-5.2,1.73333333333333,0.333333333333333,10.816653826392,TRUE,TRUE
2014,2014-03-10,"mating",13466,"M","KL","-1.3",10.2,2,"capital","-1.1",10.2,-1.1,-1.3,1.73333333333333,0.333333333333333,6,TRUE,TRUE
2014,2014-03-11,"mating",12364,"M","KL","J.2",11.3,2,"capital","J.1",11,10.1,10.2,1.73333333333333,0.333333333333333,9.48683298050515,TRUE,TRUE
2014,2014-03-11,"mating",19874,"M","KL","J.1",14.2,2,"capital","J.0",14,10,10.1,1.73333333333333,0.333333333333333,6.70820393249935,TRUE,TRUE
2014,2014-03-11,"mating",19565,"M","KL","A.0",5.6,2,"capital","A.0",5.5,1,1,1.73333333333333,0.333333333333333,2.99999999999999,TRUE,TRUE
2014,2014-03-11,"mating",12678,"M","KL","B.7",10.6,2,"capital","B.6",10.5,2.6,2.7,1.73333333333333,0.333333333333333,4.24264068711928,TRUE,TRUE
2014,2014-03-11,"mating",13466,"M","KL","-1.3",10.1,2,"capital","-1.1",10.2,-1.1,-1.3,1.73333333333333,0.333333333333333,6.70820393249936,TRUE,TRUE
2014,2014-03-11,"mating",12364,"M","KL","J.5",11.2,2,"capital","J.1",11,10.1,10.5,1.73333333333333,0.333333333333333,13.4164078649987,TRUE,FALSE
2014,2014-03-11,"mating",12705,"M","KL","G.3",10.6,2,"capital","G.1",10.5,7.1,7.3,1.73333333333333,0.333333333333333,6.70820393249937,TRUE,TRUE
2014,2014-03-11,"mating",12825,"M","KL","F.9",5.4,2,"capital","G.0",5,7,6.9,1.73333333333333,0.333333333333333,12.369316876853,TRUE,TRUE
2014,2014-03-11,"mating",13179,"M","KL","N.3",8.6,2,"capital","N.0",8.7,14,14.3,1.73333333333333,0.333333333333333,9.48683298050515,TRUE,TRUE
2014,2014-03-11,"mating",19874,"M","KL","J.0",13.7,3,"income","J.0",14,10,10,1.73333333333333,0.333333333333333,9.00000000000002,TRUE,TRUE
2014,2014-03-11,"mating",12705,"M","KL","G.5",10.4,2,"capital","G.1",10.5,7.1,7.5,1.73333333333333,0.333333333333333,12.369316876853,TRUE,TRUE
2014,2014-03-11,"mating",12825,"M","KL","F.8",5.3,2,"capital","G.0",5,7,6.8,1.73333333333333,0.333333333333333,10.816653826392,TRUE,TRUE
2014,2014-03-11,"mating",13179,"M","KL","N.3",8.6,2,"capital","N.0",8.7,14,14.3,1.73333333333333,0.333333333333333,9.48683298050515,TRUE,TRUE
2014,2014-03-11,"mating",19748,"M","KL","-4.7",8.7,2,"capital","-5.0",9,-5,-4.7,1.73333333333333,0.333333333333333,12.7279220613579,TRUE,TRUE
2014,2014-03-11,"mating",12018,"M","KL","-2.0",6.8,2,"capital","-2.0",6.7,-2,-2,1.73333333333333,0.333333333333333,2.99999999999999,TRUE,TRUE
2014,2014-03-11,"mating",12576,"M","KL","0.0",5,2,"capital","0.0",5,0,0,1.73333333333333,0.333333333333333,0,TRUE,TRUE
2014,2014-03-11,"mating",19748,"M","KL","-5.3",8.8,2,"capital","-5.0",9,-5,-5.3,1.73333333333333,0.333333333333333,10.816653826392,TRUE,TRUE
2014,2014-03-11,"mating",13048,"M","KL","C.2",2.4,2,"capital","C.0",2.5,3,3.2,1.73333333333333,0.333333333333333,6.70820393249937,TRUE,TRUE
2014,2014-03-11,"mating",19791,"M","KL","E.1",1.1,2,"capital","E.0",1.3,5,5.1,1.73333333333333,0.333333333333333,6.70820393249936,TRUE,TRUE
2014,2014-03-11,"mating",12236,"M","KL","D.8",10.9,2,"capital","D.9",10.9,4.9,4.8,1.73333333333333,0.333333333333333,3.00000000000002,TRUE,TRUE
2014,2014-03-11,"mating",19748,"M","KL","-5.3",8.8,2,"capital","-5.0",9,-5,-5.3,1.73333333333333,0.333333333333333,10.816653826392,TRUE,TRUE
2014,2014-03-11,"mating",12678,"M","KL","B.7",10.6,2,"capital","B.6",10.5,2.6,2.7,1.73333333333333,0.333333333333333,4.24264068711928,TRUE,TRUE
2014,2014-03-11,"mating",13466,"M","KL","-1.4",10.2,2,"capital","-1.1",10.2,-1.1,-1.4,1.73333333333333,0.333333333333333,9,TRUE,TRUE
2014,2014-03-11,"mating",19565,"M","KL","A.0",5.4,2,"capital","A.0",5.5,1,1,1.73333333333333,0.333333333333333,2.99999999999999,TRUE,TRUE
2014,2014-03-11,"mating",13048,"M","KL","C.2",2.4,2,"capital","C.0",2.5,3,3.2,1.73333333333333,0.333333333333333,6.70820393249937,TRUE,TRUE
2014,2014-03-11,"mating",12236,"M","KL","D.8",10.9,2,"capital","D.9",10.9,4.9,4.8,1.73333333333333,0.333333333333333,3.00000000000002,TRUE,TRUE
2014,2014-03-11,"mating",12236,"M","KL","D.7",10.9,2,"capital","D.9",10.9,4.9,4.7,1.73333333333333,0.333333333333333,6,TRUE,TRUE
2014,2014-03-11,"mating",13048,"M","KL","C.3",2.5,2,"capital","C.0",2.5,3,3.3,1.73333333333333,0.333333333333333,9,TRUE,TRUE
2014,2014-03-12,"mating",19874,"M","KL","J.3",14.4,2,"capital","J.0",14,10,10.3,1.73333333333333,0.333333333333333,15,TRUE,FALSE
2014,2014-03-12,"mating",12364,"M","KL","J.5",11.3,2,"capital","J.1",11,10.1,10.5,1.73333333333333,0.333333333333333,15,TRUE,FALSE
2014,2014-03-12,"mating",12705,"M","KL","G.3",10.5,2,"capital","G.1",10.5,7.1,7.3,1.73333333333333,0.333333333333333,6,TRUE,TRUE
2014,2014-03-12,"mating",13179,"M","KL","M.7",8.6,2,"capital","N.0",8.7,14,13.7,1.73333333333333,0.333333333333333,9.48683298050515,TRUE,TRUE
2014,2014-03-12,"mating",12018,"M","KL","-2.1",6.8,2,"capital","-2.0",6.7,-2,-2.1,1.73333333333333,0.333333333333333,4.24264068711928,TRUE,TRUE
2014,2014-03-12,"mating",19565,"M","KL","A.1",5.4,2,"capital","A.0",5.5,1,1.1,1.73333333333333,0.333333333333333,4.24264068711928,TRUE,TRUE
2014,2014-03-12,"mating",12678,"M","KL","B.7",10.6,2,"capital","B.6",10.5,2.6,2.7,1.73333333333333,0.333333333333333,4.24264068711928,TRUE,TRUE
2014,2014-03-12,"mating",19748,"M","KL","-5.4",8.7,2,"capital","-5.0",9,-5,-5.4,1.73333333333333,0.333333333333333,15,TRUE,FALSE
2014,2014-03-12,"mating",13466,"M","KL","-1.1",10.1,2,"capital","-1.1",10.2,-1.1,-1.1,1.73333333333333,0.333333333333333,2.99999999999999,TRUE,TRUE
2014,2014-03-12,"mating",12018,"M","KL","-2.1",6.9,2,"capital","-2.0",6.7,-2,-2.1,1.73333333333333,0.333333333333333,6.70820393249937,TRUE,TRUE
2014,2014-03-13,"mating",13466,"M","KL","-1.3",10.3,2,"capital","-1.1",10.2,-1.1,-1.3,1.73333333333333,0.333333333333333,6.70820393249939,TRUE,TRUE
2014,2014-03-13,"mating",12678,"M","KL","B.6",10.4,2,"capital","B.6",10.5,2.6,2.6,1.73333333333333,0.333333333333333,2.99999999999999,TRUE,TRUE
2014,2014-03-13,"mating",19748,"M","KL","-5.3",8.6,2,"capital","-5.0",9,-5,-5.3,1.73333333333333,0.333333333333333,15,TRUE,FALSE
2014,2014-03-13,"mating",12364,"M","KL","J.2",11.3,2,"capital","J.1",11,10.1,10.2,1.73333333333333,0.333333333333333,9.48683298050515,TRUE,TRUE
2014,2014-03-13,"mating",12705,"M","KL","G.1",10.5,2,"capital","G.1",10.5,7.1,7.1,1.73333333333333,0.333333333333333,0,TRUE,TRUE
2014,2014-03-13,"mating",11983,"M","KL","J.7",18.8,2,"capital","J.7",19,10.7,10.7,1.73333333333333,0.333333333333333,5.99999999999998,TRUE,TRUE
2014,2014-03-13,"mating",19874,"M","KL","J.2",14.9,3,"income","J.0",14,10,10.2,1.73333333333333,0.333333333333333,27.6586333718787,TRUE,FALSE
2014,2014-03-13,"mating",12364,"M","KL","J.3",11.3,2,"capital","J.1",11,10.1,10.3,1.73333333333333,0.333333333333333,10.816653826392,TRUE,TRUE
2014,2014-03-13,"mating",11983,"M","KL","J.7",18.8,2,"capital","J.7",19,10.7,10.7,1.73333333333333,0.333333333333333,5.99999999999998,TRUE,TRUE
2014,2014-03-13,"mating",13179,"M","KL","N.0",8.7,2,"capital","N.0",8.7,14,14,1.73333333333333,0.333333333333333,0,TRUE,TRUE
2014,2014-03-13,"mating",11983,"M","KL","J.7",18.9,2,"capital","J.7",19,10.7,10.7,1.73333333333333,0.333333333333333,3.00000000000004,TRUE,TRUE
2014,2014-03-13,"mating",19874,"M","KL","J.0",14.2,3,"income","J.0",14,10,10,1.73333333333333,0.333333333333333,5.99999999999998,TRUE,TRUE
2014,2014-03-13,"mating",13179,"M","KL","N.0",8.7,2,"capital","N.0",8.7,14,14,1.73333333333333,0.333333333333333,0,TRUE,TRUE
2014,2014-03-13,"mating",12364,"M","KL","J.2",11.3,2,"capital","J.1",11,10.1,10.2,1.73333333333333,0.333333333333333,9.48683298050515,TRUE,TRUE
2014,2014-03-13,"mating",13179,"M","KL","M.9",8.7,2,"capital","N.0",8.7,14,13.9,1.73333333333333,0.333333333333333,2.99999999999999,TRUE,TRUE
2014,2014-03-13,"mating",12364,"M","KL","J.3",11.3,2,"capital","J.1",11,10.1,10.3,1.73333333333333,0.333333333333333,10.816653826392,TRUE,TRUE
2014,2014-03-13,"mating",12364,"M","KL","J.3",11.3,2,"capital","J.1",11,10.1,10.3,1.73333333333333,0.333333333333333,10.816653826392,TRUE,TRUE
2014,2014-03-13,"mating",19748,"M","KL","-5.3",8.7,2,"capital","-5.0",9,-5,-5.3,1.73333333333333,0.333333333333333,12.7279220613579,TRUE,TRUE
2014,2014-03-13,"mating",12236,"M","KL","D.8",11.08,2,"capital","D.9",10.9,4.9,4.8,1.73333333333333,0.333333333333333,6.1773780845922,TRUE,TRUE
2014,2014-03-13,"mating",12678,"M","KL","B.8",10.8,2,"capital","B.6",10.5,2.6,2.8,1.73333333333333,0.333333333333333,10.816653826392,TRUE,TRUE
2014,2014-03-13,"mating",19815,"M","KL","C.4",9,2,"capital","C.0",13,3,3.4,1.73333333333333,0.333333333333333,120.598507453451,FALSE,FALSE
2014,2014-03-13,"mating",19791,"M","KL","E.1",1.1,2,"capital","E.0",1.3,5,5.1,1.73333333333333,0.333333333333333,6.70820393249936,TRUE,TRUE
2014,2014-03-13,"mating",13048,"M","KL","C.3",2.6,2,"capital","C.0",2.5,3,3.3,1.73333333333333,0.333333333333333,9.48683298050513,TRUE,TRUE
2014,2014-03-13,"mating",12705,"M","KL","G.1",10.5,2,"capital","G.1",10.5,7.1,7.1,1.73333333333333,0.333333333333333,0,TRUE,TRUE
2014,2014-03-13,"mating",19880,"M","KL","N.0",1.5,2,"capital","J.0",1,10,14,1.73333333333333,0.333333333333333,120.933866224478,FALSE,FALSE
2014,2014-03-13,"mating",13048,"M","KL","C.2",2.7,2,"capital","C.0",2.5,3,3.2,1.73333333333333,0.333333333333333,8.48528137423858,TRUE,TRUE
2014,2014-03-15,"mating",19791,"M","KL","E.0",1.1,2,"capital","E.0",1.3,5,5,1.73333333333333,0.333333333333333,6,TRUE,TRUE
2014,2014-03-15,"mating",19880,"M","KL","N.0",1.4,2,"capital","J.0",1,10,14,1.73333333333333,0.333333333333333,120.598507453451,FALSE,FALSE
2014,2014-03-15,"mating",12705,"M","KL","G.1",10.5,2,"capital","G.1",10.5,7.1,7.1,1.73333333333333,0.333333333333333,0,TRUE,TRUE
2014,2014-03-15,"mating",11983,"M","KL","J.5",18.6,2,"capital","J.7",19,10.7,10.5,1.73333333333333,0.333333333333333,13.4164078649987,TRUE,FALSE
2014,2014-03-15,"mating",13466,"M","KL","-1.3",10.1,2,"capital","-1.1",10.2,-1.1,-1.3,1.73333333333333,0.333333333333333,6.70820393249936,TRUE,TRUE
2014,2014-03-15,"mating",13048,"M","KL","C.2",2.5,2,"capital","C.0",2.5,3,3.2,1.73333333333333,0.333333333333333,6,TRUE,TRUE
2014,2014-03-15,"mating",12825,"M","KL","F.8",5.2,2,"capital","G.0",5,7,6.8,1.73333333333333,0.333333333333333,8.48528137423858,TRUE,TRUE
2014,2014-03-15,"mating",12236,"M","KL","D.6",11,2,"capital","D.9",10.9,4.9,4.6,1.73333333333333,0.333333333333333,9.48683298050515,TRUE,TRUE
2014,2014-03-15,"mating",19748,"M","KL","-5.3",8.7,2,"capital","-5.0",9,-5,-5.3,1.73333333333333,0.333333333333333,12.7279220613579,TRUE,TRUE
2014,2014-03-15,"mating",12678,"M","KL","B.7",10.6,2,"capital","B.6",10.5,2.6,2.7,1.73333333333333,0.333333333333333,4.24264068711928,TRUE,TRUE
2014,2014-03-15,"mating",13466,"M","KL","-1.2",10.1,2,"capital","-1.1",10.2,-1.1,-1.2,1.73333333333333,0.333333333333333,4.24264068711928,TRUE,TRUE
2014,2014-03-15,"mating",19748,"M","KL","-5.3",8.8,2,"capital","-5.0",9,-5,-5.3,1.73333333333333,0.333333333333333,10.816653826392,TRUE,TRUE
2014,2014-03-15,"mating",13466,"M","KL","-1.2",10.1,2,"capital","-1.1",10.2,-1.1,-1.2,1.73333333333333,0.333333333333333,4.24264068711928,TRUE,TRUE
2014,2014-03-15,"mating",12705,"M","KL","D.8",10.9,2,"capital","G.1",10.5,7.1,4.8,1.73333333333333,0.333333333333333,70.0357051795725,FALSE,FALSE
2014,2014-03-16,"mating",19748,"M","KL","-5.5",8.6,2,"capital","-5.0",9,-5,-5.5,1.73333333333333,0.333333333333333,19.2093727122986,TRUE,FALSE
2014,2014-03-16,"mating",13048,"M","KL","C.3",2.5,2,"capital","C.0",2.5,3,3.3,1.73333333333333,0.333333333333333,9,TRUE,TRUE
2014,2014-03-16,"mating",12236,"M","KL","D.9",10.7,3,"income","D.9",10.9,4.9,4.9,1.73333333333333,0.333333333333333,6.00000000000003,TRUE,TRUE
2014,2014-03-16,"mating",12678,"M","KL","B.7",9.8,2,"capital","B.6",10.5,2.6,2.7,1.73333333333333,0.333333333333333,21.2132034355964,TRUE,FALSE
2014,2014-03-16,"mating",13179,"M","KL","M.9",8.7,2,"capital","N.0",8.7,14,13.9,1.73333333333333,0.333333333333333,2.99999999999999,TRUE,TRUE
2014,2014-03-16,"mating",12364,"M","KL","J.3",11.1,2,"capital","J.1",11,10.1,10.3,1.73333333333333,0.333333333333333,6.70820393249939,TRUE,TRUE
2014,2014-03-16,"mating",12236,"M","KL","D.7",10.9,2,"capital","D.9",10.9,4.9,4.7,1.73333333333333,0.333333333333333,6,TRUE,TRUE
2014,2014-03-16,"mating",19565,"M","KL","A.0",5.4,2,"capital","A.0",5.5,1,1,1.73333333333333,0.333333333333333,2.99999999999999,TRUE,TRUE
2014,2014-03-16,"mating",11983,"M","KL","J.4",18.9,2,"capital","J.7",19,10.7,10.4,1.73333333333333,0.333333333333333,9.48683298050512,TRUE,TRUE
2014,2014-03-16,"mating",19874,"M","KL","J.6",15.8,3,"income","J.0",14,10,10.6,1.73333333333333,0.333333333333333,56.9209978830308,FALSE,FALSE
2014,2014-03-16,"mating",12364,"M","KL","J.2",11.3,2,"capital","J.1",11,10.1,10.2,1.73333333333333,0.333333333333333,9.48683298050515,TRUE,TRUE
2014,2014-03-16,"mating",19880,"M","KL","L.0",0.9,3,"income","J.0",1,10,12,1.73333333333333,0.333333333333333,60.0749531835024,FALSE,FALSE
2014,2014-03-17,"mating",19815,"M","KL","C.8",9,2,"capital","C.0",13,3,3.8,1.73333333333333,0.333333333333333,122.376468326227,FALSE,FALSE
2014,2014-03-17,"mating",12825,"M","KL","F.8",5.3,2,"capital","G.0",5,7,6.8,1.73333333333333,0.333333333333333,10.816653826392,TRUE,TRUE
2014,2014-03-17,"mating",12825,"M","KL","F.8",5.4,2,"capital","G.0",5,7,6.8,1.73333333333333,0.333333333333333,13.4164078649987,TRUE,FALSE
2014,2014-03-17,"mating",19748,"M","KL","-5.0",8.4,2,"capital","-5.0",9,-5,-5,1.73333333333333,0.333333333333333,18,TRUE,FALSE
2014,2014-03-17,"mating",13466,"M","KL","-1.2",10.2,2,"capital","-1.1",10.2,-1.1,-1.2,1.73333333333333,0.333333333333333,3,TRUE,TRUE
2014,2014-03-17,"mating",19565,"M","KL","A.0",5.6,2,"capital","A.0",5.5,1,1,1.73333333333333,0.333333333333333,2.99999999999999,TRUE,TRUE
2014,2014-03-17,"mating",13466,"M","KL","-1.2",10.1,2,"capital","-1.1",10.2,-1.1,-1.2,1.73333333333333,0.333333333333333,4.24264068711928,TRUE,TRUE
2014,2014-03-17,"mating",12576,"M","KL","0.0",5.1,2,"capital","0.0",5,0,0,1.73333333333333,0.333333333333333,2.99999999999999,TRUE,TRUE
2014,2014-03-17,"mating",19748,"M","KL","-5.6",9,2,"capital","-5.0",9,-5,-5.6,1.73333333333333,0.333333333333333,18,TRUE,FALSE
2014,2014-03-17,"mating",13466,"M","KL","-1.2",10.1,2,"capital","-1.1",10.2,-1.1,-1.2,1.73333333333333,0.333333333333333,4.24264068711928,TRUE,TRUE
2014,2014-03-17,"mating",12018,"M","KL","-2.0",7.1,2,"capital","-2.0",6.7,-2,-2,1.73333333333333,0.333333333333333,12,TRUE,TRUE
2014,2014-03-17,"mating",19565,"M","KL","A.0",5.3,2,"capital","A.0",5.5,1,1,1.73333333333333,0.333333333333333,6,TRUE,TRUE
2014,2014-03-17,"mating",12236,"M","KL","D.9",11,2,"capital","D.9",10.9,4.9,4.9,1.73333333333333,0.333333333333333,2.99999999999999,TRUE,TRUE
2014,2014-03-17,"mating",19565,"M","KL","A.0",5.6,2,"capital","A.0",5.5,1,1,1.73333333333333,0.333333333333333,2.99999999999999,TRUE,TRUE
2014,2014-03-17,"mating",12236,"M","KL","D.8",10.9,2,"capital","D.9",10.9,4.9,4.8,1.73333333333333,0.333333333333333,3.00000000000002,TRUE,TRUE
2014,2014-03-17,"mating",12576,"M","KL","0.0",5.1,2,"capital","0.0",5,0,0,1.73333333333333,0.333333333333333,2.99999999999999,TRUE,TRUE
2014,2014-03-17,"mating",12236,"M","KL","D.9",10.9,2,"capital","D.9",10.9,4.9,4.9,1.73333333333333,0.333333333333333,0,TRUE,TRUE
2014,2014-03-17,"mating",12364,"M","KL","J.3",11.3,2,"capital","J.1",11,10.1,10.3,1.73333333333333,0.333333333333333,10.816653826392,TRUE,TRUE
2014,2014-03-17,"mating",12364,"M","KL","J.3",11.2,2,"capital","J.1",11,10.1,10.3,1.73333333333333,0.333333333333333,8.48528137423858,TRUE,TRUE
2014,2014-03-17,"mating",19874,"M","KL","I.4",14.6,3,"income","J.0",14,10,9.4,1.73333333333333,0.333333333333333,25.4558441227157,TRUE,FALSE
2014,2014-03-18,"mating",12018,"M","KL","-2.3",7,2,"capital","-2.0",6.7,-2,-2.3,1.73333333333333,0.333333333333333,12.7279220613578,TRUE,TRUE
2014,2014-03-18,"mating",12018,"M","KL","-2.3",7,2,"capital","-2.0",6.7,-2,-2.3,1.73333333333333,0.333333333333333,12.7279220613578,TRUE,TRUE
2014,2014-03-18,"mating",19565,"M","KL","A.6",5.3,2,"capital","A.0",5.5,1,1.6,1.73333333333333,0.333333333333333,18.9736659610103,TRUE,FALSE
2014,2014-03-18,"mating",13466,"M","KL","-1.4",1.4,2,"capital","-1.1",10.2,-1.1,-1.4,1.73333333333333,0.333333333333333,264.15336454416,FALSE,FALSE
2014,2014-03-18,"mating",12576,"M","KL","-0.5",5,2,"capital","0.0",5,0,-0.5,1.73333333333333,0.333333333333333,15,TRUE,FALSE
2014,2014-03-18,"mating",19565,"M","KL","B.5",4.4,3,"income","A.0",5.5,1,2.5,1.73333333333333,0.333333333333333,55.8032257132148,FALSE,FALSE
2014,2014-03-18,"mating",13466,"M","KL","-1.4",10.3,2,"capital","-1.1",10.2,-1.1,-1.4,1.73333333333333,0.333333333333333,9.48683298050515,TRUE,TRUE
2014,2014-03-18,"mating",19565,"M","KL","A.4",5.3,2,"capital","A.0",5.5,1,1.4,1.73333333333333,0.333333333333333,13.4164078649987,TRUE,FALSE
2014,2014-03-18,"mating",13466,"M","KL","-1.3",10.4,2,"capital","-1.1",10.2,-1.1,-1.3,1.73333333333333,0.333333333333333,8.48528137423859,TRUE,TRUE
2014,2014-03-18,"mating",13466,"M","KL","-1.5",10.3,2,"capital","-1.1",10.2,-1.1,-1.5,1.73333333333333,0.333333333333333,12.369316876853,TRUE,TRUE
2014,2014-03-18,"mating",13466,"M","KL","-1.5",10.4,2,"capital","-1.1",10.2,-1.1,-1.5,1.73333333333333,0.333333333333333,13.4164078649987,TRUE,FALSE
2014,2014-03-18,"mating",12018,"M","KL","-1.9",6.3,2,"capital","-2.0",6.7,-2,-1.9,1.73333333333333,0.333333333333333,12.369316876853,TRUE,TRUE
2014,2014-03-18,"mating",12576,"M","KL","-0.9",5.2,2,"capital","0.0",5,0,-0.9,1.73333333333333,0.333333333333333,27.6586333718787,TRUE,FALSE
2014,2014-03-18,"mating",13466,"M","KL","-1.4",10.4,2,"capital","-1.1",10.2,-1.1,-1.4,1.73333333333333,0.333333333333333,10.816653826392,TRUE,TRUE
2014,2014-03-18,"mating",19874,"M","KL","J.2",14.2,3,"income","J.0",14,10,10.2,1.73333333333333,0.333333333333333,8.48528137423854,TRUE,TRUE
2014,2014-03-18,"mating",13179,"M","KL","M.9",8.7,2,"capital","N.0",8.7,14,13.9,1.73333333333333,0.333333333333333,2.99999999999999,TRUE,TRUE
2014,2014-03-18,"mating",12364,"M","KL","J.2",11.3,2,"capital","J.1",11,10.1,10.2,1.73333333333333,0.333333333333333,9.48683298050515,TRUE,TRUE
2014,2014-03-18,"mating",19874,"M","KL","J.3",14.8,3,"income","J.0",14,10,10.3,1.73333333333333,0.333333333333333,25.6320112359526,TRUE,FALSE
2014,2014-03-18,"mating",11983,"M","KL","J.8",18.8,2,"capital","J.7",19,10.7,10.8,1.73333333333333,0.333333333333333,6.70820393249937,TRUE,TRUE
2014,2014-03-18,"mating",12364,"M","KL","J.2",11.3,2,"capital","J.1",11,10.1,10.2,1.73333333333333,0.333333333333333,9.48683298050515,TRUE,TRUE
2014,2014-03-18,"mating",19874,"M","KL","I.8",14,2,"capital","J.0",14,10,9.8,1.73333333333333,0.333333333333333,5.99999999999998,TRUE,TRUE
2014,2014-03-18,"mating",19874,"M","KL","J.1",14.2,3,"income","J.0",14,10,10.1,1.73333333333333,0.333333333333333,6.70820393249935,TRUE,TRUE
2014,2014-03-18,"mating",11983,"M","KL","J.7",18.7,2,"capital","J.7",19,10.7,10.7,1.73333333333333,0.333333333333333,9.00000000000002,TRUE,TRUE
2014,2014-03-18,"mating",13179,"M","KL","M.9",8.8,2,"capital","N.0",8.7,14,13.9,1.73333333333333,0.333333333333333,4.24264068711931,TRUE,TRUE
2014,2014-03-18,"mating",12364,"M","KL","J.1",11.2,2,"capital","J.1",11,10.1,10.1,1.73333333333333,0.333333333333333,5.99999999999998,TRUE,TRUE
2014,2014-03-18,"mating",12364,"M","KL","J.3",11.3,2,"capital","J.1",11,10.1,10.3,1.73333333333333,0.333333333333333,10.816653826392,TRUE,TRUE
2014,2014-03-18,"mating",11983,"M","KL","J.8",18.8,2,"capital","J.7",19,10.7,10.8,1.73333333333333,0.333333333333333,6.70820393249937,TRUE,TRUE
2014,2014-03-18,"mating",13179,"M","KL","M.9",8.8,2,"capital","N.0",8.7,14,13.9,1.73333333333333,0.333333333333333,4.24264068711931,TRUE,TRUE
2014,2014-03-18,"mating",12364,"M","KL","J.3",11.3,2,"capital","J.1",11,10.1,10.3,1.73333333333333,0.333333333333333,10.816653826392,TRUE,TRUE
2014,2014-03-18,"mating",13179,"M","KL","M.9",8.8,2,"capital","N.0",8.7,14,13.9,1.73333333333333,0.333333333333333,4.24264068711931,TRUE,TRUE
2014,2014-03-18,"mating",12364,"M","KL","J.3",11.3,2,"capital","J.1",11,10.1,10.3,1.73333333333333,0.333333333333333,10.816653826392,TRUE,TRUE
2014,2014-03-18,"mating",19874,"M","KL","J.0",14.5,2,"capital","J.0",14,10,10,1.73333333333333,0.333333333333333,15,TRUE,FALSE
2014,2014-03-18,"mating",11983,"M","KL","J.9",18.8,2,"capital","J.7",19,10.7,10.9,1.73333333333333,0.333333333333333,8.48528137423858,TRUE,TRUE
2014,2014-03-18,"mating",12364,"M","KL","J.2",11.3,2,"capital","J.1",11,10.1,10.2,1.73333333333333,0.333333333333333,9.48683298050515,TRUE,TRUE
2014,2014-03-18,"mating",11983,"M","KL","J.7",18.8,2,"capital","J.7",19,10.7,10.7,1.73333333333333,0.333333333333333,5.99999999999998,TRUE,TRUE
2014,2014-03-18,"mating",12236,"M","KL","D.8",10.4,2,"capital","D.9",10.9,4.9,4.8,1.73333333333333,0.333333333333333,15.2970585407784,TRUE,FALSE
2014,2014-03-18,"mating",12705,"M","KL","G.4",11.1,3,"income","G.1",10.5,7.1,7.4,1.73333333333333,0.333333333333333,20.1246117974981,TRUE,FALSE
2014,2014-03-18,"mating",12705,"M","KL","G.2",10.5,2,"capital","G.1",10.5,7.1,7.2,1.73333333333333,0.333333333333333,3.00000000000002,TRUE,TRUE
2014,2014-03-18,"mating",19880,"M","KL","N.0",1.5,3,"income","J.0",1,10,14,1.73333333333333,0.333333333333333,120.933866224478,FALSE,FALSE
2014,2014-03-18,"mating",13048,"M","KL","C.3",2.4,2,"capital","C.0",2.5,3,3.3,1.73333333333333,0.333333333333333,9.48683298050513,TRUE,TRUE
2014,2014-03-18,"mating",12825,"M","KL","F.9",5.2,2,"capital","G.0",5,7,6.9,1.73333333333333,0.333333333333333,6.70820393249937,TRUE,TRUE
2014,2014-03-18,"mating",19791,"M","KL","E.2",1,2,"capital","E.0",1.3,5,5.2,1.73333333333333,0.333333333333333,10.816653826392,TRUE,TRUE
2014,2014-03-18,"mating",13048,"M","KL","C.3",2.3,2,"capital","C.0",2.5,3,3.3,1.73333333333333,0.333333333333333,10.816653826392,TRUE,TRUE
2014,2014-03-18,"mating",13048,"M","KL","C.4",2.3,2,"capital","C.0",2.5,3,3.4,1.73333333333333,0.333333333333333,13.4164078649987,TRUE,FALSE
2014,2014-03-18,"mating",19791,"M","KL","E.3",1.3,3,"income","E.0",1.3,5,5.3,1.73333333333333,0.333333333333333,9,TRUE,TRUE
2014,2014-03-18,"mating",13048,"M","KL","B.8",2.3,2,"capital","C.0",2.5,3,2.8,1.73333333333333,0.333333333333333,8.48528137423858,TRUE,TRUE
2014,2014-03-19,"mating",12364,"M","KL","J.6",11.5,2,"capital","J.1",11,10.1,10.6,1.73333333333333,0.333333333333333,21.2132034355964,TRUE,FALSE
2014,2014-03-19,"mating",12364,"M","KL","J.3",11.4,2,"capital","J.1",11,10.1,10.3,1.73333333333333,0.333333333333333,13.4164078649988,TRUE,FALSE
2014,2014-03-19,"mating",12825,"M","KL","F.9",5.3,2,"capital","G.0",5,7,6.9,1.73333333333333,0.333333333333333,9.48683298050513,TRUE,TRUE
2014,2014-03-19,"mating",19880,"M","KL","N.0",1.5,2,"capital","J.0",1,10,14,1.73333333333333,0.333333333333333,120.933866224478,FALSE,FALSE
2014,2014-03-19,"mating",13048,"M","KL","C.1",2.5,2,"capital","C.0",2.5,3,3.1,1.73333333333333,0.333333333333333,3,TRUE,TRUE
2014,2014-03-19,"mating",12825,"M","KL","F.9",5.3,2,"capital","G.0",5,7,6.9,1.73333333333333,0.333333333333333,9.48683298050513,TRUE,TRUE
2014,2014-03-19,"mating",19791,"M","KL","E.0",1.1,2,"capital","E.0",1.3,5,5,1.73333333333333,0.333333333333333,6,TRUE,TRUE
2014,2014-03-19,"mating",13048,"M","KL","C.5",2.7,2,"capital","C.0",2.5,3,3.5,1.73333333333333,0.333333333333333,16.1554944214035,TRUE,FALSE
2014,2014-03-19,"mating",12825,"M","KL","F.9",5.3,2,"capital","G.0",5,7,6.9,1.73333333333333,0.333333333333333,9.48683298050513,TRUE,TRUE
2014,2014-03-19,"mating",13048,"M","KL","C.1",2.6,2,"capital","C.0",2.5,3,3.1,1.73333333333333,0.333333333333333,4.24264068711929,TRUE,TRUE
2014,2014-03-19,"mating",12825,"M","KL","F.9",5.3,2,"capital","G.0",5,7,6.9,1.73333333333333,0.333333333333333,9.48683298050513,TRUE,TRUE
2014,2014-03-19,"mating",12825,"M","KL","F.9",5.2,2,"capital","G.0",5,7,6.9,1.73333333333333,0.333333333333333,6.70820393249937,TRUE,TRUE
2014,2014-03-19,"mating",12018,"M","KL","-2.0",6.9,2,"capital","-2.0",6.7,-2,-2,1.73333333333333,0.333333333333333,6,TRUE,TRUE
2014,2014-03-19,"mating",13466,"M","KL","-1.2",10.2,2,"capital","-1.1",10.2,-1.1,-1.2,1.73333333333333,0.333333333333333,3,TRUE,TRUE
2014,2014-03-19,"mating",19565,"M","KL","A.1",5.3,2,"capital","A.0",5.5,1,1.1,1.73333333333333,0.333333333333333,6.70820393249937,TRUE,TRUE
2014,2014-03-19,"mating",12236,"M","KL","D.9",11,2,"capital","D.9",10.9,4.9,4.9,1.73333333333333,0.333333333333333,2.99999999999999,TRUE,TRUE
2014,2014-03-19,"mating",12678,"M","KL","B.7",10.6,2,"capital","B.6",10.5,2.6,2.7,1.73333333333333,0.333333333333333,4.24264068711928,TRUE,TRUE
2014,2014-03-19,"mating",13466,"M","KL","-1.2",10.2,2,"capital","-1.1",10.2,-1.1,-1.2,1.73333333333333,0.333333333333333,3,TRUE,TRUE
2014,2014-03-20,"mating",19748,"M","KL","-5.3",8.8,2,"capital","-5.0",9,-5,-5.3,1.73333333333333,0.333333333333333,10.816653826392,TRUE,TRUE
2014,2014-03-20,"mating",12576,"M","KL","0.0",4.7,2,"capital","0.0",5,0,0,1.73333333333333,0.333333333333333,9,TRUE,TRUE
2014,2014-03-20,"mating",13466,"M","KL","-1.3",10.2,2,"capital","-1.1",10.2,-1.1,-1.3,1.73333333333333,0.333333333333333,6,TRUE,TRUE
2014,2014-03-20,"mating",19748,"M","KL","-5.7",8.7,2,"capital","-5.0",9,-5,-5.7,1.73333333333333,0.333333333333333,22.8473193175917,TRUE,FALSE
2014,2014-03-20,"mating",11983,"M","KL","J.6",18.9,2,"capital","J.7",19,10.7,10.6,1.73333333333333,0.333333333333333,4.24264068711931,TRUE,TRUE
2014,2014-03-20,"mating",19874,"M","KL","J.4",14.8,3,"income","J.0",14,10,10.4,1.73333333333333,0.333333333333333,26.8328157299975,TRUE,FALSE
2014,2014-03-20,"mating",19874,"M","KL","J.0",13.8,3,"income","J.0",14,10,10,1.73333333333333,0.333333333333333,5.99999999999998,TRUE,TRUE
2014,2014-03-20,"mating",12364,"M","KL","J.1",11.3,2,"capital","J.1",11,10.1,10.1,1.73333333333333,0.333333333333333,9.00000000000002,TRUE,TRUE
2014,2014-03-20,"mating",19874,"M","KL","I.7",14.7,3,"income","J.0",14,10,9.7,1.73333333333333,0.333333333333333,22.8473193175917,TRUE,FALSE
2014,2014-03-20,"mating",19874,"M","KL","J.2",14.1,3,"income","J.0",14,10,10.2,1.73333333333333,0.333333333333333,6.70820393249935,TRUE,TRUE
2014,2014-03-20,"mating",19880,"M","KL","N.1",1.3,2,"capital","J.0",1,10,14.1,1.73333333333333,0.333333333333333,123.328828746567,FALSE,FALSE
2014,2014-03-20,"mating",19791,"M","KL","D.9",1.2,2,"capital","E.0",1.3,5,4.9,1.73333333333333,0.333333333333333,4.24264068711928,TRUE,TRUE
2014,2014-03-20,"mating",13048,"M","KL","C.2",2.6,2,"capital","C.0",2.5,3,3.2,1.73333333333333,0.333333333333333,6.70820393249937,TRUE,TRUE
2014,2014-03-20,"mating",12678,"M","KL","B.7",10.5,2,"capital","B.6",10.5,2.6,2.7,1.73333333333333,0.333333333333333,3,TRUE,TRUE
2014,2014-03-20,"mating",12236,"M","KL","D.8",11,2,"capital","D.9",10.9,4.9,4.8,1.73333333333333,0.333333333333333,4.24264068711929,TRUE,TRUE
2014,2014-03-20,"mating",19815,"M","KL","C.2",9.1,2,"capital","C.0",13,3,3.2,1.73333333333333,0.333333333333333,117.1537451386,FALSE,FALSE
2014,2014-03-20,"mating",19815,"M","KL","C.3",9,2,"capital","C.0",13,3,3.3,1.73333333333333,0.333333333333333,120.337026720789,FALSE,FALSE
2014,2014-03-20,"mating",19815,"M","KL","C.1",9,2,"capital","C.0",13,3,3.1,1.73333333333333,0.333333333333333,120.037494142455,FALSE,FALSE
2014,2014-03-20,"mating",12705,"M","KL","G.2",10.5,2,"capital","G.1",10.5,7.1,7.2,1.73333333333333,0.333333333333333,3.00000000000002,TRUE,TRUE
2014,2014-03-20,"mating",12705,"M","KL","G.2",10.4,2,"capital","G.1",10.5,7.1,7.2,1.73333333333333,0.333333333333333,4.24264068711929,TRUE,TRUE
2014,2014-03-22,"mating",19748,"M","KL","-5.6",8.8,2,"capital","-5.0",9,-5,-5.6,1.73333333333333,0.333333333333333,18.9736659610103,TRUE,FALSE
2014,2014-03-22,"mating",12018,"M","KL","-2.0",6.9,2,"capital","-2.0",6.7,-2,-2,1.73333333333333,0.333333333333333,6,TRUE,TRUE
2014,2014-03-22,"mating",13466,"M","KL","-1.3",10.3,2,"capital","-1.1",10.2,-1.1,-1.3,1.73333333333333,0.333333333333333,6.70820393249939,TRUE,TRUE
2014,2014-03-22,"mating",19748,"M","KL","-5.3",8.8,2,"capital","-5.0",9,-5,-5.3,1.73333333333333,0.333333333333333,10.816653826392,TRUE,TRUE
2014,2014-03-22,"mating",12576,"M","KL","0.0",5.2,2,"capital","0.0",5,0,0,1.73333333333333,0.333333333333333,6,TRUE,TRUE
2014,2014-03-22,"mating",19565,"M","KL","A.3",5.4,2,"capital","A.0",5.5,1,1.3,1.73333333333333,0.333333333333333,9.48683298050514,TRUE,TRUE
2014,2014-03-22,"mating",19748,"M","KL","-5.1",8.7,2,"capital","-5.0",9,-5,-5.1,1.73333333333333,0.333333333333333,9.48683298050515,TRUE,TRUE
2014,2014-03-22,"mating",19565,"M","KL","A.1",5.5,2,"capital","A.0",5.5,1,1.1,1.73333333333333,0.333333333333333,3,TRUE,TRUE
2014,2014-03-22,"mating",19748,"M","KL","-5.2",8.7,2,"capital","-5.0",9,-5,-5.2,1.73333333333333,0.333333333333333,10.816653826392,TRUE,TRUE
2014,2014-03-22,"mating",19565,"M","KL","A.1",5.4,2,"capital","A.0",5.5,1,1.1,1.73333333333333,0.333333333333333,4.24264068711928,TRUE,TRUE
2014,2014-03-22,"mating",13466,"M","KL","-1.2",10.3,2,"capital","-1.1",10.2,-1.1,-1.2,1.73333333333333,0.333333333333333,4.24264068711931,TRUE,TRUE
2014,2014-03-22,"mating",19565,"M","KL","A.2",5.4,2,"capital","A.0",5.5,1,1.2,1.73333333333333,0.333333333333333,6.70820393249936,TRUE,TRUE
2014,2014-03-23,"mating",13048,"M","KL","C.2",2.6,2,"capital","C.0",2.5,3,3.2,1.73333333333333,0.333333333333333,6.70820393249937,TRUE,TRUE
2014,2014-03-23,"mating",12825,"M","KL","F.9",5.1,2,"capital","G.0",5,7,6.9,1.73333333333333,0.333333333333333,4.24264068711927,TRUE,TRUE
2014,2014-03-23,"mating",13048,"M","KL","C.1",2.6,2,"capital","C.0",2.5,3,3.1,1.73333333333333,0.333333333333333,4.24264068711929,TRUE,TRUE
2014,2014-03-23,"mating",19791,"M","KL","E.0",1.3,2,"capital","E.0",1.3,5,5,1.73333333333333,0.333333333333333,0,TRUE,TRUE
2014,2014-03-23,"mating",13048,"M","KL","C.4",2.6,2,"capital","C.0",2.5,3,3.4,1.73333333333333,0.333333333333333,12.369316876853,TRUE,TRUE
2014,2014-03-23,"mating",12825,"M","KL","F.9",5.3,2,"capital","G.0",5,7,6.9,1.73333333333333,0.333333333333333,9.48683298050513,TRUE,TRUE
2014,2014-03-23,"mating",19791,"M","KL","E.1",1.2,2,"capital","E.0",1.3,5,5.1,1.73333333333333,0.333333333333333,4.24264068711928,TRUE,TRUE
2014,2014-03-23,"mating",13048,"M","KL","C.1",3.2,2,"capital","C.0",2.5,3,3.1,1.73333333333333,0.333333333333333,21.2132034355964,TRUE,FALSE
2014,2014-03-23,"mating",12825,"M","KL","F.9",5.3,2,"capital","G.0",5,7,6.9,1.73333333333333,0.333333333333333,9.48683298050513,TRUE,TRUE
2014,2014-03-23,"mating",13048,"M","KL","C.3",2.6,2,"capital","C.0",2.5,3,3.3,1.73333333333333,0.333333333333333,9.48683298050513,TRUE,TRUE
2014,2014-03-23,"mating",13048,"M","KL","C.2",2.5,2,"capital","C.0",2.5,3,3.2,1.73333333333333,0.333333333333333,6,TRUE,TRUE
2014,2014-03-23,"mating",13048,"M","KL","C.1",2.7,2,"capital","C.0",2.5,3,3.1,1.73333333333333,0.333333333333333,6.70820393249937,TRUE,TRUE
2014,2014-03-22,"mating",12364,"M","KL","J.5",11.5,2,"capital","J.1",11,10.1,10.5,1.73333333333333,0.333333333333333,19.2093727122986,TRUE,FALSE
2014,2014-03-22,"mating",13179,"M","KL","N.2",8.6,2,"capital","N.0",8.7,14,14.2,1.73333333333333,0.333333333333333,6.70820393249935,TRUE,TRUE
2014,2014-03-22,"mating",13179,"M","KL","N.5",9.5,2,"capital","N.0",8.7,14,14.5,1.73333333333333,0.333333333333333,28.3019433961698,TRUE,FALSE
2014,2014-03-22,"mating",13179,"M","KL","N.5",8.5,2,"capital","N.0",8.7,14,14.5,1.73333333333333,0.333333333333333,16.1554944214035,TRUE,FALSE
2014,2014-03-22,"mating",11983,"M","KL","J.4",18.7,2,"capital","J.7",19,10.7,10.4,1.73333333333333,0.333333333333333,12.7279220613578,TRUE,TRUE
2014,2014-03-23,"mating",12678,"M","KL","B.6",10.5,2,"capital","B.6",10.5,2.6,2.6,1.73333333333333,0.333333333333333,0,TRUE,TRUE
2014,2014-03-23,"mating",12678,"M","KL","B.8",10.5,2,"capital","B.6",10.5,2.6,2.8,1.73333333333333,0.333333333333333,5.99999999999999,TRUE,TRUE
2014,2014-03-23,"mating",12705,"M","KL","G.2",10.6,2,"capital","G.1",10.5,7.1,7.2,1.73333333333333,0.333333333333333,4.24264068711929,TRUE,TRUE
2014,2014-03-22,"mating",19791,"M","KL","D.8",1.5,3,"income","E.0",1.3,5,4.8,1.73333333333333,0.333333333333333,8.48528137423857,TRUE,TRUE
2014,2014-03-22,"mating",19791,"M","KL","F.1",0.2,2,"capital","E.0",1.3,5,6.1,1.73333333333333,0.333333333333333,46.6690475583121,TRUE,FALSE
2014,2014-03-22,"mating",13048,"M","KL","C.3",3.1,2,"capital","C.0",2.5,3,3.3,1.73333333333333,0.333333333333333,20.1246117974981,TRUE,FALSE
2014,2014-03-22,"mating",12825,"M","KL","F.9",5.3,2,"capital","G.0",5,7,6.9,1.73333333333333,0.333333333333333,9.48683298050513,TRUE,TRUE
2014,2014-03-22,"mating",13048,"M","KL","C.2",2.4,2,"capital","C.0",2.5,3,3.2,1.73333333333333,0.333333333333333,6.70820393249937,TRUE,TRUE
2014,2014-03-22,"mating",13048,"M","KL","C.3",2.4,2,"capital","C.0",2.5,3,3.3,1.73333333333333,0.333333333333333,9.48683298050513,TRUE,TRUE
2014,2014-03-22,"mating",12825,"M","KL","F.9",5.3,2,"capital","G.0",5,7,6.9,1.73333333333333,0.333333333333333,9.48683298050513,TRUE,TRUE
2014,2014-03-23,"mating",19874,"M","KL","J.3",14.2,3,"income","J.0",14,10,10.3,1.73333333333333,0.333333333333333,10.816653826392,TRUE,TRUE
2014,2014-03-23,"mating",19874,"M","KL","J.3",14.2,3,"income","J.0",14,10,10.3,1.73333333333333,0.333333333333333,10.816653826392,TRUE,TRUE
2014,2014-03-23,"mating",19874,"M","KL","J.7",14,3,"income","J.0",14,10,10.7,1.73333333333333,0.333333333333333,21,TRUE,FALSE
2014,2014-03-23,"mating",13179,"M","KL","N.0",8.7,2,"capital","N.0",8.7,14,14,1.73333333333333,0.333333333333333,0,TRUE,TRUE
2014,2014-03-23,"mating",19874,"M","KL","I.6",14,3,"income","J.0",14,10,9.6,1.73333333333333,0.333333333333333,12,TRUE,TRUE
2014,2014-03-23,"mating",13179,"M","KL","N.0",8.6,2,"capital","N.0",8.7,14,14,1.73333333333333,0.333333333333333,2.99999999999999,TRUE,TRUE
2014,2014-03-23,"mating",19874,"M","KL","I.6",14,3,"income","J.0",14,10,9.6,1.73333333333333,0.333333333333333,12,TRUE,TRUE
2014,2014-03-23,"mating",19874,"M","KL","I.6",14,3,"income","J.0",14,10,9.6,1.73333333333333,0.333333333333333,12,TRUE,TRUE
2014,2014-03-23,"mating",11983,"M","KL","J.4",18.8,2,"capital","J.7",19,10.7,10.4,1.73333333333333,0.333333333333333,10.8166538263919,TRUE,TRUE
2014,2014-03-22,"mating",19815,"M","KL","C.4",9.1,2,"capital","C.0",13,3,3.4,1.73333333333333,0.333333333333333,117.613774703476,FALSE,FALSE
2014,2014-03-22,"mating",12705,"M","KL","G.1",10.5,2,"capital","G.1",10.5,7.1,7.1,1.73333333333333,0.333333333333333,0,TRUE,TRUE
2014,2014-03-23,"mating",12576,"M","KL","0.0",5.1,2,"capital","0.0",5,0,0,1.73333333333333,0.333333333333333,2.99999999999999,TRUE,TRUE
2014,2014-03-23,"mating",13466,"M","KL","-1.2",10.1,2,"capital","-1.1",10.2,-1.1,-1.2,1.73333333333333,0.333333333333333,4.24264068711928,TRUE,TRUE
2014,2014-03-23,"mating",19748,"M","KL","-5.1",8.7,2,"capital","-5.0",9,-5,-5.1,1.73333333333333,0.333333333333333,9.48683298050515,TRUE,TRUE
2014,2014-03-23,"mating",19748,"M","KL","-5.2",8.7,2,"capital","-5.0",9,-5,-5.2,1.73333333333333,0.333333333333333,10.816653826392,TRUE,TRUE
2014,2014-03-23,"mating",12576,"M","KL","-0.1",5.1,2,"capital","0.0",5,0,-0.1,1.73333333333333,0.333333333333333,4.24264068711928,TRUE,TRUE
2014,2014-03-23,"mating",19565,"M","KL","A.1",5.4,2,"capital","A.0",5.5,1,1.1,1.73333333333333,0.333333333333333,4.24264068711928,TRUE,TRUE
2014,2014-03-23,"mating",19565,"M","KL","A.3",5.5,2,"capital","A.0",5.5,1,1.3,1.73333333333333,0.333333333333333,9,TRUE,TRUE
2014,2014-03-23,"mating",13466,"M","KL","-1.3",10.1,2,"capital","-1.1",10.2,-1.1,-1.3,1.73333333333333,0.333333333333333,6.70820393249936,TRUE,TRUE
2014,2014-03-23,"mating",19748,"M","KL","-5.2",8.8,2,"capital","-5.0",9,-5,-5.2,1.73333333333333,0.333333333333333,8.48528137423856,TRUE,TRUE
2014,2014-03-24,"mating",19565,"M","KL","A.2",5.7,2,"capital","A.0",5.5,1,1.2,1.73333333333333,0.333333333333333,8.48528137423857,TRUE,TRUE
2014,2014-03-24,"mating",12576,"M","KL","0.0",5.1,2,"capital","0.0",5,0,0,1.73333333333333,0.333333333333333,2.99999999999999,TRUE,TRUE
2014,2014-03-24,"mating",13179,"M","KL","N.0",8.7,2,"capital","N.0",8.7,14,14,1.73333333333333,0.333333333333333,0,TRUE,TRUE
2014,2014-03-24,"mating",19874,"M","KL","J.4",14.9,3,"income","J.0",14,10,10.4,1.73333333333333,0.333333333333333,29.5465734053883,TRUE,FALSE
2014,2014-03-24,"mating",19874,"M","KL","H.4",16.6,3,"income","J.0",14,10,8.4,1.73333333333333,0.333333333333333,91.5860251348425,FALSE,FALSE
2014,2014-03-24,"mating",19874,"M","KL","J.1",14.2,3,"income","J.0",14,10,10.1,1.73333333333333,0.333333333333333,6.70820393249935,TRUE,TRUE
2014,2014-03-24,"mating",19874,"M","KL","J.4",14,2,"capital","J.0",14,10,10.4,1.73333333333333,0.333333333333333,12,TRUE,TRUE
2014,2014-03-24,"mating",11983,"M","KL","J.7",18.9,2,"capital","J.7",19,10.7,10.7,1.73333333333333,0.333333333333333,3.00000000000004,TRUE,TRUE
2014,2014-03-24,"mating",13179,"M","KL","M.9",8.8,2,"capital","N.0",8.7,14,13.9,1.73333333333333,0.333333333333333,4.24264068711931,TRUE,TRUE
2014,2014-03-24,"mating",19815,"M","KL","B.9",8.7,2,"capital","C.0",13,3,2.9,1.73333333333333,0.333333333333333,129.034879005639,FALSE,FALSE
2014,2014-03-24,"mating",19815,"M","KL","C.7",8.9,2,"capital","C.0",13,3,3.7,1.73333333333333,0.333333333333333,124.779806058513,FALSE,FALSE
2014,2014-03-24,"mating",13466,"M","KL","-1.4",10.4,2,"capital","-1.1",10.2,-1.1,-1.4,1.73333333333333,0.333333333333333,10.816653826392,TRUE,TRUE
2014,2014-03-24,"mating",12678,"M","KL","C.4",10.7,2,"capital","B.6",10.5,2.6,3.4,1.73333333333333,0.333333333333333,24.738633753706,TRUE,FALSE
2014,2014-03-24,"mating",19815,"M","KL","C.4",9.2,2,"capital","C.0",13,3,3.4,1.73333333333333,0.333333333333333,114.629839047257,FALSE,FALSE
2014,2014-03-24,"mating",13466,"M","KL","-1.4",10.2,2,"capital","-1.1",10.2,-1.1,-1.4,1.73333333333333,0.333333333333333,9,TRUE,TRUE
2014,2014-03-24,"mating",12678,"M","KL","B.9",10.5,2,"capital","B.6",10.5,2.6,2.9,1.73333333333333,0.333333333333333,9,TRUE,TRUE
2014,2014-03-24,"mating",19815,"M","KL","C.4",9.2,2,"capital","C.0",13,3,3.4,1.73333333333333,0.333333333333333,114.629839047257,FALSE,FALSE
2014,2014-03-24,"mating",13466,"M","KL","-1.4",10.3,2,"capital","-1.1",10.2,-1.1,-1.4,1.73333333333333,0.333333333333333,9.48683298050515,TRUE,TRUE
2014,2014-03-24,"mating",12678,"M","KL","C.3",10.7,2,"capital","B.6",10.5,2.6,3.3,1.73333333333333,0.333333333333333,21.8403296678415,TRUE,FALSE
2014,2014-03-24,"mating",13466,"M","KL","-1.3",10.3,2,"capital","-1.1",10.2,-1.1,-1.3,1.73333333333333,0.333333333333333,6.70820393249939,TRUE,TRUE
2014,2014-03-24,"mating",12678,"M","KL","B.8",10.5,2,"capital","B.6",10.5,2.6,2.8,1.73333333333333,0.333333333333333,5.99999999999999,TRUE,TRUE
2014,2014-03-24,"mating",13466,"M","KL","-1.4",10.3,2,"capital","-1.1",10.2,-1.1,-1.4,1.73333333333333,0.333333333333333,9.48683298050515,TRUE,TRUE
2014,2014-03-25,"mating",12576,"M","KL","0.0",4.9,2,"capital","0.0",5,0,0,1.73333333333333,0.333333333333333,2.99999999999999,TRUE,TRUE
2014,2014-03-25,"mating",12825,"M","KL","F.8",5.1,2,"capital","G.0",5,7,6.8,1.73333333333333,0.333333333333333,6.70820393249937,TRUE,TRUE
2014,2014-03-25,"mating",19565,"M","KL","A.2",5.5,2,"capital","A.0",5.5,1,1.2,1.73333333333333,0.333333333333333,6,TRUE,TRUE
2014,2014-03-25,"mating",12825,"M","KL","F.9",5.2,2,"capital","G.0",5,7,6.9,1.73333333333333,0.333333333333333,6.70820393249937,TRUE,TRUE
2014,2014-03-25,"mating",13048,"M","KL","C.0",2.5,2,"capital","C.0",2.5,3,3,1.73333333333333,0.333333333333333,0,TRUE,TRUE
2014,2014-03-25,"mating",13048,"M","KL","C.1",2.6,2,"capital","C.0",2.5,3,3.1,1.73333333333333,0.333333333333333,4.24264068711929,TRUE,TRUE
2014,2014-03-25,"mating",12576,"M","KL","0.0",5.2,2,"capital","0.0",5,0,0,1.73333333333333,0.333333333333333,6,TRUE,TRUE
2014,2014-03-25,"mating",13048,"M","KL","C.3",2.6,2,"capital","C.0",2.5,3,3.3,1.73333333333333,0.333333333333333,9.48683298050513,TRUE,TRUE
2014,2014-03-25,"mating",19815,"M","KL","C.4",9.2,2,"capital","C.0",13,3,3.4,1.73333333333333,0.333333333333333,114.629839047257,FALSE,FALSE
2014,2014-03-25,"mating",13466,"M","KL","-0.7",10.6,3,"income","-1.1",10.2,-1.1,-0.7,1.73333333333333,0.333333333333333,16.9705627484771,TRUE,FALSE
2014,2014-03-25,"mating",13466,"M","KL","-0.7",9.2,3,"income","-1.1",10.2,-1.1,-0.7,1.73333333333333,0.333333333333333,32.310988842807,TRUE,FALSE
2014,2014-03-25,"mating",12678,"M","KL","B.7",10.7,2,"capital","B.6",10.5,2.6,2.7,1.73333333333333,0.333333333333333,6.70820393249935,TRUE,TRUE
2014,2014-03-25,"mating",13466,"M","KL","-1.4",10.2,2,"capital","-1.1",10.2,-1.1,-1.4,1.73333333333333,0.333333333333333,9,TRUE,TRUE
2014,2014-03-25,"mating",13466,"M","KL","-1.4",10.2,2,"capital","-1.1",10.2,-1.1,-1.4,1.73333333333333,0.333333333333333,9,TRUE,TRUE
2014,2014-03-25,"mating",13466,"M","KL","-1.4",10.2,2,"capital","-1.1",10.2,-1.1,-1.4,1.73333333333333,0.333333333333333,9,TRUE,TRUE
2014,2014-03-25,"mating",19748,"M","KL","-5.4",8.7,2,"capital","-5.0",9,-5,-5.4,1.73333333333333,0.333333333333333,15,TRUE,FALSE
2014,2014-03-25,"mating",13466,"M","KL","-1.4",10.1,2,"capital","-1.1",10.2,-1.1,-1.4,1.73333333333333,0.333333333333333,9.48683298050513,TRUE,TRUE
2014,2014-03-25,"mating",19748,"M","KL","-5.4",8.6,2,"capital","-5.0",9,-5,-5.4,1.73333333333333,0.333333333333333,16.9705627484772,TRUE,FALSE
2014,2014-03-25,"mating",19748,"M","KL","-5.2",8.8,2,"capital","-5.0",9,-5,-5.2,1.73333333333333,0.333333333333333,8.48528137423856,TRUE,TRUE
2014,2014-03-25,"mating",19874,"M","KL","J.4",13.9,2,"capital","J.0",14,10,10.4,1.73333333333333,0.333333333333333,12.369316876853,TRUE,TRUE
2014,2014-03-25,"mating",13179,"M","KL","M.8",7.5,2,"capital","N.0",8.7,14,13.8,1.73333333333333,0.333333333333333,36.4965751817893,TRUE,FALSE
2014,2014-03-25,"mating",19874,"M","KL","I.8",14.7,2,"capital","J.0",14,10,9.8,1.73333333333333,0.333333333333333,21.8403296678415,TRUE,FALSE
2014,2014-03-25,"mating",11983,"M","KL","J.5",18.6,2,"capital","J.7",19,10.7,10.5,1.73333333333333,0.333333333333333,13.4164078649987,TRUE,FALSE
2014,2014-03-25,"mating",13179,"M","KL","M.6",8.6,2,"capital","N.0",8.7,14,13.6,1.73333333333333,0.333333333333333,12.369316876853,TRUE,TRUE
2014,2014-03-25,"mating",11983,"M","KL","J.3",18.9,2,"capital","J.7",19,10.7,10.3,1.73333333333333,0.333333333333333,12.369316876853,TRUE,TRUE
2014,2014-03-25,"mating",13179,"M","KL","M.9",8.4,2,"capital","N.0",8.7,14,13.9,1.73333333333333,0.333333333333333,9.4868329805051,TRUE,TRUE
2014,2014-03-25,"mating",12705,"M","KL","F.7",10.7,2,"capital","G.1",10.5,7.1,6.7,1.73333333333333,0.333333333333333,13.4164078649987,TRUE,FALSE
2014,2014-03-25,"mating",19874,"M","KL","J.4",14.5,2,"capital","J.0",14,10,10.4,1.73333333333333,0.333333333333333,19.2093727122986,TRUE,FALSE
2014,2014-03-26,"mating",12825,"M","KL","F.8",5.4,2,"capital","G.0",5,7,6.8,1.73333333333333,0.333333333333333,13.4164078649987,TRUE,FALSE
2014,2014-03-26,"mating",13048,"M","KL","B.5",2.6,2,"capital","C.0",2.5,3,2.5,1.73333333333333,0.333333333333333,15.2970585407784,TRUE,FALSE
2014,2014-03-26,"mating",12576,"M","KL","-0.3",5.3,2,"capital","0.0",5,0,-0.3,1.73333333333333,0.333333333333333,12.7279220613579,TRUE,TRUE
2014,2014-03-26,"mating",19565,"M","KL","0.9",5.4,2,"capital","A.0",5.5,1,0.9,1.73333333333333,0.333333333333333,4.24264068711928,TRUE,TRUE
2014,2014-03-26,"mating",13048,"M","KL","B.8",2.6,2,"capital","C.0",2.5,3,2.8,1.73333333333333,0.333333333333333,6.70820393249937,TRUE,TRUE
2014,2014-03-26,"mating",19791,"M","KL","E.0",1.3,2,"capital","E.0",1.3,5,5,1.73333333333333,0.333333333333333,0,TRUE,TRUE
2014,2014-03-26,"mating",19565,"M","KL","A.6",5.5,2,"capital","A.0",5.5,1,1.6,1.73333333333333,0.333333333333333,18,TRUE,FALSE
2014,2014-03-26,"mating",12576,"M","KL","-0.2",5.3,2,"capital","0.0",5,0,-0.2,1.73333333333333,0.333333333333333,10.816653826392,TRUE,TRUE
2014,2014-03-26,"mating",12825,"M","KL","F.7",4.9,2,"capital","G.0",5,7,6.7,1.73333333333333,0.333333333333333,9.48683298050513,TRUE,TRUE
2014,2014-03-25,"mating",19748,"M","KL","-5.2",8.8,2,"capital","-5.0",9,-5,-5.2,1.73333333333333,0.333333333333333,8.48528137423856,TRUE,TRUE
2014,2014-03-26,"mating",19874,"M","KL","K.0",13,3,"income","J.0",14,10,11,1.73333333333333,0.333333333333333,42.4264068711929,TRUE,FALSE
2014,2014-03-26,"mating",13179,"M","KL","M.2",8.9,2,"capital","N.0",8.7,14,13.2,1.73333333333333,0.333333333333333,24.738633753706,TRUE,FALSE
2014,2014-03-26,"mating",19874,"M","KL","J.2",14.5,3,"income","J.0",14,10,10.2,1.73333333333333,0.333333333333333,16.1554944214035,TRUE,FALSE
2014,2014-03-26,"mating",13179,"M","KL","M.9",8.7,2,"capital","N.0",8.7,14,13.9,1.73333333333333,0.333333333333333,2.99999999999999,TRUE,TRUE
2014,2014-03-26,"mating",19815,"M","KL","D.7",14.7,2,"capital","C.0",13,3,4.7,1.73333333333333,0.333333333333333,72.1248916810278,FALSE,FALSE
2014,2014-03-26,"mating",11983,"M","KL","J.4",18.9,2,"capital","J.7",19,10.7,10.4,1.73333333333333,0.333333333333333,9.48683298050512,TRUE,TRUE
2014,2014-03-26,"mating",13466,"M","KL","-1.1",10.1,2,"capital","-1.1",10.2,-1.1,-1.1,1.73333333333333,0.333333333333333,2.99999999999999,TRUE,TRUE
2014,2014-03-26,"mating",13466,"M","KL","-1.3",10.2,2,"capital","-1.1",10.2,-1.1,-1.3,1.73333333333333,0.333333333333333,6,TRUE,TRUE
2014,2014-03-27,"mating",19815,"M","KL","C.4",9.3,2,"capital","C.0",13,3,3.4,1.73333333333333,0.333333333333333,111.64676439557,FALSE,FALSE
2014,2014-03-27,"mating",13466,"M","KL","-1.4",10.4,2,"capital","-1.1",10.2,-1.1,-1.4,1.73333333333333,0.333333333333333,10.816653826392,TRUE,TRUE
2014,2014-03-27,"mating",13466,"M","KL","-0.9",10.5,2,"capital","-1.1",10.2,-1.1,-0.9,1.73333333333333,0.333333333333333,10.816653826392,TRUE,TRUE
2014,2014-03-27,"mating",12705,"M","KL","F.7",10.5,2,"capital","G.1",10.5,7.1,6.7,1.73333333333333,0.333333333333333,12,TRUE,TRUE
2014,2014-03-27,"mating",13466,"M","KL","-1.4",10.2,2,"capital","-1.1",10.2,-1.1,-1.4,1.73333333333333,0.333333333333333,9,TRUE,TRUE
2014,2014-03-27,"mating",19874,"M","KL","J.0",14.7,3,"income","J.0",14,10,10,1.73333333333333,0.333333333333333,21,TRUE,FALSE
2014,2014-03-27,"mating",19874,"M","KL","J.4",15.5,3,"income","J.0",14,10,10.4,1.73333333333333,0.333333333333333,46.5725240887801,TRUE,FALSE
2014,2014-03-27,"mating",11983,"M","KL","J.4",18.8,2,"capital","J.7",19,10.7,10.4,1.73333333333333,0.333333333333333,10.8166538263919,TRUE,TRUE
2014,2014-03-27,"mating",13179,"M","KL","O.3",3,3,"income","N.0",8.7,14,15.3,1.73333333333333,0.333333333333333,175.390991786922,FALSE,FALSE
2014,2014-03-27,"mating",19874,"M","KL","J.2",14.2,3,"income","J.0",14,10,10.2,1.73333333333333,0.333333333333333,8.48528137423854,TRUE,TRUE
2014,2014-03-27,"mating",11983,"M","KL","J.4",18.9,2,"capital","J.7",19,10.7,10.4,1.73333333333333,0.333333333333333,9.48683298050512,TRUE,TRUE
2014,2014-03-27,"mating",12576,"M","KL","-0.1",5.1,2,"capital","0.0",5,0,-0.1,1.73333333333333,0.333333333333333,4.24264068711928,TRUE,TRUE
2014,2014-03-27,"mating",12825,"M","KL","F.8",5.2,2,"capital","G.0",5,7,6.8,1.73333333333333,0.333333333333333,8.48528137423858,TRUE,TRUE
2014,2014-03-27,"mating",13048,"M","KL","C.0",2.1,2,"capital","C.0",2.5,3,3,1.73333333333333,0.333333333333333,12,TRUE,TRUE
2014,2014-03-27,"mating",12825,"M","KL","F.8",5.2,2,"capital","G.0",5,7,6.8,1.73333333333333,0.333333333333333,8.48528137423858,TRUE,TRUE
2014,2014-03-27,"mating",19815,"M","KL","C.3",9,2,"capital","C.0",13,3,3.3,1.73333333333333,0.333333333333333,120.337026720789,FALSE,FALSE
2014,2014-03-27,"mating",12825,"M","KL","F.8",5.2,2,"capital","G.0",5,7,6.8,1.73333333333333,0.333333333333333,8.48528137423858,TRUE,TRUE
2014,2014-03-29,"mating",12576,"M","KL","-0.9",5.3,2,"capital","0.0",5,0,-0.9,1.73333333333333,0.333333333333333,28.4604989415154,TRUE,FALSE
2014,2014-03-29,"mating",19565,"M","KL","A.3",5.4,2,"capital","A.0",5.5,1,1.3,1.73333333333333,0.333333333333333,9.48683298050514,TRUE,TRUE
2014,2014-03-29,"mating",13466,"M","KL","-1.4",10.4,2,"capital","-1.1",10.2,-1.1,-1.4,1.73333333333333,0.333333333333333,10.816653826392,TRUE,TRUE
2014,2014-03-29,"mating",13466,"M","KL","-1.3",10.4,2,"capital","-1.1",10.2,-1.1,-1.3,1.73333333333333,0.333333333333333,8.48528137423859,TRUE,TRUE
2014,2014-03-29,"mating",12576,"M","KL","-0.4",5.3,2,"capital","0.0",5,0,-0.4,1.73333333333333,0.333333333333333,15,TRUE,FALSE
2014,2014-03-29,"mating",13466,"M","KL","-1.3",10.4,2,"capital","-1.1",10.2,-1.1,-1.3,1.73333333333333,0.333333333333333,8.48528137423859,TRUE,TRUE
2014,2014-03-29,"mating",13466,"M","KL","-1.4",10.4,2,"capital","-1.1",10.2,-1.1,-1.4,1.73333333333333,0.333333333333333,10.816653826392,TRUE,TRUE
2014,2014-03-29,"mating",13466,"M","KL","1.4",10.4,2,"capital","-1.1",10.2,-1.1,1.4,1.73333333333333,0.333333333333333,75.2396172239067,FALSE,FALSE
2014,2014-03-29,"mating",12705,"M","KL","F.8",10.5,2,"capital","G.1",10.5,7.1,6.8,1.73333333333333,0.333333333333333,9,TRUE,TRUE
2014,2014-03-29,"mating",13466,"M","KL","-1.4",10.5,2,"capital","-1.1",10.2,-1.1,-1.4,1.73333333333333,0.333333333333333,12.7279220613579,TRUE,TRUE
2014,2014-03-29,"mating",19565,"M","KL","A.0",5.4,2,"capital","A.0",5.5,1,1,1.73333333333333,0.333333333333333,2.99999999999999,TRUE,TRUE
2014,2014-03-29,"mating",19791,"M","KL","D.8",1.7,3,"income","E.0",1.3,5,4.8,1.73333333333333,0.333333333333333,13.4164078649987,TRUE,FALSE
2014,2014-03-29,"mating",19815,"M","KL","C.0",9,3,"income","C.0",13,3,3,1.73333333333333,0.333333333333333,120,FALSE,FALSE
2014,2014-03-29,"mating",12825,"M","KL","F.9",5.3,2,"capital","G.0",5,7,6.9,1.73333333333333,0.333333333333333,9.48683298050513,TRUE,TRUE
2014,2014-03-29,"mating",12825,"M","KL","F.9",5.3,2,"capital","G.0",5,7,6.9,1.73333333333333,0.333333333333333,9.48683298050513,TRUE,TRUE
2014,2014-03-29,"mating",19874,"M","KL","J.0",14.9,3,"income","J.0",14,10,10,1.73333333333333,0.333333333333333,27,TRUE,FALSE
2014,2014-03-29,"mating",13179,"M","KL","M.9",8.7,2,"capital","N.0",8.7,14,13.9,1.73333333333333,0.333333333333333,2.99999999999999,TRUE,TRUE
2014,2014-03-29,"mating",13179,"M","KL","M.9",8.6,2,"capital","N.0",8.7,14,13.9,1.73333333333333,0.333333333333333,4.24264068711927,TRUE,TRUE
2014,2014-03-29,"mating",13179,"M","KL","M.9",8.6,2,"capital","N.0",8.7,14,13.9,1.73333333333333,0.333333333333333,4.24264068711927,TRUE,TRUE
2014,2014-03-29,"mating",19874,"M","KL","I.6",13.9,3,"income","J.0",14,10,9.6,1.73333333333333,0.333333333333333,12.369316876853,TRUE,TRUE
2014,2014-03-29,"mating",19874,"M","KL","I.6",14,3,"income","J.0",14,10,9.6,1.73333333333333,0.333333333333333,12,TRUE,TRUE
2014,2014-03-30,"mating",19791,"M","KL","D.9",0.9,2,"capital","E.0",1.3,5,4.9,1.73333333333333,0.333333333333333,12.369316876853,TRUE,TRUE
2014,2014-03-30,"mating",19815,"M","KL","C.8",9.5,3,"income","C.0",13,3,3.8,1.73333333333333,0.333333333333333,107.707938426097,FALSE,FALSE
2014,2014-03-30,"mating",19791,"M","KL","E.0",1.2,2,"capital","E.0",1.3,5,5,1.73333333333333,0.333333333333333,3,TRUE,TRUE
2014,2014-03-30,"mating",19791,"M","KL","E.1",1.1,2,"capital","E.0",1.3,5,5.1,1.73333333333333,0.333333333333333,6.70820393249936,TRUE,TRUE
2014,2014-03-30,"mating",11983,"M","KL","K.0",18.4,2,"capital","J.7",19,10.7,11,1.73333333333333,0.333333333333333,20.1246117974982,TRUE,FALSE
2014,2014-03-30,"mating",11983,"M","KL","J.5",18.5,2,"capital","J.7",19,10.7,10.5,1.73333333333333,0.333333333333333,16.1554944214035,TRUE,FALSE
2014,2014-03-30,"mating",11983,"M","KL","J.8",18.8,2,"capital","J.7",19,10.7,10.8,1.73333333333333,0.333333333333333,6.70820393249937,TRUE,TRUE
2014,2014-03-30,"mating",13179,"M","KL","M.8",8.5,2,"capital","N.0",8.7,14,13.8,1.73333333333333,0.333333333333333,8.48528137423854,TRUE,TRUE
2014,2014-03-30,"mating",11983,"M","KL","J.5",18.9,2,"capital","J.7",19,10.7,10.5,1.73333333333333,0.333333333333333,6.70820393249937,TRUE,TRUE
2014,2014-03-30,"mating",13179,"M","KL","M.7",8.6,2,"capital","N.0",8.7,14,13.7,1.73333333333333,0.333333333333333,9.48683298050515,TRUE,TRUE
2014,2014-03-30,"mating",19874,"M","KL","J.5",13.8,2,"capital","J.0",14,10,10.5,1.73333333333333,0.333333333333333,16.1554944214035,TRUE,FALSE
2014,2014-03-30,"mating",11983,"M","KL","J.5",18.9,2,"capital","J.7",19,10.7,10.5,1.73333333333333,0.333333333333333,6.70820393249937,TRUE,TRUE
2014,2014-03-30,"mating",11983,"M","KL","J.6",18.6,2,"capital","J.7",19,10.7,10.6,1.73333333333333,0.333333333333333,12.3693168768529,TRUE,TRUE
2014,2014-03-30,"mating",13179,"M","KL","M.8",8.6,2,"capital","N.0",8.7,14,13.8,1.73333333333333,0.333333333333333,6.70820393249935,TRUE,TRUE
2014,2014-03-30,"mating",12576,"M","KL","0.0",5,2,"capital","0.0",5,0,0,1.73333333333333,0.333333333333333,0,TRUE,TRUE
2014,2014-03-30,"mating",12705,"M","KL","H.3",11.1,2,"capital","G.1",10.5,7.1,8.3,1.73333333333333,0.333333333333333,40.2492235949962,TRUE,FALSE
2014,2014-03-30,"mating",13466,"M","KL","-1.4",10,2,"capital","-1.1",10.2,-1.1,-1.4,1.73333333333333,0.333333333333333,10.816653826392,TRUE,TRUE
2014,2014-03-30,"mating",12576,"M","KL","-0.1",5.1,2,"capital","0.0",5,0,-0.1,1.73333333333333,0.333333333333333,4.24264068711928,TRUE,TRUE
2014,2014-03-30,"mating",19565,"M","KL","A.1",5.3,2,"capital","A.0",5.5,1,1.1,1.73333333333333,0.333333333333333,6.70820393249937,TRUE,TRUE
2014,2014-03-31,"mating",13466,"M","KL","-1.2",10.2,2,"capital","-1.1",10.2,-1.1,-1.2,1.73333333333333,0.333333333333333,3,TRUE,TRUE
2014,2014-03-31,"mating",19565,"M","KL","A.1",5.3,2,"capital","A.0",5.5,1,1.1,1.73333333333333,0.333333333333333,6.70820393249937,TRUE,TRUE
2014,2014-03-31,"mating",12576,"M","KL","0.1",5.2,2,"capital","0.0",5,0,0.1,1.73333333333333,0.333333333333333,6.70820393249937,TRUE,TRUE
2014,2014-03-31,"mating",19565,"M","KL","0.9",4.7,3,"income","A.0",5.5,1,0.9,1.73333333333333,0.333333333333333,24.1867732448956,TRUE,FALSE
2014,2014-03-30,"mating",19815,"M","KL","C.4",9.2,2,"capital","C.0",13,3,3.4,1.73333333333333,0.333333333333333,114.629839047257,FALSE,FALSE
2014,2014-03-30,"mating",12825,"M","KL","F.8",5.1,2,"capital","G.0",5,7,6.8,1.73333333333333,0.333333333333333,6.70820393249937,TRUE,TRUE
2014,2014-03-30,"mating",19815,"M","KL","C.4",9,2,"capital","C.0",13,3,3.4,1.73333333333333,0.333333333333333,120.598507453451,FALSE,FALSE
2014,2014-03-30,"mating",19815,"M","KL","C.4",9,2,"capital","C.0",13,3,3.4,1.73333333333333,0.333333333333333,120.598507453451,FALSE,FALSE
2014,2014-03-30,"mating",19791,"M","KL","E.2",1.2,2,"capital","E.0",1.3,5,5.2,1.73333333333333,0.333333333333333,6.70820393249937,TRUE,TRUE
2014,2014-04-01,"mating",19874,"M","KL","J.6",13.9,3,"income","J.0",14,10,10.6,1.73333333333333,0.333333333333333,18.2482875908946,TRUE,FALSE
2014,2014-04-01,"mating",13179,"M","KL","M.9",8.5,2,"capital","N.0",8.7,14,13.9,1.73333333333333,0.333333333333333,6.70820393249935,TRUE,TRUE
2014,2014-04-01,"mating",11983,"M","KL","J.5",18.8,2,"capital","J.7",19,10.7,10.5,1.73333333333333,0.333333333333333,8.48528137423854,TRUE,TRUE
2014,2014-04-01,"mating",13179,"M","KL","M.9",8.6,2,"capital","N.0",8.7,14,13.9,1.73333333333333,0.333333333333333,4.24264068711927,TRUE,TRUE
2014,2014-03-31,"mating",19874,"M","KL","L.8",12.7,3,"income","J.0",14,10,12.8,1.73333333333333,0.333333333333333,92.6120942425988,FALSE,FALSE
2014,2014-03-31,"mating",13179,"M","KL","P.0",7.8,2,"capital","N.0",8.7,14,16,1.73333333333333,0.333333333333333,65.7951365983839,FALSE,FALSE
2014,2014-03-31,"mating",13179,"M","KL","N.0",8.7,2,"capital","N.0",8.7,14,14,1.73333333333333,0.333333333333333,0,TRUE,TRUE
2014,2014-03-31,"mating",13179,"M","KL","N.0",8.7,2,"capital","N.0",8.7,14,14,1.73333333333333,0.333333333333333,0,TRUE,TRUE
2014,2014-03-31,"mating",19874,"M","KL","I.3",14,3,"income","J.0",14,10,9.3,1.73333333333333,0.333333333333333,21,TRUE,FALSE
2014,2014-03-31,"mating",13179,"M","KL","N.0",8.7,2,"capital","N.0",8.7,14,14,1.73333333333333,0.333333333333333,0,TRUE,TRUE
2014,2014-03-31,"mating",19874,"M","KL","I.8",14.8,3,"income","J.0",14,10,9.8,1.73333333333333,0.333333333333333,24.738633753706,TRUE,FALSE
2014,2014-03-31,"mating",19874,"M","KL","I.3",14.7,3,"income","J.0",14,10,9.3,1.73333333333333,0.333333333333333,29.698484809835,TRUE,FALSE
2014,2014-03-31,"mating",11983,"M","KL","J.4",18.9,2,"capital","J.7",19,10.7,10.4,1.73333333333333,0.333333333333333,9.48683298050512,TRUE,TRUE
2014,2014-04-01,"mating",13466,"M","KL","-1.3",10.1,2,"capital","-1.1",10.2,-1.1,-1.3,1.73333333333333,0.333333333333333,6.70820393249936,TRUE,TRUE
2014,2014-04-01,"mating",12576,"M","KL","0.0",5.2,2,"capital","0.0",5,0,0,1.73333333333333,0.333333333333333,6,TRUE,TRUE
2014,2014-04-01,"mating",12576,"M","KL","-0.1",5.1,2,"capital","0.0",5,0,-0.1,1.73333333333333,0.333333333333333,4.24264068711928,TRUE,TRUE
2014,2014-03-31,"mating",12825,"M","KL","F.7",5.3,2,"capital","G.0",5,7,6.7,1.73333333333333,0.333333333333333,12.7279220613578,TRUE,TRUE
2014,2014-03-31,"mating",19815,"M","KL","B.8",9.7,2,"capital","C.0",13,3,2.8,1.73333333333333,0.333333333333333,99.1816515288993,FALSE,FALSE
2014,2014-03-31,"mating",12825,"M","KL","F.8",5.3,2,"capital","G.0",5,7,6.8,1.73333333333333,0.333333333333333,10.816653826392,TRUE,TRUE
2014,2014-03-31,"mating",19791,"M","KL","E.2",1.2,2,"capital","E.0",1.3,5,5.2,1.73333333333333,0.333333333333333,6.70820393249937,TRUE,TRUE
2014,2014-03-31,"mating",12825,"M","KL","F.8",5.4,2,"capital","G.0",5,7,6.8,1.73333333333333,0.333333333333333,13.4164078649987,TRUE,FALSE
2014,2014-03-31,"mating",19791,"M","KL","E.1",1.3,2,"capital","E.0",1.3,5,5.1,1.73333333333333,0.333333333333333,2.99999999999999,TRUE,TRUE
2014,2014-03-31,"mating",19791,"M","KL","E.1",1.2,2,"capital","E.0",1.3,5,5.1,1.73333333333333,0.333333333333333,4.24264068711928,TRUE,TRUE
2014,2014-03-31,"mating",19791,"M","KL","D.7",1.2,2,"capital","E.0",1.3,5,4.7,1.73333333333333,0.333333333333333,9.48683298050513,TRUE,TRUE
2014,2014-03-31,"mating",12825,"M","KL","G.2",5.4,2,"capital","G.0",5,7,7.2,1.73333333333333,0.333333333333333,13.4164078649987,TRUE,FALSE
2014,2014-03-31,"mating",19791,"M","KL","B.8",1.3,2,"capital","E.0",1.3,5,2.8,1.73333333333333,0.333333333333333,66,FALSE,FALSE
2014,2014-03-31,"mating",12825,"M","KL","F.7",4.9,2,"capital","G.0",5,7,6.7,1.73333333333333,0.333333333333333,9.48683298050513,TRUE,TRUE
2014,2014-03-31,"mating",19791,"M","KL","B.9",1.1,2,"capital","E.0",1.3,5,2.9,1.73333333333333,0.333333333333333,63.285069329187,FALSE,FALSE
2014,2014-04-02,"mating",12825,"M","KL","F.9",5.2,2,"capital","G.0",5,7,6.9,1.73333333333333,0.333333333333333,6.70820393249937,TRUE,TRUE
2014,2014-04-02,"mating",11983,"M","KL","J.4",18.9,2,"capital","J.7",19,10.7,10.4,1.73333333333333,0.333333333333333,9.48683298050512,TRUE,TRUE
2014,2014-04-02,"mating",13179,"M","KL","N.1",8.3,2,"capital","N.0",8.7,14,14.1,1.73333333333333,0.333333333333333,12.3693168768529,TRUE,TRUE
2014,2014-04-02,"mating",19874,"M","KL","I.6",13.9,3,"income","J.0",14,10,9.6,1.73333333333333,0.333333333333333,12.369316876853,TRUE,TRUE
2014,2014-04-02,"mating",11983,"M","KL","J.2",19,2,"capital","J.7",19,10.7,10.2,1.73333333333333,0.333333333333333,15,TRUE,FALSE
2014,2014-04-02,"mating",12825,"M","KL","F.9",5.3,2,"capital","G.0",5,7,6.9,1.73333333333333,0.333333333333333,9.48683298050513,TRUE,TRUE
2014,2014-04-02,"mating",12705,"M","KL","G.2",10.5,2,"capital","G.1",10.5,7.1,7.2,1.73333333333333,0.333333333333333,3.00000000000002,TRUE,TRUE
2014,2014-04-02,"mating",19874,"M","KL","I.7",14,3,"income","J.0",14,10,9.7,1.73333333333333,0.333333333333333,9.00000000000002,TRUE,TRUE
2014,2014-04-03,"mating",19874,"M","KL","I.7",14.8,3,"income","J.0",14,10,9.7,1.73333333333333,0.333333333333333,25.6320112359526,TRUE,FALSE
2014,2014-04-03,"mating",12705,"M","KL","F.6",10.6,2,"capital","G.1",10.5,7.1,6.6,1.73333333333333,0.333333333333333,15.2970585407784,TRUE,FALSE
2014,2014-04-03,"mating",19874,"M","KL","I.9",13.6,3,"income","J.0",14,10,9.9,1.73333333333333,0.333333333333333,12.369316876853,TRUE,TRUE
2014,2014-04-03,"mating",13179,"M","KL","P.3",0.3,2,"capital","N.0",8.7,14,16.3,1.73333333333333,0.333333333333333,261.275716437636,FALSE,FALSE
2014,2014-04-03,"mating",19880,"M","KL","N.1",1.3,2,"capital","J.0",1,10,14.1,1.73333333333333,0.333333333333333,123.328828746567,FALSE,FALSE
2018,2018-02-20,"non-breeding",19981,"M","KL","H.0",11,2,"capital","H.0",11.2,8,8,1.73333333333333,0.333333333333333,5.99999999999998,TRUE,TRUE
2018,2018-03-28,"mating",21387,"M","KL","G.4",6.6,2,"capital","G.5",6.5,7.5,7.4,1.73333333333333,0.333333333333333,4.24264068711927,TRUE,TRUE
2018,2018-03-29,"mating",20866,"M","KL","K.0",5.9,2,"capital","K.0",6.2,11,11,1.73333333333333,0.333333333333333,9,TRUE,TRUE
2018,2018-03-31,"mating",21495,"M","SU","C.6",12,2,"capital","A.0",7,1,3.6,1.73333333333333,0.333333333333333,169.068033643264,FALSE,FALSE
2018,2018-04-05,"mating",19537,"M","SU","B.0",6,3,"income","A.8",5.7,1.8,2,1.73333333333333,0.333333333333333,10.816653826392,TRUE,TRUE
2018,2018-04-07,"mating",20914,"M","KL","6.2",10.8,2,"capital","-6.2",9.8,-6.2,6.2,1.73333333333333,0.333333333333333,373.207716962016,FALSE,FALSE
2018,2018-04-07,"mating",12653,"M","KL","O.5",2.5,2,"capital","P.0",2.7,16,15.5,1.73333333333333,0.333333333333333,16.1554944214035,TRUE,FALSE
2018,2018-04-08,"mating",20523,"M","SU","M.0",4,2,"capital","M.0",4.5,13,13,1.73333333333333,0.333333333333333,15,TRUE,FALSE
2018,2018-04-10,"mating",19981,"M","KL","H.2",11.3,2,"capital","H.0",11.2,8,8.2,1.73333333333333,0.333333333333333,6.70820393249937,TRUE,TRUE
2018,2018-04-10,"mating",21387,"M","KL","G.5",6.6,6,"income","G.5",6.5,7.5,7.5,1.73333333333333,0.333333333333333,2.99999999999999,TRUE,TRUE
2018,2018-04-12,"mating",20778,"M","KL","D.0",4.1,2,"capital","E.0",3.5,5,4,1.73333333333333,0.333333333333333,34.9857113690718,TRUE,FALSE
2018,2018-04-14,"mating",21716,"M","KL","A.1",9.8,2,"capital","A.0",3.3,1,1.1,1.73333333333333,0.333333333333333,195.02307555774,FALSE,FALSE
2018,2018-04-15,"mating",12613,"M","KL","-7.3",9.2,2,"capital","-7.5",9.2,-7.5,-7.3,1.73333333333333,0.333333333333333,6,TRUE,TRUE
2018,2018-04-15,"mating",20825,"M","SU","0.2",3.1,2,"capital","0.5",3,0.5,0.2,1.73333333333333,0.333333333333333,9.48683298050514,TRUE,TRUE
2018,2018-04-17,"mating",12008,"M","KL","K.4",1,2,"capital","G.1",21.3,7.1,11.4,1.73333333333333,0.333333333333333,622.512650473868,FALSE,FALSE
2018,2018-04-19,"mating",20199,"M","KL","-6.7",2.8,2,"capital","-4.9",3.3,-4.9,-6.7,1.73333333333333,0.333333333333333,56.0446250768082,FALSE,FALSE
2018,2018-04-19,"mating",20202,"M","SU","S.0",4.1,2,"capital","S.0",4,19,19,1.73333333333333,0.333333333333333,2.99999999999999,TRUE,TRUE
2020,2020-03-03,"mating",24787,"M","KL","B.9",10,5,"income","J.1",11,10.1,2.9,1.73333333333333,0.333333333333333,218.073382144635,FALSE,FALSE
2020,2020-03-03,"mating",23466,"M","KL","H.0",11.5,5,"income","H.0",11.2,8,8,1.73333333333333,0.333333333333333,9.00000000000002,TRUE,TRUE
2020,2020-03-09,"mating",24033,"M","KL","A.1",3.2,6,"income","A.0",3.3,1,1.1,1.73333333333333,0.333333333333333,4.24264068711928,TRUE,TRUE
2020,2020-03-16,"mating",22891,"M","KL","-2.0",7,2,"capital","-2.0",6.7,-2,-2,1.73333333333333,0.333333333333333,9,TRUE,TRUE
2020,2020-03-23,"mating",22891,"M","KL","-2.0",6.8,2,"capital","-2.0",6.7,-2,-2,1.73333333333333,0.333333333333333,2.99999999999999,TRUE,TRUE
2020,2020-03-25,"mating",24862,"M","SU","P.0",3,6,"income","M.9",7.5,13.9,16,1.73333333333333,0.333333333333333,148.976508215222,FALSE,FALSE
2020,2020-03-25,"mating",22891,"M","KL","-2.0",6.9,2,"capital","-2.0",6.7,-2,-2,1.73333333333333,0.333333333333333,6,TRUE,TRUE
2020,2020-03-26,"mating",24787,"M","KL","L.2",9.8,6,"income","J.1",11,10.1,12.2,1.73333333333333,0.333333333333333,72.5603197346869,FALSE,FALSE
2020,2020-03-29,"mating",22891,"M","KL","-1.9",6.9,2,"capital","-2.0",6.7,-2,-1.9,1.73333333333333,0.333333333333333,6.70820393249937,TRUE,TRUE
2020,2020-04-04,"mating",22891,"M","KL","-1.9",3.5,2,"capital","-2.0",6.7,-2,-1.9,1.73333333333333,0.333333333333333,96.0468635614927,FALSE,FALSE
2020,2020-04-15,"mating",24770,"M","KL","C.5",5.1,2,"capital","D.3",7,4.3,3.5,1.73333333333333,0.333333333333333,61.8465843842649,FALSE,FALSE
2020,2020-04-15,"mating",23724,"M","KL","C.3",10.7,2,"capital","B.6",10.5,2.6,3.3,1.73333333333333,0.333333333333333,21.8403296678415,TRUE,FALSE
2020,2020-04-15,"mating",24411,"M","SU","H.7",4.9,6,"income","H.6",5.1,8.6,8.7,1.73333333333333,0.333333333333333,6.70820393249935,TRUE,TRUE
2020,2020-04-04,"mating",24702,"M","KL","N.1",5.5,2,"capital","I.2",4.9,9.2,14.1,1.73333333333333,0.333333333333333,148.09794056637,FALSE,FALSE
2021,2021-03-23,"mating",24770,"M","KL","C.5",0.6,2,"capital","D.0",7,4,3.5,1.73333333333333,0.333333333333333,192.585046148448,FALSE,FALSE
2021,2021-03-29,"mating",24991,"M","SU","L.2",10.2,2,"capital","L.0",10.5,12,12.2,1.73333333333333,0.333333333333333,10.816653826392,TRUE,TRUE
2021,2021-03-31,"mating",24033,"M","KL","A.0",3.2,2,"capital","A.0",3.3,1,1,1.73333333333333,0.333333333333333,2.99999999999999,TRUE,TRUE
2021,2021-04-04,"mating",23919,"M","KL","-5.7",8.9,2,"capital","-5.0",9,-5,-5.7,1.73333333333333,0.333333333333333,21.2132034355964,TRUE,FALSE
2021,2021-04-15,"mating",24411,"M","SU","E.5",4.6,2,"capital","H.6",5.1,8.6,5.5,1.73333333333333,0.333333333333333,94.2019108086455,FALSE,FALSE
2021,2021-04-19,"mating",24702,"M","KL","I.2",5.1,2,"capital","I.2",4.9,9.2,9.2,1.73333333333333,0.333333333333333,5.99999999999998,TRUE,TRUE
2021,2021-04-19,"mating",24902,"M","KL","M.4",11.9,2,"capital","M.6",12.4,13.6,13.4,1.73333333333333,0.333333333333333,16.1554944214035,TRUE,FALSE
2021,2021-04-21,"mating",23919,"M","KL","-2.2",10.1,2,"capital","-5.0",9,-5,-2.2,1.73333333333333,0.333333333333333,90.2496537389479,FALSE,FALSE
2021,2021-04-24,"mating",24411,"M","SU","K.3",1.4,2,"capital","H.6",5.1,8.6,11.3,1.73333333333333,0.333333333333333,137.411789887185,FALSE,FALSE
2021,2021-04-26,"mating",23938,"M","SU","B.3",3,2,"capital","B.3",3,2.3,2.3,1.73333333333333,0.333333333333333,0,TRUE,TRUE
2021,2021-04-27,"mating",24411,"M","SU","E.2",1.5,2,"capital","H.6",5.1,8.6,5.2,1.73333333333333,0.333333333333333,148.553020837679,FALSE,FALSE
2021,2021-04-27,"mating",24411,"M","SU","E.2",1.8,2,"capital","H.6",5.1,8.6,5.2,1.73333333333333,0.333333333333333,142.144292885786,FALSE,FALSE
2021,2021-04-29,"mating",24532,"M","SU","P.2",4.7,2,"capital","O.9",3,15.9,16.2,1.73333333333333,0.333333333333333,51.7880295048962,TRUE,FALSE
