"sex","mean_distance","median_distance","max_distance","sd_distance","n"
"F",17.6480948951581,15,51.7880295048962,13.3366684422942,5472
"M",16.29450347255,15,51.7880295048962,11.152789396171,10473
