"sex","mean_distance","median_distance","max_distance","sd_distance","n"
"F",9.11003640924186,9.00000000000002,19.2093727122986,5.37678764674367,3492
"M",9.94850044021517,9.48683298050515,19.2093727122986,5.40849139677606,7169
