"sex","mean_distance","median_distance","max_distance","sd_distance","n"
"F",14.1920749623586,13.4164078649987,30,7.93052750268759,2530
"M",11.0038307855866,9.48683298050514,30,7.3225601382111,2436
