"food_type","sex","proportion_overlap"
"cone","M",0.11407249466951
"cone","F",0.10926694329184
"other","M",0.0704526046114432
"other","F",0.0728824688115561
