"midden_status","food_group","count","prop_detail","prob","SE","df","CI_lower","CI_upper","final_prop","Overall"
"on","cone",257,0.681697612732096,0.652,0.0899,Inf,0.3156,0.5473,0.4444,"Overall"
"on","mushroom/truffle",108,0.286472148541114,0.5998,0.1029,Inf,0.1125,0.2224,0.1718,"Overall"
"on","spruce_bud",7,0.0185676392572944,0.6148,0.1702,Inf,0.0052,0.0161,0.0114,"Overall"
"on","other",5,0.013262599469496,0.3727,0.1905,Inf,0.0014,0.0099,0.0049,"Overall"
"off","cone",126,0.591549295774648,0.348,0.0899,Inf,0.1166,0.3177,0.2059,"Overall"
"off","mushroom/truffle",71,0.333333333333333,0.4002,0.1029,Inf,0.0745,0.2024,0.1334,"Overall"
"off","spruce_bud",9,0.0422535211267606,0.3852,0.1702,Inf,0.0056,0.0304,0.0163,"Overall"
"off","other",7,0.0328638497652582,0.6273,0.1905,Inf,0.0084,0.0293,0.0206,"Overall"
