"midden_status","food_group","count","prop_detail","prob","SE","df","CI_lower","CI_upper","final_prop","Overall"
"on","cone",597,0.495435684647303,0.5287,0.052,Inf,0.2115,0.3112,0.2619,"Overall"
"on","mushroom/truffle",133,0.110373443983402,0.4398,0.0579,Inf,0.0366,0.0612,0.0485,"Overall"
"on","spruce_bud",116,0.0962655601659751,0.3796,0.0547,Inf,0.0269,0.0473,0.0365,"Overall"
"on","other",359,0.29792531120332,0.3834,0.0529,Inf,0.0853,0.1462,0.1142,"Overall"
"off","cone",746,0.439340400471143,0.4713,0.052,Inf,0.1634,0.2517,0.2071,"Overall"
"off","mushroom/truffle",245,0.144287396937574,0.5602,0.0579,Inf,0.0643,0.0965,0.0808,"Overall"
"off","spruce_bud",273,0.160777385159011,0.6204,0.0547,Inf,0.0819,0.1158,0.0998,"Overall"
"off","other",434,0.255594817432273,0.6166,0.0529,Inf,0.1301,0.1824,0.1576,"Overall"
