"grid","census_date","year","reflo","locx","locy","squirrel_id"
"SU",2013-05-15,2013,"E.1.","E.3","1.5",10654
"SU",2013-05-15,2013,"P5","P.3","5.0",10655
"SU",2013-05-15,2013,"C18","B.8","18.1",10918
"SU",2013-05-15,2013,"D.17.","D.4","17.1",11002
"SU",2013-05-15,2013,"B7.","B.2","7.6",11434
"SU",2013-05-15,2013,"C.4","C.4","4.0",11576
"SU",2013-05-15,2013,"G.14.","G.5","14.5",11578
"SU",2013-05-15,2013,"P3","O.9","3.0",11722
"SU",2013-05-15,2013,"T6","T.1","6.0",11946
"KL",2013-05-15,2013,"-2.13","-2.5","12.9",12830
"KL",2013-05-15,2013,"05","0.0","5.0",12576
"KL",2013-05-15,2013,"-711","-7.0","11.0",12209
"KL",2013-05-15,2013,"-512","-5.0","12.0",12564
"KL",2013-05-15,2013,"-310","-3.0","10.0",12565
"KL",2013-05-15,2013,"-27","-2.0","6.7",12018
"KL",2013-05-15,2013,"B.10.","B.6","10.5",12678
"KL",2013-05-15,2013,"C13","C.0","13.0",12007
"KL",2013-05-15,2013,"B15.","B.1","15.5",10047
"KL",2013-05-15,2013,"-812","-8.0","12.1",12626
"KL",2013-05-15,2013,"C.19","C.5","19.0",12908
"KL",2013-05-15,2013,"E14.","E.0","14.6",12705
"KL",2013-05-15,2013,"-8.12","-8.5","12.0",11614
"KL",2013-05-15,2013,"E11","D.9","10.9",12236
"KL",2013-05-15,2013,"G10.","G.1","10.5",11266
"KL",2013-05-15,2013,"H15","H.0","15.0",12363
"KL",2013-05-15,2013,"-8.12.","-8.8","12.8",12835
"KL",2013-05-15,2013,"J11","J.1","11.0",12364
"KL",2013-05-15,2013,"J.19","J.7","19.0",11983
"KL",2013-05-15,2013,"K.17","K.8","17.0",13125
"KL",2013-05-15,2013,"-7.6","-7.5","6.2",13445
"KL",2013-05-15,2013,"M.15","M.7","14.9",12542
"KL",2013-05-15,2013,"N8.","N.0","8.7",13179
"KL",2013-05-15,2013,"-66","-6.4","6.3",12137
"KL",2013-05-15,2013,"N1.","N.1","1.3",11945
"KL",2013-05-15,2013,"O1","O.0","1.0",12933
"KL",2013-05-15,2013,"-53","-4.9","3.3",13366
"KL",2013-05-15,2013,"-7.9","-7.5","9.2",12613
"KL",2013-05-15,2013,"G3.","G.0","3.5",13039
"KL",2013-05-15,2013,"G5","G.0","5.0",12825
"KL",2013-05-15,2013,"H.3.","H.7","3.4",11460
"KL",2013-05-15,2013,"I5","I.2","4.9",12445
"KL",2013-05-15,2013,"K6","K.0","6.2",12657
"KL",2013-05-15,2013,"E1","E.0","1.3",12017
"KL",2013-05-15,2013,"C2.","C.0","2.5",13048
"SU",2013-05-15,2013,"K3","K.0","3.1",11952
"SU",2013-05-15,2013,"O2.","O.1","2.3",11953
"SU",2013-05-15,2013,"A19","A.2","19.0",11963
"SU",2013-05-15,2013,"B.1","B.5","1.2",11976
"SU",2013-05-15,2013,"K.8.","K.7","8.4",11979
"SU",2013-05-15,2013,"R.2","R.5","2.0",11981
"SU",2013-05-15,2013,"S8","S.0","7.9",12479
"KL",2013-05-15,2013,"F.21","G.1","21.3",12008
"KL",2013-05-15,2013,"M10","M.1","10.1",10374
"KL",2013-05-15,2013,"J.9","J.2","9.0",12513
"KL",2013-05-15,2013,"G.2","G.3","2.0",10342
"KL",2013-05-15,2013,"I.16","I.6","16.0",12136
"KL",2013-05-15,2013,"D7","D.0","7.0",12422
"KL",2013-05-15,2013,"H9","G.8","9.0",12303
"KL",2013-05-15,2013,"G20.","F.7","20.5",12495
"KL",2013-05-15,2013,"G.18","G.5","17.9",12202
"KL",2013-05-15,2013,"P1","P.1","0.5",11897
"KL",2013-05-15,2013,"F8","F.2","8.0",19257
"KL",2013-05-15,2013,"I2.","I.1","2.6",13012
"KL",2013-05-15,2013,"H6","H.3","6.2",12305
"KL",2013-05-15,2013,"M.8","M.6","7.9",12625
"KL",2013-05-15,2013,"O.2","O.5","2.0",11896
"KL",2013-05-15,2013,"I11","H.8","10.9",12703
"KL",2013-05-15,2013,"-2.4.","-2.6","4.5",12190
"KL",2013-05-15,2013,"-611","-5.9","11.3",13123
"KL",2013-05-15,2013,"-114.","-1.0","14.5",12014
"KL",2013-05-15,2013,"-4.13","-4.1","13.3",12744
"KL",2013-05-15,2013,"-0.12","-0.3","12.0",12827
"KL",2013-05-15,2013,"-1.1.","-1.6","1.5",12664
"KL",2013-05-15,2013,"-38","-3.0","8.0",11619
"KL",2013-05-15,2013,"-4.10","-4.6","10.0",12629
"KL",2013-05-15,2013,"-610","-6.2","9.8",12628
"KL",2013-05-15,2013,"A8","A.0","8.0",12199
"KL",2013-05-15,2013,"B.5.","B.4","5.5",11775
"KL",2013-05-15,2013,"C.0.","C.8","0.6",13010
"KL",2013-05-15,2013,"C12","C.2","12.0",11841
"KL",2013-05-15,2013,"C8.","C.0","8.3",12423
"KL",2013-05-15,2013,"D.5.","D.5","5.6",11256
"KL",2013-05-15,2013,"E3.","E.0","3.5",13185
"KL",2013-05-15,2013,"F17","F.0","17.0",11272
"KL",2013-05-15,2013,"F18.","F.0","18.6",11621
"KL",2013-05-15,2013,"F6.","F.0","6.5",10531
"KL",2013-05-15,2013,"I.2","I.5","1.8",10995
"KL",2013-05-15,2013,"I.20.","I.6","20.3",11883
"KL",2013-05-15,2013,"J1","J.0","1.0",13535
"KL",2013-05-15,2013,"J.20.","J.5","20.5",11344
"KL",2013-05-15,2013,"K.0.","K.5","0.5",10993
"KL",2013-05-15,2013,"L.1","L.5","0.9",13499
"KL",2013-05-15,2013,"0.2.","0.4","2.6",10046
"KL",2013-05-15,2013,"C.17","C.6","16.9",12745
"KL",2013-05-15,2013,"F3","E.7","2.8",10318
"KL",2013-05-15,2013,"M.12.","M.6","12.4",11957
"KL",2013-05-15,2013,"M7","L.9","7.1",13305
"KL",2013-05-15,2013,"N6","N.0","6.0",12012
"KL",2013-05-15,2013,"O.2.","O.3","2.5",11537
"KL",2013-05-15,2013,"O6","O.5","6.4",13112
"SU",2013-05-15,2013,"T3","T.1","3.0",11531
"SU",2013-05-15,2013,"B.3","B.3","3.0",11534
"SU",2013-05-15,2013,"B.10.","B.6","10.7",11577
"SU",2013-05-15,2013,"U1","U.0","1.2",11943
"SU",2013-05-15,2013,"E11.","E.0","11.5",11998
"SU",2013-05-15,2013,"T.7.","T.5","7.5",11999
"SU",2013-05-15,2013,"D2","D.1","2.1",12003
"SU",2013-05-15,2013,"C.6.","C.7","6.4",10878
"SU",2013-05-15,2013,"B15.","B.0","15.5",12024
"SU",2013-05-15,2013,"J.10.","J.7","10.9",12025
"SU",2013-05-15,2013,"N7.","M.9","7.5",12026
"SU",2013-05-15,2013,"D15","D.1","14.8",12027
"SU",2013-05-15,2013,"-0.5.","-0.5","5.5",12028
"SU",2013-05-15,2013,"C12","C.2","11.9",12029
"SU",2013-05-15,2013,"G8","F.9","8.1",12033
"SU",2013-05-15,2013,"M4.","M.0","4.5",12139
"SU",2013-05-15,2013,"R4","R.0","4.0",12140
"SU",2013-05-15,2013,"-4.5","-4.5","5.0",12165
"SU",2013-05-15,2013,"K.15","K.4","15.0",12180
"SU",2013-05-15,2013,"I16","I.0","16.0",12191
"SU",2013-05-15,2013,"-2.19","-2.5","19.0",12194
"SU",2013-05-15,2013,"0.3","0.5","3.0",12419
"SU",2013-05-15,2013,"O11","O.0","11.0",12432
"SU",2013-05-15,2013,"Q11","Q.1","10.8",12434
"SU",2013-05-15,2013,"H.12","H.5","12.0",12435
"SU",2013-05-15,2013,"-13","-1.0","3.0",12462
"SU",2013-05-15,2013,"E3.","E.1","3.4",12522
"SU",2013-05-15,2013,"H.10.","H.5","10.5",12524
"SU",2013-05-15,2013,"I14.","I.0","14.5",12550
"SU",2013-05-15,2013,"0.17.","0.7","17.7",12973
"SU",2013-05-15,2013,"S4","S.0","4.0",13000
"SU",2013-05-15,2013,"I.6","I.5","6.1",13085
"SU",2013-05-15,2013,"-2.6","-2.4","6.1",13092
"SU",2013-05-15,2013,"-117","-0.9","17.0",13095
"SU",2013-05-15,2013,"G5.","G.2","5.5",13096
"SU",2013-05-15,2013,"H.9.","H.5","9.6",13097
"SU",2013-05-15,2013,"N5.","N.0","5.5",13129
"SU",2013-05-15,2013,"H4","H.2","4.0",13130
"SU",2013-05-15,2013,"M2","M.1","2.0",13131
"SU",2013-05-15,2013,"D7","C.8","7.0",11996
"SU",2013-05-15,2013,"L.12","L.5","12.0",13385
"SU",2013-05-15,2013,"-315.","-3.0","15.5",13132
"SU",2013-05-15,2013,"U.7","U.5","7.0",13135
"SU",2013-05-15,2013,"Q7","Q.3","7.0",8775
"SU",2013-05-15,2013,"E.6","E.3","6.2",10048
"SU",2013-05-15,2013,"K6.","K.0","6.5",19267
"SU",2013-05-15,2013,"L10.","L.0","10.5",10043
"SU",2013-05-15,2013,"I2.","I.3","2.3",13667
"SU",2013-05-15,2013,"G3","G.0","2.8",13690
"SU",2013-05-15,2013,"B6","A.8","5.7",10037
"KL",2013-05-15,2013,"E14.","E.0","14.6",13332
"KL",2013-05-15,2013,"G1","F.9","1.0",11220
"KL",2013-05-15,2013,"F1","F.0","0.7",12285
"KL",2013-05-15,2013,"F1","F.0","0.7",13288
"KL",2013-05-15,2013,"L11","K.6","10.5",12006
"KL",2012-05-15,2012,"H6","H.3","6.2",10042
"KL",2012-05-15,2012,"0.2.","0.4","2.6",10046
"KL",2012-05-15,2012,"B15.","B.1","15.5",10047
"KL",2012-05-15,2012,"F3","E.7","2.8",10318
"KL",2012-05-15,2012,"G.1.","G.3","1.5",10342
"KL",2012-05-15,2012,"M10","M.1","10.1",10374
"KL",2012-05-15,2012,"F6.","F.0","6.5",10531
"KL",2012-05-15,2012,"-712","-7.0","12.0",10818
"KL",2012-05-15,2012,"K.0.","K.5","0.5",10993
"KL",2012-05-15,2012,"L.1","L.5","0.9",10994
"KL",2012-05-15,2012,"I.2","I.5","1.8",10995
"KL",2012-05-15,2012,"H1","H.0","0.8",11220
"KL",2012-05-15,2012,"D.5.","D.5","5.6",11256
"KL",2012-05-15,2012,"G.10.","G.1","10.5",11266
"KL",2012-05-15,2012,"J1","J.0","1.0",11282
"KL",2012-05-15,2012,"J.20.","J.5","20.5",11344
"KL",2012-05-15,2012,"H.3.","H.7","3.4",11460
"KL",2012-05-15,2012,"N.2.","N.4","2.4",11489
"KL",2012-05-15,2012,"O.2.","O.3","2.5",11537
"KL",2012-05-15,2012,"-8.11","-8.5","11.0",11614
"KL",2012-05-15,2012,"-38","-3.0","8.0",11619
"KL",2012-05-15,2012,"F18.","F.0","18.6",11621
"KL",2012-05-15,2012,"A.3.","A.3","3.5",11622
"KL",2012-05-15,2012,"-6.6.","-6.4","6.5",11625
"KL",2012-05-15,2012,"B.5.","B.4","5.5",11775
"KL",2012-05-15,2012,"C12","C.2","12.0",11841
"KL",2012-05-15,2012,"I.20.","I.6","20.3",11883
"KL",2012-05-15,2012,"O.2","O.5","2.0",11896
"KL",2012-05-15,2012,"P1","P.1","0.5",11897
"KL",2012-05-15,2012,"M.12.","M.6","12.4",11957
"KL",2012-05-15,2012,"J.19","J.7","19.0",11983
"KL",2012-05-15,2012,"L11","K.6","10.5",12006
"KL",2012-05-15,2012,"C13","C.0","13.0",12007
"KL",2012-05-15,2012,"F.21","G.1","21.3",12008
"KL",2012-05-15,2012,"N6","N.0","6.0",12012
"KL",2012-05-15,2012,"G.18","G.5","17.9",12013
"KL",2012-05-15,2012,"-215","-2.0","15.0",12014
"KL",2012-05-15,2012,"-6.6.","-6.4","6.5",12015
"KL",2012-05-15,2012,"E1","E.0","1.3",12017
"KL",2012-05-15,2012,"-27","-2.0","6.7",12018
"KL",2012-05-15,2012,"A5.","A.0","5.5",12019
"KL",2012-05-15,2012,"E14.","E.0","14.6",12036
"KL",2012-05-15,2012,"I.15.","I.4","15.7",12136
"KL",2012-05-15,2012,"-77","-7.0","7.0",12137
"KL",2012-05-15,2012,"-2.4.","-2.6","4.5",12190
"KL",2012-05-15,2012,"F8","F.2","8.0",12305
"KL",2012-05-15,2012,"H15","H.0","15.0",12363
"KL",2012-05-15,2012,"J11","J.1","11.0",12364
"KL",2012-05-15,2012,"D7","D.0","7.0",12422
"KL",2012-05-15,2012,"C8.","C.0","8.3",12423
"KL",2012-05-15,2012,"I5","I.2","4.9",12445
"KL",2012-05-15,2012,"G20.","F.7","20.5",12495
"KL",2012-05-15,2012,"J.9","J.2","9.0",12513
"KL",2012-05-15,2012,"L.15","L.6","15.0",12542
"KL",2012-05-15,2012,"-512","-5.0","12.0",12564
"KL",2012-05-15,2012,"-310","-3.0","10.0",12565
"KL",2012-05-15,2012,"05.","0.1","5.5",12576
"KL",2012-05-15,2012,"-59","-5.0","9.0",12611
"KL",2012-05-15,2012,"-6.8","-6.5","8.0",12613
"KL",2012-05-15,2012,"-79","-7.0","9.0",12613
"KL",2012-05-15,2012,"-63","-6.0","3.0",12620
"KL",2012-05-15,2012,"-53","-4.9","3.3",12623
"KL",2012-05-15,2012,"N9","M.5","7.8",12625
"KL",2012-05-15,2012,"-811","-8.0","11.0",12626
"KL",2012-05-15,2012,"-410","-4.5","10.5",12629
"KL",2012-05-15,2012,"P9","P.0","9.0",12653
"KL",2012-05-15,2012,"K6","K.0","6.2",12657
"KL",2012-05-15,2012,"-1.1.","-1.6","1.5",12664
"KL",2012-05-15,2012,"A8","A.0","8.0",12678
"KL",2012-05-15,2012,"B.10.","B.6","10.5",12678
"KL",2012-05-15,2012,"I11","H.8","10.9",12703
"KL",2012-05-15,2012,"H12","H.0","12.0",12705
"KL",2012-05-15,2012,"M14","L.8","13.9",12706
"KL",2012-05-15,2012,"-414","-4.4","14.0",12744
"KL",2012-05-15,2012,"F17","F.0","17.0",12824
"KL",2012-05-15,2012,"G5","G.0","5.0",12825
"KL",2012-05-15,2012,"-0.12","-0.3","12.0",12827
"KL",2012-05-15,2012,"-312.","-3.0","12.5",12830
"KL",2012-05-15,2012,"-8.12","-8.5","12.0",12835
"KL",2012-05-15,2012,"K7.","K.0","7.5",12876
"KL",2012-05-15,2012,"O1","O.0","1.0",12933
"KL",2012-05-15,2012,"F.1","F.6","1.0",13009
"KL",2012-05-15,2012,"C.1","C.5","1.5",13010
"KL",2012-05-15,2012,"I2.","I.1","2.6",13012
"KL",2012-05-15,2012,"E11","D.9","10.9",13019
"KL",2012-05-15,2012,"G3.","G.0","3.5",13039
"KL",2012-05-15,2012,"C2.","C.0","2.5",13048
"KL",2012-05-15,2012,"O6","O.5","6.4",13112
"KL",2012-05-15,2012,"-5.11.","-5.5","11.5",13123
"KL",2012-05-15,2012,"K.17","K.8","17.0",13125
"KL",2012-05-15,2012,"N8.","N.0","8.7",13179
"KL",2012-05-15,2012,"J14","J.0","14.0",13184
"KL",2012-05-15,2012,"E4","E.0","3.5",13185
"SU",2012-05-15,2012,"B6","A.8","5.7",10037
"SU",2012-05-15,2012,"L10.","L.0","10.5",10043
"SU",2012-05-15,2012,"I.6","I.5","6.1",10191
"SU",2012-05-15,2012,"D9","D.0","9.0",10358
"SU",2012-05-15,2012,"E.1.","E.3","1.5",10654
"SU",2012-05-15,2012,"P5","P.3","5.0",10655
"SU",2012-05-15,2012,"C.6.","C.7","6.4",10878
"SU",2012-05-15,2012,"C18","B.8","18.1",10918
"SU",2012-05-15,2012,"-4.5","-4.5","5.0",10946
"SU",2012-05-15,2012,"K.1","K.3","1.0",11078
"SU",2012-05-15,2012,"B7.","B.2","7.6",11434
"SU",2012-05-15,2012,"T3","T.1","3.0",11531
"SU",2012-05-15,2012,"B.3","B.3","3.0",11534
"SU",2012-05-15,2012,"C.4","C.4","4.0",11576
"SU",2012-05-15,2012,"B.10.","B.6","10.7",11577
"SU",2012-05-15,2012,"G.14.","G.5","14.5",11578
"SU",2012-05-15,2012,"P3","O.9","3.0",11722
"SU",2012-05-15,2012,"Q.6","Q.8","6.0",11944
"SU",2012-05-15,2012,"T6","T.1","6.0",11946
"SU",2012-05-15,2012,"K3","K.0","3.1",11952
"SU",2012-05-15,2012,"O2.","O.1","2.3",11953
"SU",2012-05-15,2012,"A19","A.2","19.0",11963
"SU",2012-05-15,2012,"B.1","B.5","1.2",11976
"SU",2012-05-15,2012,"K.8","K.5","8.0",11979
"SU",2012-05-15,2012,"S8","S.0","7.9",12479
"SU",2012-05-15,2012,"D7.","D.0","7.7",11996
"SU",2012-05-15,2012,"E11.","E.0","11.5",11998
"SU",2012-05-15,2012,"T.7.","T.5","7.5",11999
"SU",2012-05-15,2012,"H.12","H.5","12.0",12000
"SU",2012-05-15,2012,"D2","D.1","2.1",12003
"SU",2012-05-15,2012,"N9","N.0","9.0",12004
"SU",2012-05-15,2012,"Q7","Q.3","7.0",8775
"SU",2012-05-15,2012,"A.15.","A.5","15.6",12024
"SU",2012-05-15,2012,"J.10.","J.7","10.9",12025
"SU",2012-05-15,2012,"N7.","M.9","7.5",12026
"SU",2012-05-15,2012,"D15","D.1","14.8",12027
"SU",2012-05-15,2012,"-0.5.","-0.5","5.5",12028
"SU",2012-05-15,2012,"C12","C.2","11.9",12029
"SU",2012-05-15,2012,"G8","F.9","8.1",12033
"SU",2012-05-15,2012,"M4.","M.0","4.5",12139
"SU",2012-05-15,2012,"F.16","F.3","16.0",12301
"SU",2012-05-15,2012,"0.3","0.5","3.0",12419
"SU",2012-05-15,2012,"O11","O.0","11.0",12432
"SU",2012-05-15,2012,"Q9","Q.0","8.9",12434
"SU",2012-05-15,2012,"N.11","N.6","11.2",12435
"SU",2012-05-15,2012,"-13","-1.0","3.0",12462
"SU",2012-05-15,2012,"Q11","Q.1","10.8",12477
"SU",2012-05-15,2012,"E3.","E.1","3.4",12522
"SU",2012-05-15,2012,"J.4","J.5","4.2",12523
"SU",2012-05-15,2012,"H.9.","H.5","9.6",12524
"SU",2012-05-15,2012,"G9.","G.0","9.3",12526
"SU",2012-05-15,2012,"I14.","I.0","14.5",12550
"SU",2012-05-15,2012,"0.17.","0.7","17.7",12973
"SU",2012-05-15,2012,"-2.6","-2.4","6.1",13092
"SU",2012-05-15,2012,"J9","J.1","9.2",13093
"SU",2012-05-15,2012,"-3.17.","-3.3","17.3",13094
"SU",2012-05-15,2012,"-117","-0.9","17.0",13095
"SU",2012-05-15,2012,"G5.","G.2","5.5",13096
"SU",2012-05-15,2012,"J1","J.0","0.9",13126
"SU",2012-05-15,2012,"N6","M.8","6.0",13129
"SU",2012-05-15,2012,"L1.","L.2","1.7",13131
"SU",2012-05-15,2012,"I2.","I.3","2.3",13667
"SU",2012-05-15,2012,"G3","G.0","2.8",13690
"SU",2012-05-15,2012,"K6.","K.0","6.5",19267
"SU",2014-05-15,2014,"L.12","L.5","12.0",13385
"SU",2014-05-15,2014,"Q11","Q.1","10.8",19832
"SU",2014-05-15,2014,"K6.","K.0","6.5",19267
"SU",2014-05-15,2014,"B.3","B.3","3.0",11534
"SU",2014-05-15,2014,"-2.19","-2.5","19.0",12194
"SU",2014-05-15,2014,"N5.","N.0","5.5",13129
"SU",2014-05-15,2014,"M2","M.1","2.0",19601
"SU",2014-05-15,2014,"Q9","Q.0","8.9",19875
"SU",2014-05-15,2014,"C.5","C.5","5.2",11576
"SU",2014-05-15,2014,"K.1","K.3","1.0",13131
"SU",2014-05-15,2014,"K3","K.0","3.1",13667
"SU",2014-05-15,2014,"B.9.","B.3","9.5",19742
"SU",2014-05-15,2014,"-315.","-3.0","15.5",13132
"SU",2014-05-15,2014,"-4.5","-4.5","5.0",12165
"SU",2014-05-15,2014,"E3.","E.1","3.4",12522
"SU",2014-05-15,2014,"-2.6","-2.4","6.1",13092
"SU",2014-05-15,2014,"A19","A.2","19.0",11963
"SU",2014-05-15,2014,"H.10.","H.5","10.5",13097
"SU",2014-05-15,2014,"O2.","O.1","2.3",11953
"SU",2014-05-15,2014,"E.6","E.3","6.2",10048
"SU",2014-05-15,2014,"0.3","0.5","3.0",12419
"SU",2014-05-15,2014,"D.17.","D.4","17.1",11002
"SU",2014-05-15,2014,"B.10.","B.6","10.7",11577
"SU",2014-05-15,2014,"J.10.","J.7","10.9",12524
"SU",2014-05-15,2014,"-13","-1.0","3.0",12462
"SU",2014-05-15,2014,"-0.5.","-0.5","5.5",12028
"SU",2014-05-15,2014,"K.8","K.5","8.0",11979
"SU",2014-05-15,2014,"G8","F.9","8.1",12033
"SU",2014-05-15,2014,"M4.","M.0","4.5",11952
"SU",2014-05-15,2014,"S8","S.0","7.9",12479
"SU",2014-05-15,2014,"T3","T.1","3.0",11531
"SU",2014-05-15,2014,"0.19","0.5","18.9",12972
"SU",2014-05-15,2014,"F12","F.0","12.1",13438
"SU",2014-05-15,2014,"K.15","K.4","15.0",12180
"SU",2014-05-15,2014,"N7.","M.9","7.5",12026
"SU",2014-05-15,2014,"B.1","B.5","1.2",11976
"SU",2014-05-15,2014,"0.17.","0.7","17.7",12973
"SU",2014-05-15,2014,"P3","O.9","3.0",11722
"SU",2014-05-15,2014,"R.2","R.5","2.0",11981
"SU",2014-05-15,2014,"-117","-0.9","17.0",13095
"SU",2014-05-15,2014,"B7.","B.2","7.6",11434
"SU",2014-05-15,2014,"D15","D.1","14.8",12027
"SU",2014-05-15,2014,"G3","G.0","2.8",13690
"SU",2014-05-15,2014,"G.14.","G.5","14.5",11578
"SU",2014-05-15,2014,"O11","O.0","11.0",12432
"SU",2014-05-15,2014,"H4","H.2","4.0",13130
"SU",2014-05-15,2014,"E.1.","E.3","1.5",10654
"SU",2014-05-15,2014,"E11.","E.0","11.5",11998
"SU",2014-05-15,2014,"L10.","L.0","10.5",10043
"SU",2014-05-15,2014,"D2","D.1","2.1",12003
"SU",2014-05-15,2014,"I16","I.0","16.0",12191
"SU",2014-05-15,2014,"B15.","B.0","15.5",19840
"SU",2014-05-15,2014,"G.1","G.5","1.2",19611
"SU",2014-05-15,2014,"D7.","D.0","7.7",19740
"SU",2014-05-15,2014,"C12","C.2","11.9",12029
"SU",2014-05-15,2014,"C.6.","C.7","6.4",10878
"SU",2014-05-15,2014,"G5.","G.2","5.5",13096
"SU",2014-05-15,2014,"T.7.","T.5","7.5",11999
"SU",2014-05-15,2014,"S4","S.0","4.0",11946
"SU",2014-05-15,2014,"U.7","U.5","7.0",19883
"SU",2014-05-15,2014,"C18","B.8","18.1",10918
"SU",2014-05-15,2014,"Q7","Q.3","7.0",8775
"SU",2014-05-15,2014,"P5","P.3","5.0",19862
"KL",2014-05-15,2014,"-2.4.","-2.6","4.5",12190
"SU",2014-05-15,2014,"-216","-2.3","16.0",13134
"SU",2014-05-15,2014,"J6","J.1","6.3",13085
"KL",2014-05-15,2014,"-7.12.","-7.7","12.7",13412
"SU",2014-05-15,2014,"H.12","H.5","12.0",12435
"KL",2014-05-15,2014,"-7.6","-7.5","6.2",19516
"KL",2014-05-15,2014,"J1","J.0","1.0",19880
"KL",2014-05-15,2014,"-110","-1.1","10.2",13466
"KL",2014-05-15,2014,"H1","H.0","0.8",11220
"KL",2014-05-15,2014,"K.0.","K.5","0.5",10993
"KL",2014-05-15,2014,"N.6","N.7","6.4",11895
"KL",2014-05-15,2014,"J.19","J.7","19.0",11983
"KL",2014-05-15,2014,"H2","H.3","2.0",13012
"KL",2014-05-15,2014,"M.8","M.6","7.9",12625
"KL",2014-05-15,2014,"-114.","-1.0","14.5",19865
"KL",2014-05-15,2014,"E11","D.9","10.9",12236
"KL",2014-05-15,2014,"N6","N.0","6.0",12012
"KL",2014-05-15,2014,"J.9","J.2","9.0",12513
"KL",2014-05-15,2014,"A8","A.0","8.0",12199
"KL",2014-05-15,2014,"-0.12","-0.3","12.0",12827
"KL",2014-05-15,2014,"H6","H.3","6.2",19649
"KL",2014-05-15,2014,"D.5.","D.5","5.6",11256
"KL",2014-05-15,2014,"E14.","E.0","14.6",13332
"KL",2014-05-15,2014,"-38","-3.0","8.0",12210
"KL",2014-05-15,2014,"N1.","N.1","1.3",19583
"KL",2014-05-15,2014,"0.13.","0.4","13.6",19689
"KL",2014-05-15,2014,"K7.","K.0","7.5",13305
"KL",2014-05-15,2014,"-27","-2.0","6.7",12018
"KL",2014-05-15,2014,"-4.10","-4.6","10.0",12629
"KL",2014-05-15,2014,"B.10.","B.6","10.5",12678
"KL",2014-05-15,2014,"05","0.0","5.0",12576
"KL",2014-05-15,2014,"E3.","E.0","3.5",19769
"KL",2014-05-15,2014,"I11","H.8","10.9",12703
"KL",2014-05-15,2014,"-215","-2.0","15.0",19718
"KL",2014-05-15,2014,"-2.13","-2.5","12.9",19881
"KL",2014-05-15,2014,"G.18","G.5","17.9",12202
"KL",2014-05-15,2014,"B.5.","B.4","5.5",11775
"KL",2014-05-15,2014,"C13","C.0","13.0",19815
"KL",2014-05-15,2014,"G10.","G.1","10.5",12705
"KL",2014-05-15,2014,"-711","-7.0","11.0",12626
"KL",2014-05-15,2014,"H.3.","H.7","3.4",19702
"KL",2014-05-15,2014,"A15.","A.1","15.5",13288
"KL",2014-05-15,2014,"F8","F.2","8.0",19257
"KL",2014-05-15,2014,"O10.","O.0","10.5",19707
"KL",2014-05-15,2014,"P1","P.1","0.5",11897
"KL",2014-05-15,2014,"-1.1.","-1.6","1.5",19271
"KL",2014-05-15,2014,"J11","J.1","11.0",12364
"KL",2014-05-15,2014,"M10","M.1","10.1",19706
"KL",2014-05-15,2014,"H12","H.0","12.0",19882
"KL",2014-05-15,2014,"A.7","A.5","7.0",19719
"KL",2014-05-15,2014,"N8.","N.0","8.7",13179
"KL",2014-05-15,2014,"-612","-6.5","12.0",12207
"KL",2014-05-15,2014,"-59","-5.0","9.0",19748
"KL",2014-05-15,2014,"G.2","G.3","2.0",10342
"KL",2014-05-15,2014,"L.17","L.3","16.8",13125
"KL",2014-05-15,2014,"-512","-5.0","12.0",19599
"KL",2014-05-15,2014,"M.12.","M.6","12.4",11957
"KL",2014-05-15,2014,"B4.","B.0","4.5",19564
"KL",2014-05-15,2014,"-611","-5.9","11.3",13123
"KL",2014-05-15,2014,"-66","-6.4","6.3",19561
"KL",2014-05-15,2014,"H6","H.3","6.2",12305
"KL",2014-05-15,2014,"F.21","G.1","21.3",12008
"KL",2014-05-15,2014,"L.15","L.6","15.0",19846
"KL",2014-05-15,2014,"H15","H.0","15.0",12363
"KL",2014-05-15,2014,"C2.","C.0","2.5",13048
"KL",2014-05-15,2014,"-8.12.","-8.8","12.8",19771
"KL",2014-05-15,2014,"0.12","0.4","12.0",19766
"KL",2014-05-15,2014,"I.6.","I.6","6.5",19767
"KL",2014-05-15,2014,"F17","F.0","17.0",19721
"KL",2014-05-15,2014,"-7.9","-7.5","9.2",12613
"KL",2014-05-15,2014,"F18.","F.0","18.6",11621
"KL",2014-05-15,2014,"J.20.","J.5","20.5",19772
"KL",2014-05-15,2014,"F6.","F.0","6.5",19655
"KL",2014-05-15,2014,"G5","G.0","5.0",12825
"KL",2014-05-15,2014,"L11","K.6","10.5",12006
"KL",2014-05-15,2014,"A5.","A.0","5.5",19565
"KL",2014-05-15,2014,"-8.12","-8.5","12.0",11614
"KL",2014-05-15,2014,"B.8","B.7","8.0",12423
"KL",2014-05-15,2014,"E1","E.0","1.3",19791
"KL",2014-05-15,2014,"J14","J.0","14.0",19874
"KL",2014-05-15,2014,"O6","O.5","6.4",13112
"SU",2014-05-15,2014,"B6","A.8","5.7",19537
"SU",2015-05-15,2015,"E3.","E.1","3.4",12522
"KL",2015-05-15,2015,"L.15","L.6","15.0",19846
"KL",2015-05-15,2015,"J14","J.0","14.0",21468
"KL",2015-05-15,2015,"J.19","J.7","19.0",21368
"KL",2015-05-15,2015,"F6.","F.0","6.5",20645
"KL",2015-05-15,2015,"I2.","I.1","2.6",20688
"KL",2015-05-15,2015,"K7.","K.0","7.5",20191
"KL",2015-05-15,2015,"N.13","N.3","12.8",20993
"KL",2015-05-15,2015,"J.9","J.2","9.0",21222
"SU",2015-05-15,2015,"B.3","B.3","3.0",11534
"KL",2015-05-15,2015,"I.16","I.6","16.0",20409
"KL",2015-05-15,2015,"M7","L.9","7.1",13305
"SU",2015-05-15,2015,"E.4.","E.4","4.5",21279
"SU",2015-05-15,2015,"B.1","B.5","1.2",21325
"SU",2015-05-15,2015,"03","-0.5","3.0",20825
"KL",2015-05-15,2015,"G.18","G.5","17.9",21060
"SU",2015-05-15,2015,"E.1.","E.3","1.5",20495
"KL",2015-05-15,2015,"N8.","N.0","8.7",13179
"KL",2015-05-15,2015,"O.8","O.7","8.0",20804
"KL",2015-05-15,2015,"L9","K.8","8.7",20193
"SU",2015-05-15,2015,"-2.6","-2.4","6.1",13092
"SU",2015-05-15,2015,"-13","-1.0","3.0",20059
"SU",2015-05-15,2015,"B.9.","B.3","9.5",19742
"KL",2015-05-15,2015,"M.12.","M.6","12.4",11957
"KL",2015-05-15,2015,"O8","O.2","8.2",13112
"KL",2015-05-15,2015,"F18.","F.0","18.6",21823
"KL",2015-05-15,2015,"H15","H.0","15.0",21513
"KL",2015-05-15,2015,"F17","F.0","17.0",20223
"KL",2015-05-15,2015,"K.15","K.7","14.9",20732
"KL",2015-05-15,2015,"1.2","I.5","1.8",10995
"KL",2015-05-15,2015,"L10","K.9","9.8",20081
"KL",2015-05-15,2015,"G16","G.1","16.0",20220
"KL",2015-05-15,2015,"F20","F.0","19.9",21007
"SU",2015-05-15,2015,"C18","B.8","18.1",20819
"KL",2015-05-15,2015,"J.6.","J.3","6.5",20190
"KL",2015-05-15,2015,"H.6","H.5","5.9",12305
"KL",2015-05-15,2015,"H.2","H.3","2.1",13012
"KL",2015-05-15,2015,"H18.","H.0","18.4",21239
"KL",2015-05-15,2015,"M10","M.1","10.1",20570
"SU",2015-05-15,2015,"-4.5","-4.5","5.0",21043
"SU",2015-05-15,2015,"-315.","-3.0","15.5",21100
"SU",2015-05-15,2015,"B.1","B.5","1.2",11976
"KL",2015-05-15,2015,"K.0.","K.5","0.5",10993
"KL",2015-05-15,2015,"M9","M.0","9.0",20997
"SU",2015-05-15,2015,"C4","B.7","4.0",11576
"KL",2015-05-15,2015,"H.3.","H.7","3.4",19702
"KL",2015-05-15,2015,"I5","I.2","4.9",12445
"KL",2015-05-15,2015,"E11","D.9","10.9",12236
"KL",2015-05-15,2015,"G3.","G.0","3.5",20079
"KL",2015-05-15,2015,"L.12","L.2","12.0",20077
"SU",2015-05-15,2015,"B.10.","B.6","10.7",20939
"KL",2015-05-15,2015,"I5.","I.2","5.8",20295
"KL",2015-05-15,2015,"-310","-3.0","10.0",12565
"SU",2015-05-15,2015,"C.6.","C.7","6.4",21297
"KL",2015-05-15,2015,"D.5.","D.5","5.6",20062
"SU",2015-05-15,2015,"C.5","C.5","5.2",21003
"KL",2015-05-15,2015,"C.0.","C.8","0.6",21155
"KL",2015-05-15,2015,"-110","-1.1","10.2",21238
"SU",2015-05-15,2015,"Q11","Q.1","10.8",19832
"KL",2015-05-15,2015,"-312","-3.0","12.5",21382
"SU",2015-05-15,2015,"N5.","N.0","5.5",13129
"KL",2015-05-15,2015,"F9.","E.9","9.6",20729
"KL",2015-05-15,2015,"I11.","H.3","11.6",19983
"SU",2015-05-15,2015,"M2","M.1","2.0",19601
"SU",2015-05-15,2015,"K1.","K.0","1.7",20943
"SU",2015-05-15,2015,"U5.","U.0","5.5",21169
"KL",2015-05-15,2015,"0.6.","0.5","6.7",19649
"SU",2015-05-15,2015,"S1","S.3","1.1",21866
"KL",2015-05-15,2015,"B.8","B.7","8.0",21396
"KL",2015-05-15,2015,"J2","J.0","2.0",20687
"KL",2015-05-15,2015,"G10.","G.1","10.5",12705
"SU",2015-05-15,2015,"R11","R.5","10.9",21853
"KL",2015-05-15,2015,"G9","G.3","9.2",21331
"KL",2015-05-15,2015,"H9","G.8","9.0",20080
"SU",2015-05-15,2015,"R.2","R.5","2.0",21830
"KL",2015-05-15,2015,"I11","H.8","10.9",19984
"SU",2015-05-15,2015,"U.2.","U.4","2.6",21908
"KL",2015-05-15,2015,"B.5.","B.4","5.5",11775
"KL",2015-05-15,2015,"A10.","A.1","10.5",19766
"SU",2015-05-15,2015,"T.4","T.6","4.2",20200
"KL",2015-05-15,2015,"B15.","B.1","15.5",20628
"SU",2015-05-15,2015,"T6","T.1","6.0",21831
"KL",2015-05-15,2015,"C2.","C.0","2.5",13048
"KL",2015-05-15,2015,"0.13.","0.4","13.6",20862
"KL",2015-05-15,2015,"D15","C.7","14.8",21389
"KL",2015-05-15,2015,"I.3.","I.5","3.8",20685
"SU",2015-05-15,2015,"S4","S.0","4.0",20202
"KL",2015-05-15,2015,"-113","-1.0","13.3",20632
"SU",2015-05-15,2015,"T3","T.1","3.0",11531
"KL",2015-05-15,2015,"H1","H.0","0.8",20198
"KL",2015-05-15,2015,"0.10","0.4","10.0",20919
"SU",2015-05-15,2015,"T.7.","T.5","7.5",11946
"KL",2015-05-15,2015,"F3","E.7","2.8",10342
"SU",2015-05-15,2015,"S8","S.0","7.9",21273
"KL",2015-05-15,2015,"-0.12","-0.3","12.0",20920
"SU",2015-05-15,2015,"U1","U.0","1.2",21864
"KL",2015-05-15,2015,"J1","J.0","1.0",19880
"KL",2015-05-15,2015,"0.12","0.4","12.0",20634
"SU",2015-05-15,2015,"R4","R.0","4.0",19862
"KL",2015-05-15,2015,"G.6.","G.5","6.5",21387
"SU",2015-05-15,2015,"O2.","O.1","2.3",20812
"KL",2015-05-15,2015,"C13","C.0","13.0",19815
"KL",2015-05-15,2015,"F8","F.2","8.0",21022
"SU",2015-05-15,2015,"M4.","M.0","4.5",20523
"KL",2015-05-15,2015,"A.14.","A.6","14.4",20904
"KL",2015-05-15,2015,"G5","G.0","5.0",20864
"SU",2015-05-15,2015,"N4","M.8","3.9",20814
"KL",2015-05-15,2015,"-114.","-1.0","14.5",19881
"KL",2015-05-15,2015,"E7","E.3","7.1",21350
"KL",2015-05-15,2015,"C.9","C.5","9.4",21355
"KL",2015-05-15,2015,"E13","E.0","13.0",21359
"KL",2015-05-15,2015,"C.17","C.6","16.9",12745
"KL",2015-05-15,2015,"-2.11","-2.4","11.0",12827
"KL",2015-05-15,2015,"F1","F.0","0.7",12285
"KL",2015-05-15,2015,"-2.4.","-2.6","4.5",21137
"KL",2015-05-15,2015,"G.2","G.3","2.0",20836
"KL",2015-05-15,2015,"-59","-5.0","9.0",19884
"KL",2015-05-15,2015,"-6.10.","-6.5","10.8",20538
"KL",2015-05-15,2015,"-513","-5.3","12.8",11020
"KL",2015-05-15,2015,"-711","-7.0","11.0",20573
"KL",2015-05-15,2015,"A3.","A.0","3.3",21716
"KL",2015-05-15,2015,"-14","-1.0","4.0",21075
"KL",2015-05-15,2015,"B2","A.9","2.0",19769
"KL",2015-05-15,2015,"-512","-5.0","12.0",19599
"KL",2015-05-15,2015,"-612","-6.5","12.0",12207
"KL",2015-05-15,2015,"-313","-3.0","13.0",20859
"KL",2015-05-15,2015,"-66","-6.4","6.3",20504
"KL",2015-05-15,2015,"-215","-2.0","15.0",20858
"KL",2015-05-15,2015,"-2.5","-2.5","5.1",21366
"SU",2015-05-15,2015,"P5","P.3","5.0",20694
"SU",2015-05-15,2015,"J.10.","J.7","10.9",21281
"KL",2015-05-15,2015,"-611","-5.9","11.3",20537
"SU",2015-05-15,2015,"H.9.","H.5","9.6",13097
"SU",2015-05-15,2015,"G9.","G.0","9.3",20777
"KL",2015-05-15,2015,"-4.10","-4.6","10.0",20916
"SU",2015-05-15,2015,"D5.","D.4","5.4",20341
"SU",2015-05-15,2015,"D10.","D.0","10.4",20940
"KL",2015-05-15,2015,"-63","-6.0","3.0",21365
"SU",2015-05-15,2015,"E10.","D.9","10.5",20941
"SU",2015-05-15,2015,"Q1.","Q.4","1.6",11953
"SU",2015-05-15,2015,"L.12","L.5","12.0",13132
"KL",2015-05-15,2015,"-4.13","-4.1","13.3",12744
"KL",2015-05-15,2015,"05","0.0","5.0",19654
"SU",2015-05-15,2015,"K.15","K.4","15.0",12180
"KL",2015-05-15,2015,"-7.9","-7.5","9.2",12613
"KL",2015-05-15,2015,"B4.","B.0","4.5",20064
"SU",2015-05-15,2015,"G3","G.0","2.8",21357
"KL",2015-05-15,2015,"E1","E.0","1.3",21487
"SU",2015-05-15,2015,"H.5","H.6","5.1",13085
"KL",2015-05-15,2015,"-53","-4.9","3.3",20199
"SU",2015-05-15,2015,"D7.","D.0","7.7",19740
"KL",2015-05-15,2015,"-55","-5.0","5.0",21367
"SU",2015-05-15,2015,"F12","F.0","12.1",21488
"SU",2015-05-15,2015,"G.1","G.5","1.2",10654
"SU",2015-05-15,2015,"A19","A.2","19.0",11963
"SU",2015-05-15,2015,"N7.","M.9","7.5",12026
"KL",2015-05-15,2015,"-27","-2.0","6.7",12018
"SU",2015-05-15,2015,"-2.16.","-2.2","16.4",20954
"SU",2015-05-15,2015,"C.15.","C.2","15.7",21867
"SU",2015-05-15,2015,"K12","K.0","12.0",12435
"KL",2015-05-15,2015,"-11","-1.0","1.0",21247
"KL",2015-05-15,2015,"-1.1.","-1.6","1.5",19719
"SU",2015-05-15,2015,"L10.","L.0","10.5",10043
"SU",2015-05-15,2015,"Q9","Q.0","8.9",19875
"KL",2015-05-15,2015,"D4","D.0","4.0",20778
"KL",2015-05-15,2015,"O.2","O.5","2.0",21276
"KL",2015-05-15,2015,"-7.6","-7.5","6.2",19516
"SU",2015-05-15,2015,"A.1","A.4","0.1",20798
"SU",2015-05-15,2015,"B.12.","B.4","12.8",20447
"SU",2015-05-15,2015,"O.11","O.0","11.0",21031
"SU",2015-05-15,2015,"H17.","H.0","17.5",20044
"SU",2015-05-15,2015,"G8","F.9","8.1",20883
"SU",2015-05-15,2015,"I4","I.3","3.8",13130
"SU",2015-05-15,2015,"K6.","K.0","6.5",11943
"SU",2015-05-15,2015,"B6","A.8","5.7",19537
"SU",2015-05-15,2015,"H.12","H.5","12.0",20235
"SU",2015-05-15,2015,"D.17.","D.4","17.1",11002
"SU",2015-05-15,2015,"M.12.","M.8","12.7",12432
"SU",2015-05-15,2015,"F.16","F.3","16.0",21277
"SU",2015-05-15,2015,"B7.","B.2","7.6",11434
"SU",2015-05-15,2015,"D9","D.0","9.0",13385
"SU",2015-05-15,2015,"G4","G.0","4.0",21058
"SU",2015-05-15,2015,"G.14.","G.5","14.5",19354
"SU",2015-05-15,2015,"A.1.","A.6","1.6",20796
"SU",2015-05-15,2015,"B.8.","B.4","8.6",21868
"SU",2015-05-15,2015,"A7","A.0","7.0",21495
"SU",2015-05-15,2015,"J15","J.0","15.0",21875
"KL",2015-05-15,2015,"M.8","M.6","7.9",20995
"SU",2015-05-15,2015,"-419","-4.1","18.8",21665
"SU",2015-05-15,2015,"-117","-0.9","17.0",13095
"KL",2015-05-15,2015,"D17.","D.3","17.4",13288
"SU",2015-05-15,2015,"-2.20","-2.6","20.2",21907
"SU",2015-05-15,2015,"-2.19","-2.5","19.0",12194
"KL",2015-05-15,2015,"B.10.","B.6","10.5",12678
"SU",2015-05-15,2015,"-0.19","-0.2","19.0",20353
"SU",2015-05-15,2015,"-3.17.","-3.3","17.3",20946
"KL",2015-05-15,2015,"C.19","C.5","19.0",20180
"KL",2015-05-15,2015,"L.1","L.5","0.9",21356
"SU",2015-05-15,2015,"A13","0.9","13.1",19987
"SU",2015-05-15,2015,"D15","D.1","14.8",12027
"SU",2015-05-15,2015,"E.6","E.3","6.2",20342
"SU",2015-05-15,2015,"E12.","E.0","12.6",11998
"SU",2015-05-15,2015,"E7","D.9","7.1",20884
"SU",2015-05-15,2015,"6.16","G.7","16.6",21272
"SU",2015-05-15,2015,"G11","G.2","11.2",20942
"KL",2015-05-15,2015,"I19.","I.1","19.4",12426
"KL",2015-05-15,2015,"I.20.","I.6","20.3",11883
"KL",2015-05-15,2015,"A15.","A.1","15.5",21294
"KL",2015-05-15,2015,"F.21","G.1","21.3",12008
"KL",2015-05-15,2015,"D7","D.0","7.0",19901
"KL",2015-05-15,2015,"J11","J.1","11.0",12364
"KL",2015-05-15,2015,"J10","J.2","10.1",12513
"KL",2015-05-15,2015,"-610","-6.2","9.8",20530
"KL",2015-05-15,2015,"L11","K.6","10.5",21216
"KL",2015-05-15,2015,"H12","H.0","12.0",19713
"KL",2015-05-15,2015,"-212","-2.0","12.2",19764
"KL",2015-05-15,2015,"-7.12.","-7.7","12.7",19718
"KL",2015-05-15,2015,"0.11","0.7","11.0",21377
"KL",2015-05-15,2015,"-515","-5.3","15.0",21882
"KL",2015-05-15,2015,"H11","H.0","11.2",19981
"KL",2015-05-15,2015,"-713","-7.4","13.4",21878
"KL",2015-05-15,2015,"A8","A.0","8.0",13466
"KL",2015-05-15,2015,"-8.12","-8.5","12.0",20868
"KL",2015-05-15,2015,"I13","I.0","13.0",21685
"KL",2015-05-15,2015,"-2.8","-2.8","8.0",12210
"KL",2015-05-15,2015,"M.15","M.7","14.9",20156
"KL",2015-05-15,2015,"N1.","N.1","1.3",19583
"KL",2015-05-15,2015,"N.12","N.7","12.0",10374
"KL",2015-05-15,2015,"N6","N.0","6.0",12012
"KL",2015-05-15,2015,"M14","L.8","13.9",12509
"KL",2015-05-15,2015,"O1","O.0","1.0",20155
"KL",2015-05-15,2015,"L13.","L.2","13.5",20734
"KL",2015-05-15,2015,"K.15.","K.5","15.5",21227
"KL",2015-05-15,2015,"N.10.","N.3","10.5",19706
"KL",2015-05-15,2015,"O.2.","O.3","2.5",12653
"SU",2015-05-15,2015,"J1","J.0","0.9",20945
"SU",2015-05-15,2015,"O.15.","O.5","15.7",21876
"SU",2015-05-15,2015,"-27","-2.2","7.1",21097
"SU",2015-05-15,2015,"H.7.","H.4","7.3",21052
"SU",2015-05-15,2015,"J.2.","J.4","2.6",20944
"SU",2015-05-15,2015,"T11","S.7","11.1",21921
"SU",2015-05-15,2015,"-1.15.","-1.4","15.3",21117
"SU",2015-05-15,2015,"-1.4.","-1.3","4.5",20060
"SU",2015-05-15,2015,"I14.","I.0","14.5",21159
"SU",2015-05-15,2015,"I15","I.0","15.0",12191
"SU",2015-05-15,2015,"A.18","A.2","17.8",20352
"SU",2015-05-15,2015,"C12","C.2","11.9",12029
"SU",2015-05-15,2015,"-0.5.","-0.5","5.5",12028
"SU",2015-05-15,2015,"C.4","C.4","4.0",21004
"SU",2015-05-15,2015,"-314.","-2.9","14.7",13134
"SU",2015-05-15,2015,"U.7","U.5","7.0",21150
"SU",2015-05-15,2015,"G5.","G.2","5.5",13096
"SU",2015-05-15,2015,"O8","N.8","8.1",21328
"SU",2015-05-15,2015,"-219","-3.0","19.0",12972
"SU",2015-05-15,2015,"D2","D.1","2.1",12003
"SU",2015-05-15,2015,"A19.","A.0","19.5",20950
"SU",2015-05-15,2015,"-118","-1.1","18.1",20423
"KL",2015-05-15,2015,"H6","H.3","6.2",20297
"KL",2015-05-15,2015,"O.8.","O.6","8.7",20805
"KL",2015-05-15,2015,"G13","G.1","13.0",21822
"KL",2015-05-15,2015,"F.20.","F.3","20.7",19809
"SU",2015-05-15,2015,"B20","B.3","20.1",20952
"SU",2015-05-15,2015,"-26","-2.0","6.0",21096
"KL",2015-05-15,2015,"I9","I.1","9.2",21223
"SU",2015-05-15,2015,"E11.","E.0","11.5",13438
"KL",2015-05-15,2015,"K19","K.1","19.1",12427
"SU",2015-05-15,2015,"Q3.","Q.0","3.5",20948
"SU",2015-05-15,2015,"K.1","K.3","1.0",19611
"KL",2015-05-15,2015,"P1","P.1","0.5",20756
"KL",2015-05-15,2015,"E.5","E.3","4.8",11256
"KL",2015-05-15,2015,"G4.","G.0","4.5",20865
"KL",2015-05-15,2015,"K1.","J.8","1.6",20686
"KL",2015-05-15,2015,"K6","K.0","6.2",20866
"KL",2015-05-15,2015,"-5.6","-5.4","6.0",19561
"KL",2015-05-15,2015,"C17","C.0","17.2",21910
"KL",2015-05-15,2015,"N.6.","N.7","6.4",11895
"KL",2015-05-15,2015,"H4.","H.0","4.5",20871
"KL",2015-05-15,2015,"E9.","E.0","9.5",19767
"KL",2015-05-15,2015,"H.4","H.5","4.0",20873
"KL",2015-05-15,2015,"F.18.","F.8","18.7",21062
"KL",2015-05-15,2015,"D.8.","D.7","8.4",21023
"SU",2015-05-15,2015,"A17","A.0","17.1",12973
"KL",2015-05-15,2015,"G20.","F.7","20.5",21006
"KL",2015-05-15,2015,"I20","I.0","20.0",20835
"SU",2015-05-15,2015,"D.18.","D.4","18.4",20936
"KL",2015-05-15,2015,"A10","A.0","10.0",20921
"KL",2015-05-15,2015,"G.0.","G.6","0.5",21270
"KL",2015-05-15,2015,"A.13.","A.8","13.3",20635
"KL",2015-05-15,2015,"C6","C.1","6.1",21046
"KL",2015-05-15,2015,"A.11.","A.7","11.5",21257
"SU",2015-05-15,2015,"L.14","L.6","13.9",21395
"KL",2015-05-15,2015,"B.7","B.7","7.0",21048
"KL",2015-05-15,2015,"-214","-2.4","13.9",20857
"KL",2015-05-15,2015,"P2.","P.0","2.7",20525
"KL",2015-05-15,2015,"O6","O.5","6.4",20567
"KL",2015-05-15,2015,"F1.","F.0","1.5",21393
"KL",2015-05-15,2015,"-2.10","-2.4","9.7",20917
"KL",2015-05-15,2015,"-1.8.","-1.5","8.5",21342
"KL",2015-05-15,2015,"-211","-2.0","11.0",20923
"KL",2015-05-15,2015,"E.2.","E.8","2.8",20992
"KL",2015-05-15,2015,"-613","-6.0","13.0",21911
"KL",2015-05-15,2015,"L.17","L.3","16.8",21879
"KL",2015-05-15,2015,"J.20.","J.5","20.5",19874
"KL",2015-05-15,2015,"F11","F.0","11.0",21545
"KL",2015-05-15,2015,"K.20","K.3","20.0",21199
"SU",2015-05-15,2015,"-32","-2.9","2.1",20061
"SU",2015-05-15,2015,"-2.1","-2.8","1.2",20797
"SU",2015-05-15,2015,"K.8","K.5","8.0",21265
"KL",2015-05-15,2015,"-38","-3.0","8.0",20918
"SU",2015-05-15,2015,"K3","K.0","3.1",20944
"SU",2015-05-15,2015,"Q7","Q.3","7.0",11979
"SU",2015-05-15,2015,"P3","O.9","3.0",20813
"KL",2015-05-15,2015,"H11","H.0","11.2",12363
"KL",2015-05-15,2015,"E11","D.9","10.9",12236
"SU",2016-05-15,2016,"-2.6","-2.4","6.1",13092
"SU",2016-05-15,2016,"H.12","H.5","12.0",20235
"SU",2016-05-15,2016,"H17.","H.0","17.5",20044
"SU",2016-05-15,2016,"J1","J.0","0.9",20945
"SU",2016-05-15,2016,"J.10.","J.7","10.9",21281
"SU",2016-05-15,2016,"K.1","K.3","1.0",19611
"SU",2016-05-15,2016,"K6.","K.0","6.5",22062
"SU",2016-05-15,2016,"K12","K.0","12.0",12435
"SU",2016-05-15,2016,"K.15","K.4","15.0",12180
"SU",2016-05-15,2016,"L.12","L.5","12.0",13132
"SU",2016-05-15,2016,"L.14","L.6","13.9",21395
"SU",2016-05-15,2016,"M4.","M.0","4.5",20523
"SU",2016-05-15,2016,"O2.","O.1","2.3",20812
"SU",2016-05-15,2016,"O8","N.8","8.1",12026
"SU",2016-05-15,2016,"O11","O.0","11.0",21031
"SU",2016-05-15,2016,"P3","O.9","3.0",20813
"SU",2016-05-15,2016,"Q7","Q.3","7.0",11979
"SU",2016-05-15,2016,"Q9","Q.0","8.9",19875
"SU",2016-05-15,2016,"Q11","Q.1","10.8",19832
"SU",2016-05-15,2016,"R.2","R.5","2.0",21830
"SU",2016-05-15,2016,"S1","S.3","1.1",21866
"SU",2016-05-15,2016,"S4","S.0","4.0",20202
"SU",2016-05-15,2016,"S8","S.0","7.9",21273
"SU",2016-05-15,2016,"T.4","T.6","4.2",20200
"SU",2016-05-15,2016,"-2.6","-2.4","6.1",13092
"SU",2016-05-15,2016,"A17","A.0","17.1",12973
"SU",2016-05-15,2016,"B.3","B.3","3.0",11534
"SU",2016-05-15,2016,"B.9.","B.3","9.5",19742
"SU",2016-05-15,2016,"B15.","B.0","15.5",21985
"SU",2016-05-15,2016,"B7.","B.2","7.6",11434
"SU",2016-05-15,2016,"C.15.","C.2","15.7",21867
"SU",2016-05-15,2016,"C.12","C.5","12.0",12029
"SU",2016-05-15,2016,"C18","B.8","18.1",20819
"SU",2016-05-15,2016,"D.18.","D.4","18.4",21364
"SU",2016-05-15,2016,"D15","D.1","14.8",12027
"SU",2016-05-15,2016,"D7.","D.0","7.7",19740
"SU",2016-05-15,2016,"E11.","E.0","11.5",13438
"SU",2016-05-15,2016,"G.16","G.5","16.0",21272
"SU",2016-05-15,2016,"G3","G.0","2.8",21357
"SU",2016-05-15,2016,"H.9.","H.5","9.6",13097
"SU",2016-05-15,2016,"E10.","D.9","10.5",20941
"SU",2016-05-15,2016,"M2","M.1","2.0",19601
"SU",2016-05-15,2016,"N5.","N.0","5.5",13129
"SU",2016-05-15,2016,"P5","P.3","5.0",20694
"KL",2016-05-15,2016,"-6.12.","-6.4","12.4",12207
"SU",2016-05-15,2016,"Q.1","Q.5","1.6",11953
"SU",2016-05-15,2016,"R11","R.5","10.9",21853
"SU",2016-05-15,2016,"R4","R.0","4.0",19862
"KL",2016-05-15,2016,"-27","-2.0","6.7",12018
"SU",2016-05-15,2016,"T.7.","T.5","7.5",21865
"SU",2016-05-15,2016,"T3","T.1","3.0",11531
"KL",2016-05-15,2016,"B.5.","B.4","5.5",11775
"SU",2016-05-15,2016,"U.2.","U.4","2.6",21908
"KL",2016-05-15,2016,"E1","E.0","1.3",21487
"KL",2016-05-15,2016,"E13","E.0","13.0",21359
"KL",2016-05-15,2016,"I5","I.2","4.9",12445
"SU",2016-05-15,2016,"U1","U.0","1.2",21984
"KL",2016-05-15,2016,"K6","K.0","6.2",20866
"SU",2016-05-15,2016,"U5.","U.0","5.5",21169
"SU",2016-05-15,2016,"U.7","U.5","7.0",21248
"SU",2016-05-15,2016,"Q3.","Q.0","3.5",20948
"SU",2016-05-15,2016,"N4","M.8","3.9",20341
"SU",2016-05-15,2016,"L10.","L.0","10.5",10043
"SU",2016-05-15,2016,"-419","-4.1","18.8",21665
"SU",2016-05-15,2016,"-3.17.","-3.3","17.3",20946
"SU",2016-05-15,2016,"-315.","-3.0","15.5",21100
"SU",2016-05-15,2016,"-118","-1.1","18.1",20423
"SU",2016-05-15,2016,"-117","-0.9","17.0",13095
"SU",2016-05-15,2016,"D9","D.0","9.0",13385
"SU",2016-05-15,2016,"G.5","G.5","5.0",21058
"KL",2016-05-15,2016,"G.2","G.3","2.0",20836
"KL",2016-05-15,2016,"H18.","H.0","18.4",21239
"KL",2016-05-15,2016,"J10","J.2","10.1",21223
"KL",2016-05-15,2016,"H11","H.0","11.2",19981
"SU",2016-05-15,2016,"-3.4","-3.6","4.1",21043
"KL",2016-05-15,2016,"H.3.","H.7","3.4",19702
"KL",2016-05-15,2016,"N.6.","N.7","6.4",12012
"KL",2016-05-15,2016,"M7","L.9","7.1",13305
"KL",2016-05-15,2016,"G3.","G.0","3.5",20079
"KL",2016-05-15,2016,"D4","D.0","4.0",20778
"KL",2016-05-15,2016,"P1","P.1","0.5",20756
"KL",2016-05-15,2016,"G5","G.0","5.0",20864
"KL",2016-05-15,2016,"-66","-6.4","6.3",20504
"KL",2016-05-15,2016,"-53","-4.9","3.3",20199
"KL",2016-05-15,2016,"-3.0","-3.8","0.0",21333
"KL",2016-05-15,2016,"0.10","0.4","10.0",20919
"KL",2016-05-15,2016,"0.6.","0.5","6.7",19649
"KL",2016-05-15,2016,"A.14.","A.6","14.4",20904
"KL",2016-05-15,2016,"-59","-5.0","9.0",22008
"KL",2016-05-15,2016,"-313","-3.0","13.0",20859
"KL",2016-05-15,2016,"B15.","B.1","15.5",20628
"KL",2016-05-15,2016,"C17","C.0","17.2",21910
"KL",2016-05-15,2016,"C2.","C.0","2.5",21578
"KL",2016-05-15,2016,"-512","-5.0","12.0",19599
"KL",2016-05-15,2016,"-6.10.","-6.5","10.8",20867
"KL",2016-05-15,2016,"C.17","C.6","16.9",21505
"KL",2016-05-15,2016,"N.10.","N.3","10.5",19706
"KL",2016-05-15,2016,"I5.","I.2","5.8",20295
"KL",2016-05-15,2016,"J1","J.0","1.0",19880
"KL",2016-05-15,2016,"J.9","J.2","9.0",21222
"KL",2016-05-15,2016,"J14","J.0","14.0",21468
"KL",2016-05-15,2016,"I.16","I.6","16.0",20409
"KL",2016-05-15,2016,"I11.","H.3","11.6",19983
"KL",2016-05-15,2016,"I11","H.8","10.9",19984
"KL",2016-05-15,2016,"H.6","H.5","5.9",12305
"KL",2016-05-15,2016,"H.4","H.5","4.0",20873
"KL",2016-05-15,2016,"L.12","L.2","12.0",20156
"KL",2016-05-15,2016,"-515.","-5.1","15.4",22016
"KL",2016-05-15,2016,"I.20.","I.6","20.3",11883
"KL",2016-05-15,2016,"F17","F.0","17.0",20223
"KL",2016-05-15,2016,"D.8.","D.7","8.4",21023
"KL",2016-05-15,2016,"-11","-1.0","1.0",21247
"KL",2016-05-15,2016,"-14","-1.0","4.0",21075
"KL",2016-05-15,2016,"-75","-7.0","5.0",13445
"SU",2016-05-15,2016,"-32","-2.9","2.1",20061
"SU",2016-05-15,2016,"-2.20","-2.6","20.2",21907
"SU",2016-05-15,2016,"-2.19","-2.5","19.0",12194
"KL",2016-05-15,2016,"-811","-8.0","11.0",13412
"SU",2016-05-15,2016,"-219","-3.0","19.0",12972
"KL",2016-05-15,2016,"-611","-5.9","11.3",20537
"KL",2016-05-15,2016,"-513","-5.3","12.8",11020
"KL",2016-05-15,2016,"-5.6","-5.4","6.0",19561
"SU",2016-05-15,2016,"-1.4.","-1.3","4.5",20060
"KL",2016-05-15,2016,"-312","-3.0","12.5",21382
"SU",2016-05-15,2016,"-0.5.","-0.5","5.5",12028
"KL",2016-05-15,2016,"0.12","0.4","12.0",20634
"SU",2016-05-15,2016,"0.19","0.5","18.9",20353
"KL",2016-05-15,2016,"-0.12","-0.3","12.0",20920
"SU",2016-05-15,2016,"A7","A.0","7.0",21495
"SU",2016-05-15,2016,"A19","A.2","19.0",11963
"SU",2016-05-15,2016,"A19.","A.0","19.5",20950
"SU",2016-05-15,2016,"B.1","B.5","1.2",21325
"KL",2016-05-15,2016,"G.18","G.5","17.9",21329
"SU",2016-05-15,2016,"B6","A.8","5.7",19537
"SU",2016-05-15,2016,"B.8.","B.4","8.6",21868
"SU",2016-05-15,2016,"B.10.","B.6","10.7",20939
"SU",2016-05-15,2016,"B.12.","B.4","12.8",20447
"KL",2016-05-15,2016,"05","0.0","5.0",19654
"SU",2016-05-15,2016,"B20","B.3","20.1",20952
"SU",2016-05-15,2016,"C.4","C.4","4.0",11576
"KL",2016-05-15,2016,"O.10","O.7","9.9",19707
"SU",2016-05-15,2016,"C.5","C.5","5.2",21003
"SU",2016-05-15,2016,"C.6.","C.7","6.4",21297
"KL",2016-05-15,2016,"L13.","L.2","13.5",20734
"KL",2016-05-15,2016,"L.15","L.6","15.0",19846
"SU",2016-05-15,2016,"D2","D.1","2.1",12003
"SU",2016-05-15,2016,"D10.","D.0","10.4",20940
"SU",2016-05-15,2016,"D.17.","D.4","17.1",11002
"SU",2016-05-15,2016,"E.1.","E.3","1.5",20495
"SU",2016-05-15,2016,"E3.","E.1","3.4",12522
"SU",2016-05-15,2016,"E.6.","E.4","6.0",20342
"SU",2016-05-15,2016,"E12.","E.0","12.6",11998
"SU",2016-05-15,2016,"F12","F.0","12.1",21488
"SU",2016-05-15,2016,"F.16","F.3","16.0",21277
"SU",2016-05-15,2016,"G5.","G.2","5.5",13096
"KL",2016-05-15,2016,"I19.","I.1","19.4",12426
"SU",2016-05-15,2016,"G8","F.9","8.1",20883
"SU",2016-05-15,2016,"G9.","G.0","9.3",20942
"SU",2016-05-15,2016,"G.14.","G.5","14.5",21117
"KL",2016-05-15,2016,"I20","I.0","20.0",20835
"SU",2016-05-15,2016,"I4","I.3","3.8",22081
"SU",2016-05-15,2016,"M.12.","M.8","12.7",12432
"KL",2016-05-15,2016,"K19","K.1","19.1",12427
"KL",2016-05-15,2016,"G20.","F.7","20.5",21006
"KL",2016-05-15,2016,"E9.","E.0","9.5",20729
"SU",2016-05-15,2016,"J.2.","J.4","2.6",20944
"SU",2016-05-15,2016,"B1.","B.0","1.5",11976
"SU",2016-05-15,2016,"E.4.","E.4","4.5",21279
"SU",2016-05-15,2016,"-27","-2.2","7.1",21097
"SU",2016-05-15,2016,"0.3","0.5","3.0",20825
"KL",2016-05-15,2016,"-1.8.","-1.5","8.5",21342
"KL",2016-05-15,2016,"A.13.","A.8","13.3",20635
"KL",2016-05-15,2016,"A10","A.0","10.0",20921
"KL",2016-05-15,2016,"A3.","A.0","3.3",21716
"KL",2016-05-15,2016,"A8","A.0","8.0",13466
"KL",2016-05-15,2016,"B.10.","B.6","10.5",19766
"KL",2016-05-15,2016,"B11.","A.9","11.6",21257
"KL",2016-05-15,2016,"B2","A.9","2.0",19769
"KL",2016-05-15,2016,"C.0.","C.8","0.6",21155
"KL",2016-05-15,2016,"C.19","C.5","19.0",20180
"KL",2016-05-15,2016,"C13","C.0","13.0",19815
"KL",2016-05-15,2016,"C8.","C.0","8.3",21396
"KL",2016-05-15,2016,"D15","C.7","14.8",21389
"KL",2016-05-15,2016,"D17.","D.3","17.4",13288
"KL",2016-05-15,2016,"D7","D.0","7.0",21355
"KL",2016-05-15,2016,"-63","-6.0","3.0",21365
"KL",2016-05-15,2016,"-73","-7.0","3.1",19550
"KL",2016-05-15,2016,"-55","-5.0","5.0",21367
"KL",2016-05-15,2016,"-713","-7.4","13.4",21878
"KL",2016-05-15,2016,"-610","-6.2","9.8",20914
"KL",2016-05-15,2016,"-4.13","-4.1","13.3",12744
"KL",2016-05-15,2016,"-310","-3.0","10.0",12565
"KL",2016-05-15,2016,"B4.","B.0","4.5",20064
"KL",2016-05-15,2016,"H6","H.3","6.2",20297
"KL",2016-05-15,2016,"-2.4.","-2.6","4.5",21137
"KL",2016-05-15,2016,"-110","-1.1","10.2",21238
"KL",2016-05-15,2016,"0.13.","0.4","13.6",20862
"KL",2016-05-15,2016,"-114.","-1.0","14.5",19881
"KL",2016-05-15,2016,"-1.1.","-1.6","1.5",19719
"KL",2016-05-15,2016,"K17.","K.1","17.5",21215
"KL",2016-05-15,2016,"K7.","K.0","7.5",20191
"KL",2016-05-15,2016,"G10.","G.1","10.5",12705
"KL",2016-05-15,2016,"G9","G.3","9.2",21331
"KL",2016-05-15,2016,"P9","P.0","9.0",22447
"KL",2016-05-15,2016,"N8.","N.0","8.7",13179
"KL",2016-05-15,2016,"J2","J.0","2.0",20686
"KL",2016-05-15,2016,"I13","I.0","13.0",21685
"KL",2016-05-15,2016,"F8","F.2","8.0",21022
"KL",2016-05-15,2016,"F6.","F.0","6.5",21350
"KL",2016-05-15,2016,"J.20.","J.5","20.5",19874
"KL",2016-05-15,2016,"J11","J.1","11.0",20995
"KL",2016-05-15,2016,"-711","-7.0","11.0",20573
"KL",2016-05-15,2016,"-215","-2.0","15.0",20857
"KL",2016-05-15,2016,"-211","-2.0","11.0",20923
"KL",2016-05-15,2016,"-113","-1.0","13.3",20632
"KL",2016-05-15,2016,"-7.9","-7.5","9.2",12613
"KL",2016-05-15,2016,"-7.12.","-7.7","12.7",19718
"KL",2016-05-15,2016,"E11","D.9","10.9",12236
"KL",2016-05-15,2016,"F.20.","F.3","20.7",19809
"KL",2016-05-15,2016,"F.21","G.1","21.3",12008
"KL",2016-05-15,2016,"F18.","F.0","18.6",21823
"KL",2016-05-15,2016,"E.2.","E.8","2.8",21393
"KL",2016-05-15,2016,"H1","H.0","0.8",20198
"KL",2016-05-15,2016,"G4.","G.0","4.5",20865
"KL",2016-05-15,2016,"H15","H.0","15.0",21513
"KL",2016-05-15,2016,"I2.","I.1","2.6",20688
"KL",2016-05-15,2016,"-2.12","-2.0","12.2",19764
"KL",2016-05-15,2016,"-2.5","-2.5","5.1",21366
"KL",2016-05-15,2016,"-2.11","-2.4","11.0",12827
"KL",2016-05-15,2016,"0.11","0.7","11.0",21377
"KL",2016-05-15,2016,"A15.","A.1","15.5",21294
"KL",2016-05-15,2016,"C6.","C.1","6.1",21046
"KL",2016-05-15,2016,"D.5.","D.5","5.6",20062
"KL",2016-05-15,2016,"E.5","E.3","4.8",11256
"KL",2016-05-15,2016,"E15","E.0","14.7",21332
"KL",2016-05-15,2016,"F20","F.0","19.9",21007
"KL",2016-05-15,2016,"G16","G.1","16.0",20220
"KL",2016-05-15,2016,"I.3.","I.5","3.8",20685
"KL",2016-05-15,2016,"J.19","J.7","19.0",21368
"KL",2016-05-15,2016,"K.15.","K.5","15.5",21227
"KL",2016-05-15,2016,"K.20","K.3","20.0",21199
"KL",2016-05-15,2016,"K1.","J.8","1.6",20686
"KL",2016-05-15,2016,"K.10.","K.6","10.5",21216
"KL",2016-05-15,2016,"L9","K.8","8.7",20193
"KL",2016-05-15,2016,"M9","M.0","9.0",20997
"KL",2016-05-15,2016,"L.12","L.2","12.0",20077
"KL",2016-05-15,2016,"K.15","K.7","14.9",20732
"KL",2016-05-15,2016,"N1.","N.1","1.3",19583
"KL",2016-05-15,2016,"P1","P.1","0.5",20756
"KL",2016-05-15,2016,"O6","O.5","6.4",22049
"KL",2016-05-15,2016,"K.0.","K.5","0.5",13012
"KL",2016-05-15,2016,"M.15","M.7","14.9",13124
"KL",2016-05-15,2016,"N.13","N.3","12.8",11957
"KL",2016-05-15,2016,"O.2","O.5","2.0",21276
"KL",2016-05-15,2016,"O.2.","O.3","2.5",12653
"KL",2016-05-15,2016,"P.3","P.0","2.7",20525
"KL",2016-05-15,2016,"M10","M.1","10.1",20570
"SU",2016-05-15,2016,"-13","-1.0","3.0",20059
"KL",2016-05-15,2016,"L10","K.9","9.8",20081
"KL",2016-05-15,2016,"I.2","I.5","1.8",21384
"KL",2016-05-15,2016,"L.17","L.3","16.8",21993
"KL",2016-05-15,2016,"G.6.","G.5","6.5",21387
"KL",2016-05-15,2016,"H9","G.8","9.0",22068
"KL",2016-05-15,2016,"H12","H.0","12.0",19882
"KL",2016-05-15,2016,"O1","O.0","1.0",20155
"KL",2016-05-15,2016,"-7.6","-7.5","6.2",19516
"KL",2017-05-15,2017,"-611","-5.9","11.3",20537
"KL",2017-05-15,2017,"A.13.","A.8","13.3",20635
"KL",2017-05-15,2017,"K7.","K.0","7.5",20191
"KL",2017-05-15,2017,"K.0.","K.5","0.5",21269
"SU",2017-05-15,2017,"J.2.","J.4","2.6",20944
"SU",2017-05-15,2017,"P3","O.9","3.0",20341
"SU",2017-05-15,2017,"M2","M.1","2.0",19601
"SU",2017-05-15,2017,"T6","T.1","6.0",22425
"SU",2017-05-15,2017,"U.7","U.5","7.0",21248
"SU",2017-05-15,2017,"T11","S.7","11.1",21921
"KL",2017-05-15,2017,"H12","H.0","12.0",19882
"KL",2017-05-15,2017,"O.2.","O.3","2.5",12653
"KL",2017-05-15,2017,"G16","G.1","16.0",20220
"KL",2017-05-15,2017,"G4.","G.0","4.5",20865
"KL",2017-05-15,2017,"G3.","G.0","3.5",20079
"KL",2017-05-15,2017,"I2.","I.1","2.6",20688
"KL",2017-05-15,2017,"N.10.","N.3","10.5",19706
"KL",2017-05-15,2017,"-27","-2.0","6.7",21366
"KL",2017-05-15,2017,"-66","-6.4","6.3",20504
"KL",2017-05-15,2017,"-1.8.","-1.5","8.5",21342
"SU",2017-05-15,2017,"A.1.","A.6","1.6",11976
"SU",2017-05-15,2017,"C.15.","C.2","15.7",21867
"SU",2017-05-15,2017,"0.19","0.5","18.9",20353
"SU",2017-05-15,2017,"A17","A.0","17.1",22449
"SU",2017-05-15,2017,"-219","-3.0","19.0",12972
"SU",2017-05-15,2017,"-2.20.","-2.6","20.2",21907
"SU",2017-05-15,2017,"U5.","U.0","5.5",21169
"SU",2017-05-15,2017,"T3","T.1","3.0",21908
"SU",2017-05-15,2017,"U1","U.0","1.2",21984
"KL",2017-05-15,2017,"H6","H.3","6.2",20297
"KL",2017-05-15,2017,"F6.","F.0","6.5",21350
"KL",2017-05-15,2017,"H15","H.0","15.0",21513
"KL",2017-05-15,2017,"M10","M.1","10.1",20570
"KL",2017-05-15,2017,"L.12","L.2","12.0",20077
"KL",2017-05-15,2017,"B4.","B.0","4.5",20064
"KL",2017-05-15,2017,"K1.","J.8","1.6",20686
"SU",2017-05-15,2017,"P5","P.3","5.0",20948
"KL",2017-05-15,2017,"K.20","K.3","20.0",21199
"KL",2017-05-15,2017,"K19","K.1","19.1",12427
"KL",2017-05-15,2017,"J11","J.1","11.0",20995
"KL",2017-05-15,2017,"N.6.","N.7","6.4",12012
"KL",2017-05-15,2017,"I.6.","I.6","6.5",20295
"KL",2017-05-15,2017,"E13","E.0","13.0",22296
"KL",2017-05-15,2017,"-212","-2.0","12.2",19764
"SU",2017-05-15,2017,"H.9.","H.5","9.6",13097
"SU",2017-05-15,2017,"B.12.","B.4","12.8",20447
"SU",2017-05-15,2017,"D10","D.0","10.4",20940
"SU",2017-05-15,2017,"E10.","D.9","10.5",20941
"SU",2017-05-15,2017,"H.12","H.5","12.0",20235
"SU",2017-05-15,2017,"-3.4","-3.6","4.1",21043
"SU",2017-05-15,2017,"G8","F.9","8.1",20942
"SU",2017-05-15,2017,"E11.","E.0","11.5",13438
"SU",2017-05-15,2017,"C.4","C.4","4.0",11576
"SU",2017-05-15,2017,"G11","G.2","11.2",21488
"SU",2017-05-15,2017,"J.10.","J.7","10.9",21281
"SU",2017-05-15,2017,"C.5","C.5","5.2",21003
"SU",2017-05-15,2017,"D2","D.1","2.1",12003
"SU",2017-05-15,2017,"E3.","E.1","3.4",22194
"SU",2017-05-15,2017,"E.3","E.3","1.5",20495
"SU",2017-05-15,2017,"B6","A.8","5.7",19537
"KL",2017-05-15,2017,"A15.","A.1","15.5",21294
"KL",2017-05-15,2017,"-113","-1.0","13.3",20632
"KL",2017-05-15,2017,"C13","C.0","13.0",19815
"KL",2017-05-15,2017,"H11","H.0","11.2",19981
"KL",2017-05-15,2017,"N8.","N.0","8.7",20804
"KL",2017-05-15,2017,"C2.","C.0","2.5",21578
"KL",2017-05-15,2017,"G.18","G.5","17.9",21329
"KL",2017-05-15,2017,"P9","P.0","9.0",19707
"KL",2017-05-15,2017,"K.15","K.7","14.9",20732
"KL",2017-05-15,2017,"L9","K.8","8.7",20193
"SU",2017-05-15,2017,"O8","N.8","8.1",22495
"SU",2017-05-15,2017,"K6.","K.0","6.5",22062
"SU",2017-05-15,2017,"N5.","N.0","5.5",13129
"SU",2017-05-15,2017,"Q7","Q.3","7.0",11979
"KL",2017-05-15,2017,"B11.","A.9","11.6",20921
"KL",2017-05-15,2017,"-313","-3.0","13.0",21382
"KL",2017-05-15,2017,"-59","-5.0","9.0",22008
"KL",2017-05-15,2017,"-5.6","-5.4","6.0",19561
"KL",2017-05-15,2017,"-75","-7.0","5.0",13445
"KL",2017-05-15,2017,"-55","-5.0","5.0",21367
"KL",2017-05-15,2017,"B.5.","B.4","5.5",21046
"KL",2017-05-15,2017,"-512","-5.0","12.0",19599
"KL",2017-05-15,2017,"-215","-2.0","15.0",20857
"KL",2017-05-15,2017,"-7.6","-7.5","6.2",22465
"KL",2017-05-15,2017,"-11","-1.0","1.0",21247
"KL",2017-05-15,2017,"-0.12","-0.3","12.0",20920
"KL",2017-05-15,2017,"-7.9","-7.5","9.2",12613
"KL",2017-05-15,2017,"-6.10.","-6.5","10.8",20867
"KL",2017-05-15,2017,"-53","-4.9","3.3",20199
"KL",2017-05-15,2017,"-3.0","-3.8","0.0",22221
"KL",2017-05-15,2017,"O.2","O.5","2.0",21276
"KL",2017-05-15,2017,"H.3.","H.7","3.4",19702
"KL",2017-05-15,2017,"C17","C.0","17.2",21910
"KL",2017-05-15,2017,"D7","D.0","7.0",21355
"KL",2017-05-15,2017,"C.9","C.5","9.4",21396
"KL",2017-05-15,2017,"B.10.","B.6","10.5",19766
"KL",2017-05-15,2017,"F8","F.2","8.0",21022
"KL",2017-05-15,2017,"H1","H.0","0.8",20836
"KL",2017-05-15,2017,"I11","H.8","10.9",19984
"KL",2017-05-15,2017,"F17","F.0","17.0",20223
"SU",2017-05-15,2017,"G3","G.0","2.8",21357
"SU",2017-05-15,2017,"-32","-2.9","2.1",20061
"KL",2017-05-15,2017,"O6","O.5","6.4",13112
"SU",2017-05-15,2017,"C18","B.8","18.1",20819
"KL",2017-05-15,2017,"-515.","-5.1","15.4",22016
"KL",2017-05-15,2017,"-610","-6.2","9.8",20914
"KL",2017-05-15,2017,"B15.","B.1","15.5",20628
"KL",2017-05-15,2017,"-310","-3.0","10.0",21377
"KL",2017-05-15,2017,"-612","-6.5","12.0",12207
"KL",2017-05-15,2017,"0.13.","0.4","13.6",20862
"KL",2017-05-15,2017,"K6","K.0","6.2",20866
"KL",2017-05-15,2017,"J14","J.0","14.0",20409
"KL",2017-05-15,2017,"L13.","L.2","13.5",20734
"KL",2017-05-15,2017,"F18.","F.0","18.6",21823
"KL",2017-05-15,2017,"E15","E.0","14.7",20835
"KL",2017-05-15,2017,"C.0.","C.8","0.6",21155
"KL",2017-05-15,2017,"J10","J.2","10.1",21223
"KL",2017-05-15,2017,"I.16","I.6","16.0",22297
"KL",2017-05-15,2017,"M.12.","M.6","12.4",11957
"KL",2017-05-15,2017,"L11","K.6","10.5",21216
"KL",2017-05-15,2017,"L10","K.9","9.8",20081
"KL",2017-05-15,2017,"P.3","P.0","2.7",20525
"KL",2017-05-15,2017,"N1.","N.1","1.3",19583
"KL",2017-05-15,2017,"J.9","J.2","9.0",21222
"SU",2017-05-15,2017,"R11","R.5","10.9",21853
"SU",2017-05-15,2017,"Q11","Q.1","10.8",19832
"SU",2017-05-15,2017,"O11","O.0","11.0",21031
"SU",2017-05-15,2017,"K.1","K.3","1.0",19611
"SU",2017-05-15,2017,"-27","-2.2","7.1",22594
"SU",2017-05-15,2017,"-1.4.","-1.3","4.5",20060
"SU",2017-05-15,2017,"0.3","0.5","3.0",20825
"SU",2017-05-15,2017,"A7","A.0","7.0",21495
"SU",2017-05-15,2017,"S4","S.0","4.0",20202
"SU",2017-05-15,2017,"S8","S.0","7.9",21273
"SU",2017-05-15,2017,"-13","-1.0","3.0",22373
"SU",2017-05-15,2017,"Q9","Q.0","8.9",19875
"KL",2017-05-15,2017,"H9","G.8","9.0",21331
"KL",2017-05-15,2017,"G20.","F.7","20.5",21006
"KL",2017-05-15,2017,"D4","D.0","4.0",20778
"KL",2017-05-15,2017,"D.5.","D.5","5.6",20062
"KL",2017-05-15,2017,"F.21","G.1","21.3",12008
"KL",2017-05-15,2017,"0.6.","0.5","6.7",22274
"KL",2017-05-15,2017,"-211","-2.0","11.0",12827
"KL",2017-05-15,2017,"-7.12.","-7.7","12.7",13412
"KL",2017-05-15,2017,"I11.","H.3","11.6",19983
"KL",2017-05-15,2017,"D15","C.7","14.8",21389
"KL",2017-05-15,2017,"I.3.","I.5","3.8",20685
"SU",2017-05-15,2017,"E12.","E.0","12.6",11998
"KL",2017-05-15,2017,"E11","D.9","10.9",20729
"SU",2017-05-15,2017,"M.12.","M.8","12.7",22219
"KL",2017-05-15,2017,"H18.","H.0","18.4",21239
"KL",2017-05-15,2017,"E1","E.0","1.3",21487
"SU",2017-05-15,2017,"H17.","H.0","17.5",20044
"SU",2017-05-15,2017,"G.16","G.5","16.0",21277
"SU",2017-05-15,2017,"B15.","B.0","15.5",21985
"SU",2017-05-15,2017,"D15","D.1","14.8",12027
"SU",2017-05-15,2017,"G.14","G.5","14.5",21117
"SU",2017-05-15,2017,"-117","-0.9","17.0",13095
"SU",2017-05-15,2017,"C.12","C.5","12.0",12029
"KL",2017-05-15,2017,"A14.","A.6","14.4",20904
"KL",2017-05-15,2017,"-114","-1.2","14.5",19881
"KL",2017-05-15,2017,"-110","-1.1","10.2",20919
"KL",2017-05-15,2017,"-14","-1.0","4.0",21075
"KL",2017-05-15,2017,"-2.4.","-2.6","4.5",21137
"KL",2017-05-15,2017,"A3.","A.0","3.3",21716
"KL",2017-05-15,2017,"B2","A.9","2.0",22369
"KL",2017-05-15,2017,"F1","F.0","0.7",21393
"KL",2017-05-15,2017,"G.6.","G.5","6.5",21387
"KL",2017-05-15,2017,"D.8.","D.7","8.4",21023
"KL",2017-05-15,2017,"I19.","I.1","19.4",12426
"KL",2017-05-15,2017,"C.19","C.5","19.0",22575
"KL",2017-05-15,2017,"I.20.","I.6","20.3",19874
"KL",2017-05-15,2017,"J1","J.0","1.0",19880
"SU",2017-05-15,2017,"-2.19","-2.5","19.0",12194
"SU",2017-05-15,2017,"-3.17.","-3.3","17.3",22544
"SU",2017-05-15,2017,"B7.","B.2","7.6",11434
"SU",2017-05-15,2017,"D7.","D.0","7.7",19740
"SU",2017-05-15,2017,"B.8.","B.4","8.6",21868
"SU",2017-05-15,2017,"B.3","B.3","3.0",11534
"SU",2017-05-15,2017,"D9","D.0","9.0",13385
"SU",2017-05-15,2017,"B.10.","B.6","10.7",20939
"SU",2017-05-15,2017,"R4","R.0","4.0",22358
"SU",2017-05-15,2017,"L12","K.6","12.0",13132
"SU",2017-05-15,2017,"L10.","L.0","10.5",10043
"SU",2017-05-15,2017,"K.15","K.4","15.0",12180
"SU",2017-05-15,2017,"K12","K.0","12.0",12435
"SU",2017-05-15,2017,"L.13.","L.5","13.6",21395
"SU",2017-05-15,2017,"E.4.","E.4","4.5",21279
"SU",2017-05-15,2017,"E.6","E.3","6.2",20342
"SU",2017-05-15,2017,"C.6.","C.7","6.4",21297
"SU",2017-05-15,2017,"T.4","T.6","4.2",20200
"SU",2017-05-15,2017,"T.7.","T.5","7.5",21865
"SU",2017-05-15,2017,"R.2","R.5","2.0",22517
"KL",2017-05-15,2017,"L.15","L.6","15.0",19846
"KL",2017-05-15,2017,"F.20.","F.3","20.7",19809
"SU",2017-05-15,2017,"A19.","A.0","19.5",20950
"KL",2017-05-15,2017,"-713","-7.4","13.4",21878
"KL",2017-05-15,2017,"F20","F.0","19.9",21007
"KL",2017-05-15,2017,"N.2.","N.4","2.4",22117
"KL",2017-05-15,2017,"K17.","K.1","17.5",21215
"KL",2017-05-15,2017,"K.15.","K.5","15.5",21227
"KL",2017-05-15,2017,"L.17","L.3","16.8",21993
"KL",2017-05-15,2017,"H.4","H.5","4.0",20873
"KL",2017-05-15,2017,"C.17","C.6","16.9",21505
"KL",2017-05-15,2017,"-3.0","-3.8","0.0",19719
"KL",2017-05-15,2017,"G5","G.0","5.0",20864
"KL",2017-05-15,2017,"A8","A.0","8.0",13466
"KL",2017-05-15,2017,"-310","-3.0","10.0",22001
"KL",2017-05-15,2017,"0.12","0.4","12.0",20634
"SU",2017-05-15,2017,"-315.","-3.0","15.5",22605
"SU",2017-05-15,2017,"M4.","M.0","4.5",20523
"SU",2017-05-15,2017,"O2.","O.1","2.3",22591
"SU",2017-05-15,2017,"J1","J.0","0.9",20945
"SU",2017-05-15,2017,"U5.","U.0","5.5",22502
"SU",2017-05-15,2017,"D2","D.1","2.1",21325
"KL",2017-05-15,2017,"-413","-4.1","13.3",12744
"KL",2017-05-15,2017,"-611.","-6.1","11.8",21257
"KL",2017-05-15,2017,"-73","-7.0","3.1",22761
"KL",2017-05-15,2017,"0.6.","0.5","6.7",19649
"KL",2017-05-15,2017,"J.19","J.7","19.0",21368
"SU",2017-05-15,2017,"P3","O.9","3.0",20341
"KL",2017-05-15,2017,"E14.","E.0","14.6",21332
"KL",2017-05-15,2017,"P1","P.1","0.5",20756
"KL",2017-05-15,2017,"05","0.0","5.0",19654
"KL",2018-05-15,2018,"D.5.","D.5","5.6",20062
"KL",2018-05-15,2018,"F18.","F.0","18.6",21007
"KL",2018-05-15,2018,"H6","H.3","6.2",20297
"KL",2018-05-15,2018,"J.19","J.7","19.0",21368
"KL",2018-05-15,2018,"-211","-2.0","11.0",21382
"KL",2018-05-15,2018,"-5.6","-5.4","6.0",23294
"KL",2018-05-15,2018,"-3.0","-3.8","0.0",19719
"KL",2018-05-15,2018,"-0.12","-0.3","12.0",20920
"KL",2018-05-15,2018,"-1.8.","-1.5","8.5",21342
"KL",2018-05-15,2018,"D.8.","D.7","8.4",21023
"KL",2018-05-15,2018,"L10","K.9","9.8",21223
"KL",2018-05-15,2018,"O.8","O.7","8.0",20804
"KL",2018-05-15,2018,"E11","D.9","10.9",20729
"KL",2018-05-15,2018,"H15","H.0","15.0",21513
"KL",2018-05-15,2018,"H12","H.0","12.0",19882
"KL",2018-05-15,2018,"B.5.","B.4","5.5",21046
"KL",2018-05-15,2018,"B11.","A.9","11.6",23023
"KL",2018-05-15,2018,"C2.","C.0","2.5",21578
"KL",2018-05-15,2018,"E13","E.0","13.0",22296
"KL",2018-05-15,2018,"F6.","F.0","6.5",21350
"KL",2018-05-15,2018,"G3.","G.0","3.5",20079
"KL",2018-05-15,2018,"G4.","G.0","4.5",20865
"KL",2018-05-15,2018,"I.3.","I.5","3.8",20685
"KL",2018-05-15,2018,"I.6.","I.6","6.5",20295
"KL",2018-05-15,2018,"I11.","H.3","11.6",19983
"KL",2018-05-15,2018,"J2","J.0","2.0",20686
"KL",2018-05-15,2018,"K7.","K.0","7.5",20191
"KL",2018-05-15,2018,"A.14.","A.6","14.4",20904
"KL",2018-05-15,2018,"B4.","B.0","4.5",20064
"KL",2018-05-15,2018,"D15","C.7","14.8",21389
"KL",2018-05-15,2018,"D7","D.0","7.0",21355
"KL",2018-05-15,2018,"F1","F.0","0.7",21393
"KL",2018-05-15,2018,"G.2","G.3","2.0",20836
"KL",2018-05-15,2018,"G.6.","G.5","6.5",21387
"KL",2018-05-15,2018,"J.9","J.2","9.0",21222
"KL",2018-05-15,2018,"K6","K.0","6.2",20866
"KL",2018-05-15,2018,"L11","K.6","10.5",21216
"KL",2018-05-15,2018,"-212","-2.0","12.2",19764
"KL",2018-05-15,2018,"-59","-5.0","9.0",22008
"KL",2018-05-15,2018,"-2.4.","-2.6","4.5",21075
"KL",2018-05-15,2018,"-55","-5.0","5.0",21367
"KL",2018-05-15,2018,"-53","-4.9","3.3",20199
"KL",2018-05-15,2018,"-7.9","-7.5","9.2",12613
"KL",2018-05-15,2018,"-11","-1.0","1.0",21247
"KL",2018-05-15,2018,"H11","H.0","11.2",19981
"KL",2018-05-15,2018,"H18.","H.0","18.4",21239
"KL",2018-05-15,2018,"H9","G.8","9.0",21331
"KL",2018-05-15,2018,"-215","-2.0","15.0",22890
"KL",2018-05-15,2018,"-310","-3.0","10.0",21377
"KL",2018-05-15,2018,"A.13.","A.8","13.3",20635
"KL",2018-05-15,2018,"B15.","B.1","15.5",20628
"KL",2018-05-15,2018,"N8.","N.0","8.7",23320
"KL",2018-05-15,2018,"-610","-6.2","9.8",20914
"KL",2018-05-15,2018,"-110","-1.1","10.2",20919
"KL",2018-05-15,2018,"E7","E.3","7.1",22640
"KL",2018-05-15,2018,"-215","-2.0","15.0",20857
"KL",2018-05-15,2018,"-73","-7.0","3.1",22761
"KL",2018-05-15,2018,"B.10.","B.6","10.5",19766
"KL",2018-05-15,2018,"C.0.","C.8","0.6",21155
"KL",2018-05-15,2018,"C.17","C.6","16.9",21505
"KL",2018-05-15,2018,"F8","F.2","8.0",21022
"KL",2018-05-15,2018,"G.18","G.5","17.9",21329
"KL",2018-05-15,2018,"G16","G.1","16.0",20220
"KL",2018-05-15,2018,"I11","H.8","10.9",19984
"KL",2018-05-15,2018,"K17.","K.1","17.5",21215
"KL",2018-05-15,2018,"L.15","L.6","15.0",19846
"KL",2018-05-15,2018,"M7","L.9","7.1",22994
"KL",2018-05-15,2018,"N.2.","N.4","2.4",22117
"KL",2018-05-15,2018,"M.0.","M.5","0.5",19583
"KL",2018-05-15,2018,"N1.","N.1","1.3",22759
"KL",2018-05-15,2018,"O.10","O.7","9.9",19707
"KL",2018-05-15,2018,"O6","O.5","6.4",13112
"KL",2018-05-15,2018,"L6","L.0","6.0",23220
"KL",2018-05-15,2018,"-5.6","-5.4","6.0",19561
"KL",2018-05-15,2018,"-66","-6.4","6.3",20504
"KL",2018-05-15,2018,"C8.","C.0","8.3",19649
"KL",2018-05-15,2018,"H.3.","H.7","3.4",19702
"KL",2018-05-15,2018,"H1","H.0","0.8",20688
"KL",2018-05-15,2018,"K.15.","K.5","15.5",22778
"KL",2018-05-15,2018,"C13","C.0","13.0",23326
"KL",2018-05-15,2018,"E3.","E.0","3.5",20778
"KL",2018-05-15,2018,"-713","-7.4","13.4",21878
"KL",2018-05-15,2018,"I2.","I.1","2.6",23027
"KL",2018-05-15,2018,"-14","-1.0","4.0",22865
"KL",2018-05-15,2018,"-7.6","-7.5","6.2",22465
"KL",2018-05-15,2018,"-27","-2.0","6.7",23054
"KL",2018-05-15,2018,"-7.5","-7.6","5.0",13445
"KL",2018-05-15,2018,"-4.10","-4.6","10.0",20916
"KL",2018-05-15,2018,"-512","-5.0","12.0",23600
"KL",2018-05-15,2018,"-612","-6.5","12.0",12207
"KL",2018-05-15,2018,"A8","A.0","8.0",22274
"KL",2018-05-15,2018,"F17","F.0","17.0",20223
"KL",2018-05-15,2018,"C12","C.2","12.0",23326
"KL",2018-05-15,2018,"A15.","A.1","15.5",23461
"KL",2018-05-15,2018,"F16","F.0","15.8",22278
"KL",2018-05-15,2018,"B2","A.9","2.0",22369
"SU",2018-05-15,2018,"P5","P.3","5.0",20948
"SU",2018-05-15,2018,"S8","S.0","7.9",21273
"SU",2018-05-15,2018,"U1","U.0","1.2",21984
"SU",2018-05-15,2018,"-32","-2.9","2.1",20061
"KL",2018-05-15,2018,"J.20","J.5","20.1",23599
"KL",2018-05-15,2018,"L.0.","L.1","0.5",22758
"KL",2018-05-15,2018,"F.20.","F.3","20.7",19809
"KL",2018-05-15,2018,"-611","-5.9","11.3",20537
"KL",2018-05-15,2018,"L.17","L.3","16.8",21993
"SU",2018-05-15,2018,"C18","B.8","18.1",20950
"KL",2018-05-15,2018,"I.16","I.6","16.0",22297
"SU",2018-05-15,2018,"U5.","U.0","5.5",21169
"KL",2018-05-15,2018,"0.13.","0.4","13.6",20862
"SU",2018-05-15,2018,"T3","T.1","3.0",22425
"KL",2018-05-15,2018,"-114.","-1.0","14.5",22891
"SU",2018-05-15,2018,"-1.4.","-1.3","4.5",20060
"KL",2018-05-15,2018,"P.3","P.0","2.7",12653
"KL",2018-05-15,2018,"O1","O.0","1.0",21276
"SU",2018-05-15,2018,"O8","N.8","8.1",22495
"SU",2018-05-15,2018,"B.9.","B.3","9.5",19742
"SU",2018-05-15,2018,"I15","I.0","15.0",22445
"SU",2018-05-15,2018,"G.1","G.5","1.2",22469
"KL",2018-05-15,2018,"-515.","-5.1","15.4",22781
"SU",2018-05-15,2018,"T11","S.7","11.1",21921
"KL",2018-05-15,2018,"A3.","A.0","3.3",21716
"KL",2018-05-15,2018,"A5.","A.0","5.5",19654
"KL",2018-05-15,2018,"-515","-5.3","15.0",22016
"KL",2018-05-15,2018,"C.19","C.5","19.0",22575
"KL",2018-05-15,2018,"J1","J.0","1.0",19880
"KL",2018-05-15,2018,"I.21","I.4","21.2",21006
"KL",2018-05-15,2018,"J14","J.0","14.0",20409
"KL",2018-05-15,2018,"K.20","K.3","20.0",12428
"SU",2018-05-15,2018,"K.1","K.3","1.0",19611
"SU",2018-05-15,2018,"D7.","D.0","7.7",19740
"KL",2018-05-15,2018,"N.10.","N.3","10.5",19706
"SU",2018-05-15,2018,"K.15","K.4","15.0",12180
"KL",2018-05-15,2018,"P1","P.1","0.5",20756
"SU",2018-05-15,2018,"O2.","O.1","2.3",22591
"SU",2018-05-15,2018,"K6.","K.0","6.5",22062
"SU",2018-05-15,2018,"B.12.","B.4","12.8",20447
"SU",2018-05-15,2018,"Q3.","Q.0","3.5",20341
"SU",2018-05-15,2018,"O11","O.0","11.0",21031
"SU",2018-05-15,2018,"R.2","R.5","2.0",22517
"SU",2018-05-15,2018,"S4","S.0","4.0",20202
"SU",2018-05-15,2018,"B6","A.8","5.7",19537
"SU",2018-05-15,2018,"G8","F.9","8.1",20942
"SU",2018-05-15,2018,"B15.","B.0","15.5",21985
"SU",2018-05-15,2018,"-2.19","-2.5","19.0",12194
"SU",2018-05-15,2018,"Q9","Q.0","8.9",19875
"SU",2018-05-15,2018,"J.10.","J.7","10.9",21281
"SU",2018-05-15,2018,"0.3","0.5","3.0",20825
"SU",2018-05-15,2018,"N5.","N.0","5.5",13129
"SU",2018-05-15,2018,"G3","G.0","2.8",22194
"SU",2018-05-15,2018,"C.6.","C.7","6.4",21297
"SU",2018-05-15,2018,"Q11","Q.1","10.8",19832
"SU",2018-05-15,2018,"L10.","L.0","10.5",10043
"KL",2018-05-15,2018,"N.6.","N.7","6.4",22657
"SU",2018-05-15,2018,"A7","A.0","7.0",21495
"SU",2018-05-15,2018,"C.15.","C.2","15.7",21867
"KL",2018-05-15,2018,"G5","G.0","5.0",20864
"SU",2018-05-15,2018,"G.16","G.5","16.0",21277
"SU",2018-05-15,2018,"G4","G.0","4.0",23301
"KL",2018-05-15,2018,"L.12","L.2","12.0",20077
"SU",2018-05-15,2018,"L.14","L.6","13.9",21395
"SU",2018-05-15,2018,"H.9.","H.5","9.6",22987
"SU",2018-05-15,2018,"0.19","0.5","18.9",20353
"SU",2018-05-15,2018,"M4.","M.0","4.5",20523
"SU",2018-05-15,2018,"D.17.","D.4","17.1",22605
"SU",2018-05-15,2018,"J1","J.0","0.9",20945
"SU",2018-05-15,2018,"Q7","Q.3","7.0",22358
"SU",2018-05-15,2018,"H.12","H.5","12.0",20235
"SU",2018-05-15,2018,"-117","-0.9","17.0",13095
"SU",2018-05-15,2018,"M2","M.1","2.0",19601
"SU",2018-05-15,2018,"-13","-1.0","3.0",22373
"SU",2018-05-15,2018,"J.2.","J.4","2.6",23189
"SU",2018-05-15,2018,"T.7.","T.5","7.5",21865
"SU",2018-05-15,2018,"G.14.","G.5","14.5",23646
"KL",2018-05-15,2018,"-4.13","-4.1","13.3",12744
"SU",2018-05-15,2018,"D15","D.1","14.8",23629
"SU",2018-05-15,2018,"E3.","E.1","3.4",23052
"SU",2018-05-15,2018,"E.4.","E.4","4.5",21279
"SU",2018-05-15,2018,"B.8.","B.4","8.6",21868
"SU",2018-05-15,2018,"T.4","T.6","4.2",20200
"SU",2018-05-15,2018,"A.1.","A.6","1.6",23300
"SU",2018-05-15,2018,"-3.4","-3.6","4.1",21043
"SU",2018-05-15,2018,"A17","A.0","17.1",22449
"KL",2018-05-15,2018,"-7.12.","-7.7","12.7",23295
"SU",2018-05-15,2018,"K12","K.0","12.0",23670
"SU",2018-05-15,2018,"B.10.","B.6","10.7",20939
"SU",2018-05-15,2018,"B.3","B.3","3.0",22921
"SU",2018-05-15,2018,"R11","R.5","10.9",21853
"SU",2018-05-15,2018,"-315.","-3.0","15.5",23193
"SU",2018-05-15,2018,"D9","D.0","9.0",20940
"SU",2018-05-15,2018,"E11.","E.0","11.5",13438
"SU",2018-05-15,2018,"F12","F.0","12.1",21488
"SU",2018-05-15,2018,"G5.","G.2","5.5",20342
"SU",2018-05-15,2018,"E12.","E.0","12.6",22975
"SU",2018-05-15,2018,"-27","-2.2","7.1",22978
"SU",2018-05-15,2018,"E.1.","E.3","1.5",20495
"SU",2018-05-15,2018,"K3","K.0","3.1",22652
"KL",2018-05-15,2018,"P.3","P.0","2.7",20525
"SU",2018-05-15,2018,"E.6","E.3","6.2",23697
"KL",2018-05-15,2018,"F.21","G.1","21.3",12008
"SU",2018-05-15,2018,"-2.20","-2.6","20.2",21907
"SU",2018-05-15,2018,"S1","S.3","1.1",23672
"SU",2018-05-15,2018,"M.12.","M.8","12.7",23128
"SU",2019-05-15,2019,"O8","N.8","8.1",22495
"SU",2019-05-15,2019,"G.16","G.5","16.0",21277
"SU",2019-05-15,2019,"M2","M.1","2.0",19601
"SU",2019-05-15,2019,"Q9","Q.0","8.9",19875
"SU",2019-05-15,2019,"O11","O.0","11.0",21031
"SU",2019-05-15,2019,"B15.","B.0","15.5",21985
"SU",2019-05-15,2019,"-2.6","-2.4","6.1",22978
"KL",2019-05-15,2019,"E13","E.0","13.0",22296
"SU",2019-05-15,2019,"K.1","K.3","1.0",19611
"SU",2019-05-15,2019,"J1","J.0","0.9",20945
"SU",2019-05-15,2019,"J.2.","J.4","2.6",23189
"SU",2019-05-15,2019,"N7.","M.9","7.5",21676
"KL",2019-05-15,2019,"05","0.0","5.0",19654
"KL",2019-05-15,2019,"M10","M.1","10.1",19706
"KL",2019-05-15,2019,"J1","J.0","1.0",19880
"KL",2019-05-15,2019,"J2","J.0","2.0",20686
"KL",2019-05-15,2019,"H1","H.0","0.8",20688
"KL",2019-05-15,2019,"-215","-2.0","15.0",20857
"KL",2019-05-15,2019,"G5","G.0","5.0",20864
"KL",2019-05-15,2019,"-110","-1.1","10.2",20919
"KL",2019-05-15,2019,"B4.","B.0","4.5",21046
"KL",2019-05-15,2019,"L11","K.6","10.5",21216
"KL",2019-05-15,2019,"H18.","H.0","18.4",21239
"KL",2019-05-15,2019,"O1","O.0","1.0",21276
"KL",2019-05-15,2019,"A.14.","A.6","14.4",21294
"KL",2019-05-15,2019,"G.18","G.5","17.9",21329
"KL",2019-05-15,2019,"H9","G.8","9.0",21331
"KL",2019-05-15,2019,"J.19","J.7","19.0",21368
"KL",2019-05-15,2019,"G.6.","G.5","6.5",21387
"KL",2019-05-15,2019,"D15","C.7","14.8",21389
"KL",2019-05-15,2019,"F6.","F.0","6.5",21350
"KL",2019-05-15,2019,"H15","H.0","15.0",21513
"KL",2019-05-15,2019,"C2.","C.0","2.5",21578
"KL",2019-05-15,2019,"A3.","A.0","3.3",21716
"KL",2019-05-15,2019,"L.17","L.3","16.8",21993
"KL",2019-05-15,2019,"F16","F.0","15.8",22278
"KL",2019-05-15,2019,"C.19","C.5","19.0",22575
"SU",2019-05-15,2019,"B.12.","B.4","12.8",20447
"KL",2019-05-15,2019,"N.6.","N.7","6.4",22657
"KL",2019-05-15,2019,"N1.","N.1","1.3",22759
"KL",2019-05-15,2019,"-114","-1.2","14.5",22891
"KL",2019-05-15,2019,"L10","K.9","9.8",22994
"SU",2019-05-15,2019,"A17","A.0","17.1",22449
"KL",2019-05-15,2019,"N8.","N.0","8.7",23320
"KL",2019-05-15,2019,"C13","C.0","13.0",23326
"KL",2019-05-15,2019,"J.6.","J.3","6.5",23466
"KL",2019-05-15,2019,"A8","A.0","8.0",23572
"KL",2019-05-15,2019,"O.2","O.5","2.0",23760
"SU",2019-05-15,2019,"E11.","E.0","11.5",13438
"KL",2019-05-15,2019,"D.8.","D.7","8.4",21023
"KL",2019-05-15,2019,"F8","F.2","8.0",21022
"SU",2019-05-15,2019,"G.14.","G.5","14.5",23646
"SU",2019-05-15,2019,"-1.4.","-1.3","4.5",20060
"SU",2019-05-15,2019,"-13","-1.0","3.0",22373
"SU",2019-05-15,2019,"-3.4","-3.6","4.1",21043
"SU",2019-05-15,2019,"A7","A.0","7.0",21495
"SU",2019-05-15,2019,"G8","F.9","8.1",20942
"SU",2019-05-15,2019,"G5.","G.2","5.5",20342
"SU",2019-05-15,2019,"E.4.","E.4","4.5",21279
"SU",2019-05-15,2019,"E.1.","E.3","1.5",20495
"SU",2019-05-15,2019,"H.9.","H.5","9.6",22982
"SU",2019-05-15,2019,"H.12","H.5","12.0",20235
"KL",2019-05-15,2019,"I.5.","I.3","5.6",20295
"KL",2019-05-15,2019,"I.16","I.6","16.0",22297
"KL",2019-05-15,2019,"-73","-7.0","3.1",22761
"KL",2019-05-15,2019,"K.15.","K.5","15.5",22778
"KL",2019-05-15,2019,"-515.","-5.1","15.4",22781
"KL",2019-05-15,2019,"-310","-3.0","10.0",23294
"KL",2019-05-15,2019,"F1","F.0","0.7",21393
"KL",2019-05-15,2019,"F17","F.0","17.0",20223
"KL",2019-05-15,2019,"-59","-5.0","9.0",22008
"KL",2019-05-15,2019,"-14","-1.0","4.0",22865
"KL",2019-05-15,2019,"-1.8.","-1.5","8.5",21342
"KL",2019-05-15,2019,"-4.10","-4.6","10.0",20916
"KL",2019-05-15,2019,"E7","E.3","7.1",22640
"KL",2019-05-15,2019,"F.20.","F.3","20.7",19809
"KL",2019-05-15,2019,"E11","D.9","10.9",23565
"KL",2019-05-15,2019,"-66","-6.4","6.3",20504
"SU",2019-05-15,2019,"Q7","Q.3","7.0",22358
"SU",2019-05-15,2019,"J.10.","J.7","10.9",21281
"SU",2019-05-15,2019,"D10.","D.0","10.4",21488
"SU",2019-05-15,2019,"T.4","T.6","4.2",20200
"KL",2019-05-15,2019,"K7.","K.0","7.5",20191
"KL",2019-05-15,2019,"K17.","K.1","17.5",21215
"KL",2019-05-15,2019,"I11","H.8","10.9",19984
"KL",2019-05-15,2019,"M14","L.8","13.9",20806
"KL",2019-05-15,2019,"F18.","F.0","18.6",21007
"KL",2019-05-15,2019,"J11","J.1","11.0",19983
"KL",2019-05-15,2019,"L.1","L.5","0.9",20685
"KL",2019-05-15,2019,"C.0.","C.8","0.6",21155
"KL",2019-05-15,2019,"B.10.","B.6","10.5",23023
"KL",2019-05-15,2019,"I2.","I.1","2.6",23027
"KL",2019-05-15,2019,"L.15","L.6","15.0",23378
"KL",2019-05-15,2019,"-612","-6.5","12.0",23806
"KL",2019-05-15,2019,"-611","-5.9","11.3",20537
"SU",2019-05-15,2019,"G3","G.0","2.8",22194
"SU",2019-05-15,2019,"P3","O.9","3.0",22591
"SU",2019-05-15,2019,"-315.","-3.0","15.5",23193
"SU",2019-05-15,2019,"-2.19","-2.5","19.0",23796
"SU",2019-05-15,2019,"C.6.","C.7","6.4",23877
"KL",2019-05-15,2019,"C17.","C.0","17.5",23860
"KL",2019-05-15,2019,"J.20.","J.5","20.5",20220
"SU",2019-05-15,2019,"R11","R.5","10.9",19832
"KL",2019-05-15,2019,"E3.","E.0","3.5",23755
"KL",2019-05-15,2019,"M9","M.0","9.0",20525
"KL",2019-05-15,2019,"-212","-2.0","12.2",19764
"KL",2019-05-15,2019,"G3.","G.0","3.5",23532
"KL",2019-05-15,2019,"0.13.","0.4","13.6",20862
"KL",2019-05-15,2019,"H12","H.0","12.0",23319
"SU",2019-05-15,2019,"B.1","B.5","1.2",23844
"SU",2019-05-15,2019,"C18","B.8","18.1",23804
"SU",2019-05-15,2019,"M4.","M.0","4.5",22652
"KL",2019-05-15,2019,"-5.6","-5.4","6.0",19561
"SU",2019-05-15,2019,"J.4","J.5","4.2",22236
"SU",2019-05-15,2019,"-0.19","-0.2","19.0",20353
"KL",2019-05-15,2019,"-27","-2.0","6.7",23054
"KL",2019-05-15,2019,"E1","E.0","1.3",21487
"SU",2020-05-15,2020,"-13","-1.0","3.0",25001
"SU",2020-05-15,2020,"-3.4","-3.6","4.1",25034
"SU",2020-05-15,2020,"-2.6","-2.4","6.1",24553
"SU",2020-05-15,2020,"0.3","0.5","3.0",22978
"SU",2020-05-15,2020,"-0.5.","-0.5","5.5",24866
"SU",2020-05-15,2020,"A7","A.0","7.0",21676
"SU",2020-05-15,2020,"B.3","B.3","3.0",23938
"SU",2020-05-15,2020,"B. 9.","B.3","9.6",24549
"KL",2020-05-15,2020,"A8","A.0","8.0",24764
"SU",2020-05-15,2020,"B 1.","B.0","1.5",24526
"KL",2020-05-15,2020,"D7.","D.3","7.0",24770
"SU",2020-05-15,2020,"B6","A.8","5.7",24813
"KL",2020-05-15,2020,"G.2","G.3","2.0",24424
"SU",2020-05-15,2020,"B7.","B.2","7.6",23193
"SU",2020-05-15,2020,"C12","C.2","11.9",24865
"SU",2020-05-15,2020,"D9","D.0","9.0",24722
"KL",2020-05-15,2020,"J.9","J.2","9.0",24709
"SU",2020-05-15,2020,"E.1.","E.3","1.5",24551
"SU",2020-05-15,2020,"G.14.","G.5","14.5",23967
"SU",2020-05-15,2020,"G3","G.0","2.8",24317
"SU",2020-05-15,2020,"G8","F.9","8.1",24996
"KL",2020-05-15,2020,"K1.","J.8","1.6",24659
"KL",2020-05-15,2020,"L.17","L.3","16.8",24375
"KL",2020-05-15,2020,"N.16.","N.5","16.5",24470
"KL",2020-05-15,2020,"N1.","N.1","1.3",24002
"SU",2020-05-15,2020,"H.5","H.6","5.1",24411
"KL",2020-05-15,2020,"I5","I.2","4.9",24702
"SU",2020-05-15,2020,"I4","I.3","3.8",24318
"SU",2020-05-15,2020,"J.10.","J.7","10.9",25056
"SU",2020-05-15,2020,"J.2.","J.4","2.6",24673
"KL",2020-05-15,2020,"O.8","O.7","8.0",24703
"SU",2020-05-15,2020,"K.1","K.3","1.0",24583
"SU",2020-05-15,2020,"K.12","K.3","11.8",21279
"KL",2020-05-15,2020,"O1","O.0","1.0",24003
"KL",2020-05-15,2020,"H15","H.0","15.0",23319
"KL",2020-05-15,2020,"05","0.0","5.0",24797
"SU",2020-05-15,2020,"K.8","K.5","8.0",24655
"KL",2020-05-15,2020,"J1","J.0","1.0",21387
"KL",2020-05-15,2020,"M.15","M.7","14.9",24708
"SU",2020-05-15,2020,"M2","M.1","2.0",25030
"KL",2020-05-15,2020,"-513","-5.3","12.8",24431
"KL",2020-05-15,2020,"-110","-1.1","10.2",23294
"SU",2020-05-15,2020,"N7.","M.9","7.5",24862
"KL",2020-05-15,2020,"-38","-3.0","8.0",24754
"KL",2020-05-15,2020,"-14","-1.0","4.0",24577
"SU",2020-05-15,2020,"N9","N.0","9.0",24804
"KL",2020-05-15,2020,"-8.12","-8.5","12.0",23295
"SU",2020-05-15,2020,"P 3","P.1","3.1",24532
"KL",2020-05-15,2020,"-11","-1.0","1.0",24261
"SU",2020-05-15,2020,"Q7","Q.3","7.0",24638
"KL",2020-05-15,2020,"-212","-2.0","12.2",24506
"SU",2020-05-15,2020,"Q9","Q.0","8.9",24861
"SU",2020-05-15,2020,"R.2","R.5","2.0",25031
"KL",2020-05-15,2020,"-2.5","-2.5","5.1",23054
"SU",2020-05-15,2020,"S.8","S.5","8.0",23921
"KL",2020-05-15,2020,"-512","-5.0","12.0",24835
"SU",2020-05-15,2020,"U1","U.0","1.2",24863
"KL",2020-05-15,2020,"-27","-2.0","6.7",22891
"KL",2020-05-15,2020,"-310","-3.0","10.0",22358
"KL",2020-05-15,2020,"-610","-6.2","9.8",24589
"KL",2020-05-15,2020,"A10.","A.1","10.5",24269
"KL",2020-05-15,2020,"B11.","A.9","11.6",23023
"KL",2020-05-15,2020,"B4.","B.0","4.5",22865
"KL",2020-05-15,2020,"C.0.","C.8","0.6",24256
"KL",2020-05-15,2020,"H1","H.0","0.8",24798
"KL",2020-05-15,2020,"H6","H.3","6.2",23532
"KL",2020-05-15,2020,"C.5","C.5","5.0",24260
"KL",2020-05-15,2020,"E11","D.9","10.9",24268
"KL",2020-05-15,2020,"F6.","F.0","6.5",24409
"KL",2020-05-15,2020,"E15","E.0","14.7",24710
"KL",2020-05-15,2020,"E1","E.0","1.3",24796
"KL",2020-05-15,2020,"B2","A.9","2.0",24578
"KL",2020-05-15,2020,"C8.","C.0","8.3",24739
"KL",2020-05-15,2020,"H11","H.0","11.2",23466
"SU",2020-05-15,2020,"H.12","H.5","12.0",24494
"KL",2020-05-15,2020,"-53","-4.9","3.3",24609
"KL",2020-05-15,2020,"-0.12","-0.3","12.0",21342
"SU",2020-05-15,2020,"I6","I.1","6.4",25053
"KL",2020-05-15,2020,"-59","-5.0","9.0",23919
"KL",2020-05-15,2020,"G.9.","G.4","9.5",24471
"SU",2020-05-15,2020,"M4.","M.0","4.5",22652
"SU",2020-05-15,2020,"P5","P.3","5.0",24338
"SU",2020-05-15,2020,"T.7.","T.5","7.5",24664
"SU",2020-05-15,2020,"T3","T.1","3.0",24864
"SU",2020-05-15,2020,"U5.","U.0","5.5",24316
"KL",2020-05-15,2020,"H4.","H.0","4.5",24661
"KL",2020-05-15,2020,"H12","H.0","12.0",24459
"KL",2020-05-15,2020,"A3.","A.0","3.3",24033
"KL",2020-05-15,2020,"0.6.","0.5","6.7",24451
"KL",2020-05-15,2020,"-515.","-5.1","15.4",20857
"KL",2020-05-15,2020,"-4.10","-4.6","10.0",24818
"KL",2020-05-15,2020,"-7.6","-7.5","6.2",24793
"KL",2020-05-15,2020,"B13","B.0","13.0",24850
"KL",2020-05-15,2020,"-7.9","-7.5","9.2",24005
"KL",2020-05-15,2020,"C13","C.0","13.0",23565
"KL",2020-05-15,2020,"I2.","I.1","2.6",23027
"KL",2020-05-15,2020,"I21","I.0","21.0",25099
"KL",2020-05-15,2020,"F18.","F.0","18.6",25098
"KL",2020-05-15,2020,"-7.12.","-7.7","12.7",24784
"KL",2020-05-15,2020,"J11","J.1","11.0",24787
"KL",2020-05-15,2020,"O.2","O.5","2.0",24004
"KL",2020-05-15,2020,"P1","P.1","0.5",24839
"KL",2020-05-15,2020,"P9","P.0","9.0",24841
"KL",2020-05-15,2020,"L11","K.6","10.5",25082
"KL",2020-05-15,2020,"L.1","L.5","0.9",25091
"KL",2020-05-15,2020,"F17","F.0","17.0",24274
"KL",2020-05-15,2020,"I.16","I.6","16.0",24462
"KL",2020-05-15,2020,"I.20.","I.6","20.3",24794
"KL",2020-05-15,2020,"F.21","G.1","21.3",24463
"KL",2020-05-15,2020,"-613","-6.0","13.0",25061
"KL",2020-05-15,2020,"J.6.","J.3","6.5",25066
"SU",2020-05-15,2020,"E.4.","E.4","4.5",23877
"SU",2020-05-15,2020,"J.4","J.5","4.2",22236
"SU",2020-05-15,2020,"K6.","K.0","6.5",24696
"SU",2020-05-15,2020,"L10.","L.0","10.5",24991
"SU",2020-05-15,2020,"Q11","Q.1","10.8",23765
"SU",2020-05-15,2020,"Q3.","Q.0","3.5",20948
"SU",2020-05-15,2020,"S1","S.3","1.1",23672
"SU",2020-05-15,2020,"O11","O.0","11.0",24492
"KL",2020-05-15,2020,"M7","L.9","7.1",24591
"KL",2020-05-15,2020,"B.10.","B.6","10.5",23724
"SU",2020-05-15,2020,"E3.","E.1","3.4",24859
"SU",2020-05-15,2020,"G5.","G.2","5.5",24857
"SU",2020-05-15,2020,"E.6","E.3","6.2",24858
"SU",2020-05-15,2020,"G.5","G.5","5.0",24860
"KL",2020-05-15,2020,"-66","-6.4","6.3",19561
"KL",2020-05-15,2020,"-59","-5.0","9.0",23920
"KL",2020-05-15,2020,"C.17","C.6","16.9",24721
"SU",2021-05-15,2021,"0.3","0.5","3.0",22978
"SU",2021-05-15,2021,"K.1","K.3","1.0",24583
"SU",2021-05-15,2021,"J.4","J.5","4.2",22236
"SU",2021-05-15,2021,"K.8","K.5","8.0",24655
"SU",2021-05-15,2021,"T.7.","T.5","7.5",24664
"SU",2021-05-15,2021,"P5","P.3","5.0",24338
"SU",2021-05-15,2021,"M4.","M.0","4.5",22652
"SU",2021-05-15,2021,"O11","O.0","11.0",25158
"SU",2021-05-15,2021,"N9","N.0","9.0",24804
"SU",2021-05-15,2021,"J.2.","J.4","2.6",24673
"SU",2021-05-15,2021,"K6.","K.0","6.5",24696
"SU",2021-05-15,2021,"B6","A.8","5.7",24813
"SU",2021-05-15,2021,"A7","A.0","7.0",21676
"SU",2021-05-15,2021,"P3","O.9","3.0",24532
"SU",2021-05-15,2021,"H.12","H.5","12.0",24494
"SU",2021-05-15,2021,"R.2","R.5","2.0",25169
"SU",2021-05-15,2021,"B.3","B.3","3.0",23938
"SU",2021-05-15,2021,"D9","D.0","9.0",25108
"SU",2021-05-15,2021,"T3","T.1","3.0",24864
"SU",2021-05-15,2021,"C12","C.2","11.9",24160
"SU",2021-05-15,2021,"G8","F.9","8.1",24996
"KL",2021-05-15,2021,"-512","-5.0","12.0",24835
"KL",2021-05-15,2021,"-513","-5.3","12.8",24431
"KL",2021-05-15,2021,"H6","H.3","6.2",23532
"KL",2021-05-15,2021,"-7.12.","-7.7","12.7",24784
"KL",2021-05-15,2021,"-110","-1.1","10.2",23294
"KL",2021-05-15,2021,"H11","H.0","11.2",23466
"KL",2021-05-15,2021,"-35.","-3.1","5.4",23054
"KL",2021-05-15,2021,"-38","-3.0","8.0",25179
"KL",2021-05-15,2021,"A8","A.0","8.0",24983
"KL",2021-05-15,2021,"G.2","G.3","2.0",24424
"KL",2021-05-15,2021,"C.9","C.5","9.4",24739
"KL",2021-05-15,2021,"-610","-6.2","9.8",25142
"KL",2021-05-15,2021,"B2","A.9","2.0",24256
"KL",2021-05-15,2021,"K1.","J.8","1.6",25091
"KL",2021-05-15,2021,"D7","D.0","7.0",24770
"KL",2021-05-15,2021,"O1","O.0","1.0",24003
"KL",2021-05-15,2021,"C.5","C.5","5.0",24260
"KL",2021-05-15,2021,"I5","I.2","4.9",24702
"KL",2021-05-15,2021,"N6","N.0","6.0",24591
"KL",2021-05-15,2021,"J.9","J.2","9.0",24709
"KL",2021-05-15,2021,"N1.","N.1","1.3",24002
"KL",2021-05-15,2021,"05.","0.1","5.5",24850
"KL",2021-05-15,2021,"I.16","I.6","16.0",25174
"KL",2021-05-15,2021,"F17","F.0","17.0",25186
"KL",2021-05-15,2021,"C13","C.0","13.0",23565
"KL",2021-05-15,2021,"E15","E.0","14.7",24710
"KL",2021-05-15,2021,"J1","J.0","1.0",21387
"KL",2021-05-15,2021,"-14","-1.0","4.0",24577
"KL",2021-05-15,2021,"L11","K.6","10.5",25082
"KL",2021-05-15,2021,"A10.","A.1","10.5",25150
"KL",2021-05-15,2021,"P1","P.1","0.5",24839
"KL",2021-05-15,2021,"-4.10","-4.6","10.0",24818
"KL",2021-05-15,2021,"J11","J.1","11.0",24787
"KL",2021-05-15,2021,"-55","-5.0","5.0",24609
"KL",2021-05-15,2021,"I2.","I.1","2.6",23027
"KL",2021-05-15,2021,"A.14.","A.6","14.4",24372
"KL",2021-05-15,2021,"-114.","-1.0","14.5",24506
"KL",2021-05-15,2021,"I.20.","I.6","20.3",24794
"KL",2021-05-15,2021,"M7","L.9","7.1",25015
"KL",2021-05-15,2021,"K6","K.0","6.2",25154
"KL",2021-05-15,2021,"-75","-7.0","5.0",25218
"KL",2021-05-15,2021,"E1","E.0","1.3",24796
"KL",2021-05-15,2021,"F3","E.7","2.8",24661
"KL",2021-05-15,2021,"P9","P.0","9.0",24621
"KL",2021-05-15,2021,"-59","-5.0","9.0",23919
"KL",2021-05-15,2021,"F18.","F.0","18.6",25098
"KL",2021-05-15,2021,"G9","G.3","9.2",24471
"SU",2021-05-15,2021,"H.5","H.6","5.1",24411
"SU",2021-05-15,2021,"C18","B.8","18.1",24744
"SU",2021-05-15,2021,"L10.","L.0","10.5",24991
"KL",2021-05-15,2021,"-515.","-5.1","15.4",24971
"KL",2021-05-15,2021,"-7.6","-7.5","6.2",24793
"KL",2021-05-15,2021,"O.8","O.7","8.0",24703
"KL",2021-05-15,2021,"L.17","L.3","16.8",24375
"KL",2021-05-15,2021,"I21","I.0","21.0",25099
"SU",2021-05-15,2021,"Q9","Q.0","8.9",25207
"KL",2021-05-15,2021,"B.10.","B.6","10.5",23724
"SU",2021-05-15,2021,"N7.","M.9","7.5",24803
"SU",2021-05-15,2021,"B7.","B.2","7.6",23193
"SU",2021-05-15,2021,"G.14.","G.5","14.5",23967
"SU",2021-05-15,2021,"G3","G.0","2.8",24317
"SU",2021-05-15,2021,"S1","S.3","1.1",25092
"SU",2021-05-15,2021,"B.10.","B.6","10.7",25029
"SU",2021-05-15,2021,"A17","A.0","17.1",25156
"SU",2021-05-15,2021,"-2.19","-2.5","19.0",24751
"SU",2021-05-15,2021,"E11.","E.0","11.5",25230
"KL",2021-05-15,2021,"M.12.","M.6","12.4",24902
"KL",2021-05-15,2021,"H15","H.0","15.0",25153
"KL",2021-05-15,2021,"A3.","A.0","3.3",24033
"KL",2021-05-15,2021,"H12","H.0","12.0",24459
"SU",2022-05-15,2022,"M4.","M.0","4.5",22652
"KL",2022-05-15,2022,"F17","F.0","17.0",25186
"KL",2022-05-15,2022,"I2.","I.1","2.6",25275
"KL",2022-05-15,2022,"J.9","J.2","9.0",25406
"SU",2022-05-15,2022,"R.2","R.5","2.0",25169
"SU",2022-05-15,2022,"B6","A.8","5.7",24813
"SU",2022-05-15,2022,"G5.","G.2","5.5",24411
"SU",2022-05-15,2022,"K.15","K.4","15.0",25224
"SU",2022-05-15,2022,"E.1.","E.3","1.5",25161
"SU",2022-05-15,2022,"B.3","B.3","3.0",23938
"KL",2022-05-15,2022,"E1","E.0","1.3",24796
"KL",2022-05-15,2022,"H15","H.0","15.0",25153
"KL",2022-05-15,2022,"I5","I.2","4.9",24702
"KL",2022-05-15,2022,"J11","J.1","11.0",24787
"KL",2022-05-15,2022,"M.15","M.7","14.9",25337
"KL",2022-05-15,2022,"G9","G.3","9.2",25397
"KL",2022-05-15,2022,"F18.","F.0","18.6",25098
"KL",2022-05-15,2022,"P1","P.1","0.5",25422
"KL",2022-05-15,2022,"I21","I.0","21.0",25430
"KL",2022-05-15,2022,"N1.","N.1","1.3",24002
"KL",2022-05-15,2022,"I.16","I.6","16.0",25174
"KL",2022-05-15,2022,"N6","N.0","6.0",24591
"KL",2022-05-15,2022,"I11.","H.3","11.6",25015
"KL",2022-05-15,2022,"O.2.","O.3","2.5",25290
"KL",2022-05-15,2022,"H1","H.0","0.8",24424
"KL",2022-05-15,2022,"O1","O.0","1.0",24003
"KL",2022-05-15,2022,"M.12.","M.6","12.4",25423
"KL",2022-05-15,2022,"L.17","L.3","16.8",25413
"KL",2022-05-15,2022,"L11","K.6","10.5",25412
"SU",2022-05-15,2022,"-117","-0.9","17.0",25119
"SU",2022-05-15,2022,"0.3","0.5","3.0",24940
"SU",2022-05-15,2022,"C18","B.8","18.1",25156
"SU",2022-05-15,2022,"-2.19","-2.5","19.0",24792
"SU",2022-05-15,2022,"B7.","B.2","7.6",23193
"SU",2022-05-15,2022,"K.1","K.3","1.0",25302
"SU",2022-05-15,2022,"E11.","E.0","11.5",25230
"SU",2022-05-15,2022,"U5.","U.0","5.5",24803
"SU",2022-05-15,2022,"C12","C.2","11.9",24160
"SU",2022-05-15,2022,"T.7.","T.5","7.5",24664
"SU",2022-05-15,2022,"S1","S.3","1.1",25092
"SU",2022-05-15,2022,"O11","O.0","11.0",25158
"SU",2022-05-15,2022,"Q9","Q.0","8.9",25207
"KL",2022-05-15,2022,"P9","P.0","9.0",24621
"KL",2022-05-15,2022,"F3","E.7","2.8",25257
"SU",2022-05-15,2022,"B7.","B.2","7.6",23193
"SU",2022-05-15,2022,"K6.","K.0","6.5",24696
"SU",2022-05-15,2022,"Q7","Q.3","7.0",25320
"SU",2022-05-15,2022,"G.14.","G.5","14.5",25451
"SU",2022-05-15,2022,"D9","D.0","9.0",24799
"SU",2022-05-15,2022,"T3","T.1","3.0",24813
"SU",2023-05-15,2023,"E.4.","E.4","4.5",25994
"SU",2023-05-15,2023,"K.15","K.4","15.0",25972
"SU",2023-05-15,2023,"I2.","I.3","2.3",25435
"SU",2023-05-15,2023,"M4.","M.0","4.5",22652
"SU",2023-05-15,2023,"N7.","M.9","7.5",25857
"SU",2023-05-15,2023,"N9","N.0","9.0",100021
"SU",2023-05-15,2023,"Q7","Q.3","7.0",100060
"SU",2023-05-15,2023,"Q9","Q.0","8.9",25461
"SU",2023-05-15,2023,"S1","S.3","1.1",100111
"SU",2023-05-15,2023,"S8","S.0","7.9",25965
"SU",2023-05-15,2023,"T.7.","T.5","7.5",100032
"SU",2023-05-15,2023,"R4","R.0","4.0",100022
"SU",2023-05-15,2023,"T3","T.1","3.0",100019
"SU",2023-05-15,2023,"U5.","U.0","5.5",25549
"SU",2023-05-15,2023,"L10.","L.0","10.5",25995
"SU",2023-05-15,2023,"H.12","H.5","12.0",100029
"SU",2023-05-15,2023,"K6.","K.0","6.5",25904
"SU",2023-05-15,2023,"K.1","K.3","1.0",25462
"KL",2023-05-15,2023,"O.2","O.5","2.0",25290
"KL",2023-05-15,2023,"O.2.","O.3","2.5",25823
"KL",2023-05-15,2023,"J.9","J.2","9.0",25513
"KL",2023-05-15,2023,"C13","C.0","13.0",25914
"KL",2023-05-15,2023,"L11","K.6","10.5",25970
"KL",2023-05-15,2023,"N1.","N.1","1.3",25862
"KL",2023-05-15,2023,"F17","F.0","17.0",25611
"KL",2023-05-15,2023,"F17","F.0","17.0",25186
"KL",2023-05-15,2023,"F3","E.7","2.8",25863
"KL",2023-05-15,2023,"J11","J.1","11.0",25514
"KL",2023-05-15,2023,"M10","M.1","10.1",25968
"KL",2023-05-15,2023,"M.12.","M.6","12.4",25881
"KL",2023-05-15,2023,"B.10.","B.6","10.5",25558
"KL",2023-05-15,2023,"O1","O.0","1.0",24033
"KL",2023-05-15,2023,"H6","H.3","6.2",25737
"KL",2023-05-15,2023,"C8.","C.0","8.3",25975
"KL",2023-05-15,2023,"F6.","F.0","6.5",26017
"SU",2023-05-15,2023,"-2.6","-2.4","6.1",100169
"SU",2023-05-15,2023,"-117","-0.9","17.0",25119
"SU",2023-05-15,2023,"0.3","0.5","3.0",24940
"SU",2023-05-15,2023,"A7","A.0","7.0",25993
"SU",2023-05-15,2023,"B.12.","B.4","12.8",100010
"SU",2023-05-15,2023,"B6","A.8","5.7",25485
"SU",2023-05-15,2023,"B.9.","B.3","9.5",25342
"SU",2023-05-15,2023,"B7.","B.2","7.6",24796
"SU",2023-05-15,2023,"E.1.","E.3","1.5",25878
"SU",2023-05-15,2023,"D9","D.0","9.0",100151
"SU",2023-05-15,2023,"E3.","E.1","3.4",26031
"SU",2023-05-15,2023,"B.1","B.5","1.2",25940
"SU",2023-05-15,2023,"H.9.","H.5","9.6",26028
"SU",2023-05-15,2023,"I14.","I.0","14.5",25996
"SU",2023-05-15,2023,"J.4","J.5","4.2",25966
"SU",2023-05-15,2023,"P3","O.9","3.0",24696
"SU",2023-05-15,2023,"O11","O.0","11.0",25476
"SU",2023-05-15,2023,"Q3.","Q.0","3.5",100245
"SU",2023-05-15,2023,"R.2","R.5","2.0",25478
"SU",2023-05-15,2023,"N4","M.8","3.9",100078
"SU",2023-05-15,2023,"Q11","Q.1","10.8",100023
"SU",2023-05-15,2023,"B.3","B.3","3.0",26030
"SU",2023-05-15,2023,"C18","B.8","18.1",100152
"SU",2023-05-15,2023,"B.10.","B.6","10.7",100009
"SU",2023-05-15,2023,"C12","C.2","11.9",25230
"SU",2023-05-15,2023,"A17","A.0","17.1",100218
"SU",2023-05-15,2023,"C.5","C.5","5.2",25916
"SU",2023-05-15,2023,"G5.","G.2","5.5",25884
"SU",2023-05-15,2023,"G8","F.9","8.1",26027
"KL",2023-05-15,2023,"I17.","I.0","17.3",25604
"KL",2023-05-15,2023,"A10.","A.1","10.5",25852
"KL",2023-05-15,2023,"-110","-1.1","10.2",100051
"KL",2023-05-15,2023,"L9","K.8","8.7",25999
"KL",2023-05-15,2023,"-38","-3.0","8.0",25837
"KL",2023-05-15,2023,"-27","-2.0","6.7",100103
"KL",2023-05-15,2023,"H1","H.0","0.8",24424
"KL",2023-05-15,2023,"-4.13","-4.1","13.3",25854
"KL",2023-05-15,2023,"-53","-4.9","3.3",24609
"KL",2023-05-15,2023,"-14","-1.0","4.0",25334
"KL",2023-05-15,2023,"-513","-5.3","12.8",25917
"KL",2023-05-15,2023,"B2","A.9","2.0",24256
"KL",2023-05-15,2023,"J.6.","J.3","6.5",24002
"KL",2023-05-15,2023,"-1.8.","-1.5","8.5",25245
"KL",2023-05-15,2023,"H12","H.0","12.0",25239
"KL",2023-05-15,2023,"H4.","H.0","4.5",25275
"KL",2023-05-15,2023,"-610","-6.2","9.8",25753
"SU",2023-05-15,2023,"G.14.","G.5","14.5",25865
"KL",2023-05-15,2023,"I21","I.0","21.0",25174
"KL",2023-05-15,2023,"-110","-1.1","10.2",100227
"KL",2023-05-15,2023,"C2.","C.0","2.5",25794
"KL",2023-05-15,2023,"C.19","C.5","19.0",100233
"SU",2023-05-15,2023,"G3","G.0","2.8",25967
"SU",2023-05-15,2023,"E11.","E.0","11.5",26029
"SU",2023-05-15,2023,"F.16","F.3","16.0",25477
"KL",2023-05-15,2023,"J14","J.0","14.0",25985
"KL",2023-05-15,2023,"C.5","C.5","5.0",25751
"KL",2023-05-15,2023,"K6","K.0","6.2",100011
"KL",2023-05-15,2023,"-512","-5.0","12.0",24835
"KL",2023-05-15,2023,"A8","A.0","8.0",25973
"KL",2023-05-15,2023,"H9","G.8","9.0",26024
"KL",2023-05-15,2023,"-114.","-1.0","14.5",100050
"KL",2023-05-15,2023,"L.17","L.3","16.8",100055
"KL",2023-05-15,2023,"-59","-5.0","9.0",25704
"KL",2023-05-15,2023,"A3.","A.0","3.3",25488
"KL",2023-05-15,2023,"05.","0.1","5.5",26032
"KL",2023-05-15,2023,"E11","D.9","10.9",26018
"KL",2023-05-15,2023,"M.15","M.7","14.9",100068
"KL",2023-05-15,2023,"I19.","I.1","19.4",26023
"KL",2023-05-15,2023,"-55","-5.0","5.0",25838
"KL",2023-05-15,2023,"D.5.","D.5","5.6",26022
"KL",2023-05-15,2023,"-6.9","-6.7","9.0",25992
"KL",2023-05-15,2023,"-7.12.","-7.7","12.7",25974
"KL",2023-05-15,2023,"-8.12","-8.5","12.0",25583
"KL",2023-05-15,2023,"N6","N.0","6.0",25767
"KL",2023-05-15,2023,"E1","E.0","1.3",25437
"KL",2023-05-15,2023,"E15","E.0","14.7",25555
"KL",2023-05-15,2023,"C.17","C.6","16.9",25422
"KL",2023-05-15,2023,"D7","D.0","7.0",100247
"SU",2023-05-15,2023,"H.5","H.6","5.1",25386
"SU",2023-05-15,2023,"K.8","K.5","8.0",100108
"KL",2023-05-15,2023,"-4.10","-4.6","10.0",25591
"KL",2023-05-15,2023,"-0.12","-0.3","12.0",25913
"KL",2023-05-15,2023,"-7.9","-7.5","9.2",25983
"KL",2023-05-15,2023,"-2.5","-2.5","5.1",25835
"KL",2023-05-15,2023,"-7.6","-7.5","6.2",25982
"KL",2023-05-15,2023,"-310","-3.0","10.0",100049
"KL",2023-05-15,2023,"H.3.","H.7","3.4",25736
"KL",2023-05-15,2023,"F18.","F.0","18.6",25098
"KL",2023-05-15,2023,"H15","H.0","15.0",25487
"KL",2023-05-15,2023,"J1","J.0","1.0",25984
"KL",2023-05-15,2023,"K.15","K.7","14.9",100056
"KL",2023-05-15,2023,"L.12","L.2","12.0",100004
"KL",2023-05-15,2023,"M.15","M.7","14.9",100231
"KL",2023-05-15,2023,"M.8","M.6","7.9",100071
"KL",2023-05-15,2023,"O.8","O.7","8.0",100234
"KL",2023-05-15,2023,"-2.11","-2.4","11.0",25752
"KL",2023-05-15,2023,"H1","H.0","0.8",24424
"KL",2024-05-15,2024,"-0.12","-0.3","12.0",25913
"KL",2024-05-15,2024,"-1.8.","-1.5","8.5",100227
"KL",2024-05-15,2024,"-55","-5.0","5.0",25838
"KL",2024-05-15,2024,"L10","K.9","9.8",25999
"KL",2024-05-15,2024,"N1.","N.1","1.3",100273
"KL",2024-05-15,2024,"O6","O.5","6.4",100263
"KL",2024-05-15,2024,"O.2","O.5","2.0",25290
"SU",2024-05-15,2024,"K.15","K.4","15.0",25972
"SU",2024-05-15,2024,"-117","-0.9","17.0",100218
"SU",2024-05-15,2024,"-13","-1.0","3.0",100018
"SU",2024-05-15,2024,"0.3","0.5","3.0",24940
"SU",2024-05-15,2024,"A7","A.0","7.0",25993
"SU",2024-05-15,2024,"B.10.","B.6","10.7",100009
"SU",2024-05-15,2024,"B.9.","B.3","9.5",25342
"SU",2024-05-15,2024,"G3","G.0","2.8",25967
"SU",2024-05-15,2024,"H.5","H.6","5.1",25386
"SU",2024-05-15,2024,"J.4","J.5","4.2",25966
"SU",2024-05-15,2024,"M4.","M.0","4.5",100266
"SU",2024-05-15,2024,"N7.","M.9","7.5",25857
"SU",2024-05-15,2024,"N9","N.0","9.0",100021
"SU",2024-05-15,2024,"Q11","Q.1","10.8",100023
"SU",2024-05-15,2024,"Q3.","Q.0","3.5",100245
"SU",2024-05-15,2024,"S8","S.0","7.9",25965
"SU",2024-05-15,2024,"T6","T.1","6.0",100268
"SU",2024-05-15,2024,"U5.","U.0","5.5",25549
"SU",2024-05-15,2024,"N5.","N.0","5.5",100120
"SU",2024-05-15,2024,"B.12.","B.4","12.8",100010
"SU",2024-05-15,2024,"B.3","B.3","3.0",26030
"SU",2024-05-15,2024,"B6","A.8","5.7",25485
"SU",2024-05-15,2024,"B7.","B.2","7.6",24796
"SU",2024-05-15,2024,"C.5","C.5","5.2",25916
"SU",2024-05-15,2024,"G.14.","G.5","14.5",25865
"SU",2024-05-15,2024,"Q9","Q.0","8.9",25461
"SU",2024-05-15,2024,"E11.","E.0","11.5",26029
"SU",2024-05-15,2024,"D9","D.0","9.0",100151
"SU",2024-05-15,2024,"G8","F.9","8.1",26027
"SU",2024-05-15,2024,"I14.","I.0","14.5",25996
"SU",2024-05-15,2024,"K6.","K.0","6.5",25904
"SU",2024-05-15,2024,"L10.","L.0","10.5",25995
"SU",2024-05-15,2024,"K.1","K.3","1.0",25462
"SU",2024-05-15,2024,"G.5","G.5","5.0",25884
"SU",2024-05-15,2024,"N4","M.8","3.9",100078
"SU",2024-05-15,2024,"O11","O.0","11.0",25476
"SU",2024-05-15,2024,"P3","O.9","3.0",100267
"SU",2024-05-15,2024,"R4","R.0","4.0",100022
"KL",2024-05-15,2024,"I5","I.2","4.9",25737
"SU",2024-05-15,2024,"D15","D.1","14.8",100269
"SU",2024-05-15,2024,"E.1.","E.3","1.5",25878
"SU",2024-05-15,2024,"R.2","R.5","2.0",25478
"SU",2024-05-15,2024,"T.7.","T.5","7.5",100032
"SU",2024-05-15,2024,"-2.6","-2.4","6.1",100079
"SU",2024-05-15,2024,"Q7","Q.3","7.0",100060
"KL",2024-05-15,2024,"-110","-1.1","10.2",100051
"KL",2024-05-15,2024,"-114","-1.2","14.5",100050
"KL",2024-05-15,2024,"-2.11","-2.4","11.0",25752
"KL",2024-05-15,2024,"-27","-2.0","6.7",100103
"KL",2024-05-15,2024,"-310","-3.0","10.0",100049
"KL",2024-05-15,2024,"-38","-3.0","8.0",25837
"KL",2024-05-15,2024,"-4.13","-4.1","13.3",25854
"KL",2024-05-15,2024,"-513","-5.3","12.8",25917
"KL",2024-05-15,2024,"-512","-5.0","12.0",24835
"KL",2024-05-15,2024,"-53","-4.9","3.3",24609
"KL",2024-05-15,2024,"-6.9","-6.7","9.0",25992
"KL",2024-05-15,2024,"-611","-5.9","11.3",25591
"KL",2024-05-15,2024,"-612","-6.5","12.0",100272
"KL",2024-05-15,2024,"-7.9","-7.5","9.2",25983
"KL",2024-05-15,2024,"-7.6","-7.5","6.2",25982
"KL",2024-05-15,2024,"05.","0.1","5.5",26032
"KL",2024-05-15,2024,"0.11","0.7","11.0",25852
"KL",2024-05-15,2024,"A8","A.0","8.0",25973
"KL",2024-05-15,2024,"B.10.","B.6","10.5",25558
"KL",2024-05-15,2024,"B.5.","B.4","5.5",26019
"KL",2024-05-15,2024,"B2","A.9","2.0",100222
"KL",2024-05-15,2024,"A3.","A.0","3.3",25488
"KL",2024-05-15,2024,"C.0.","C.8","0.6",25794
"KL",2024-05-15,2024,"C.19","C.5","19.0",100233
"KL",2024-05-15,2024,"C13","C.0","13.0",100285
"KL",2024-05-15,2024,"-14","-1.0","4.0",100232
"KL",2024-05-15,2024,"C8.","C.0","8.3",25975
"KL",2024-05-15,2024,"D7","D.0","7.0",100247
"KL",2024-05-15,2024,"E11","D.9","10.9",26018
"KL",2024-05-15,2024,"E15","E.0","14.7",25555
"KL",2024-05-15,2024,"F17","F.0","17.0",25611
"KL",2024-05-15,2024,"F17","F.0","17.0",25186
"KL",2024-05-15,2024,"F3","E.7","2.8",25863
"KL",2024-05-15,2024,"G9","G.3","9.2",100396
"KL",2024-05-15,2024,"G10.","G.1","10.5",25902
"KL",2024-05-15,2024,"G16","G.1","16.0",100278
"KL",2024-05-15,2024,"H.3.","H.7","3.4",25736
"KL",2024-05-15,2024,"H1","H.0","0.8",100104
"KL",2024-05-15,2024,"H11","H.0","11.2",25899
"KL",2024-05-15,2024,"H12","H.0","12.0",25239
"KL",2024-05-15,2024,"H4.","H.0","4.5",25275
"KL",2024-05-15,2024,"M14","L.8","13.9",100052
"KL",2024-05-15,2024,"H9","G.8","9.0",26024
"KL",2024-05-15,2024,"I.16","I.6","16.0",25605
"KL",2024-05-15,2024,"I17.","I.0","17.3",25604
"KL",2024-05-15,2024,"I21","I.0","21.0",25174
"KL",2024-05-15,2024,"I.20.","I.6","20.3",25423
"KL",2024-05-15,2024,"K6","K.0","6.2",24002
"KL",2024-05-15,2024,"J.6.","J.3","6.5",25870
"KL",2024-05-15,2024,"J.9","J.2","9.0",25513
"KL",2024-05-15,2024,"J1","J.0","1.0",100121
"KL",2024-05-15,2024,"J11","J.1","11.0",25514
"KL",2024-05-15,2024,"J14","J.0","14.0",25985
"KL",2024-05-15,2024,"L.1","L.5","0.9",100065
"KL",2024-05-15,2024,"K.15","K.7","14.9",100068
"KL",2024-05-15,2024,"L.17","L.3","16.8",100264
"KL",2024-05-15,2024,"M10","M.1","10.1",100207
"KL",2024-05-15,2024,"L11","K.6","10.5",25970
"KL",2024-05-15,2024,"K7.","K.0","7.5",100170
"KL",2024-05-15,2024,"M.12.","M.6","12.4",25881
"KL",2024-05-15,2024,"M.15","M.7","14.9",100265
"KL",2024-05-15,2024,"N8.","N.0","8.7",100071
"KL",2024-05-15,2024,"M7","L.9","7.1",100185
"KL",2024-05-15,2024,"O.8","O.7","8.0",100234
"KL",2024-05-15,2024,"O1","O.0","1.0",24033
"KL",2024-05-15,2024,"P1","P.1","0.5",100365
"KL",2024-05-15,2024,"P9","P.0","9.0",25763
"SU",2024-05-15,2024,"T3","T.1","3.0",100019
"SU",2024-05-15,2024,"K.8","K.5","8.0",100108
"SU",2024-05-15,2024,"-118","-1.1","18.1",100047
"KL",2024-05-15,2024,"-2.5","-2.5","5.1",25835
"KL",2024-05-15,2024,"-59","-5.0","9.0",100262
"KL",2024-05-15,2024,"-610","-6.2","9.8",25753
"KL",2024-05-15,2024,"-8.12","-8.5","12.0",25583
"KL",2024-05-15,2024,"F.20.","F.3","20.7",100290
"KL",2024-05-15,2024,"I19.","I.1","19.4",26023
"KL",2024-05-15,2024,"F6.","F.0","6.5",26017
"KL",2024-05-15,2024,"F18.","F.0","18.6",25098
"KL",2024-05-15,2024,"G.2","G.3","2.0",100276
"KL",2024-05-15,2024,"H15","H.0","15.0",25487
"KL",2024-05-15,2024,"L.12","L.2","12.0",100004
"KL",2024-05-15,2024,"N.16.","N.5","16.5",100277
"KL",2024-05-15,2024,"O.2.","O.3","2.5",25823
"SU",2024-05-15,2024,"E3.","E.1","3.4",100274
"SU",2024-05-15,2024,"R11","R.5","10.9",25486
"SU",2024-05-15,2024,"J.2.","J.4","2.6",100217
"SU",2024-05-15,2024,"E.4.","E.4","4.5",25994
"SU",2024-05-15,2024,"S1","S.3","1.1",100111
"KL",2024-05-15,2024,"-113","-1.0","13.3",25948
"KL",2024-05-15,2024,"-7.12.","-7.7","12.7",25974
"KL",2024-05-15,2024,"B15.","B.1","15.5",100458
"KL",2024-05-15,2024,"C.17","C.6","16.9",25422
"KL",2024-05-15,2024,"D.5.","D.5","5.6",26022
"KL",2024-05-15,2024,"D4","D.0","4.0",100271
"KL",2024-05-15,2024,"G3.","G.0","3.5",100040
"KL",2024-05-15,2024,"I19.","I.1","19.4",26023
"KL",2024-05-15,2024,"E1","E.0","1.3",25437
"SU",1991-05-15,1991,"B.10.","B.6","10.7",1077
"SU",1991-05-15,1991,"C.6","C.3","6.5",1135
"SU",1991-05-15,1991,"B7.","B.2","7.6",1232
"SU",1991-05-15,1991,"A.4.","A.4","4.7",1234
"SU",1991-05-15,1991,"B1.","B.0","1.5",1251
"SU",1991-05-15,1991,"B.3","B.3","3.0",1252
"SU",1991-05-15,1991,"C.4","C.4","4.0",1253
"SU",1991-05-15,1991,"C.15.","C.2","15.7",1254
"SU",1991-05-15,1991,"B.15","B.5","15.0",1266
"SU",1991-05-15,1991,"-0.4","-0.5","4.0",1278
"SU",1991-05-15,1991,"A19","A.2","19.0",1279
"SU",1991-05-15,1991,"-22","-2.0","2.0",1284
"SU",1991-05-15,1991,"C12","C.2","11.9",1295
"SU",1991-05-15,1991,"B.18","B.3","17.8",1299
"SU",1991-05-15,1991,"0.3","0.5","3.0",1304
"SU",1991-05-15,1991,"B.4.","B.4","4.7",1355
"SU",1991-05-15,1991,"D18","C.9","18.1",1417
"SU",1991-05-15,1991,"-14.","-1.0","4.5",1503
"SU",1991-05-15,1991,"C13","B.8","12.9",1516
"SU",1991-05-15,1991,"A6","0.7","6.0",1622
"SU",1991-05-15,1991,"D7.","D.0","7.7",1654
"SU",1991-05-15,1991,"A10","A.1","10.0",1689
"SU",1991-05-15,1991,"A.6.","A.5","6.6",1935
"SU",1991-05-15,1991,"B12","B.0","11.9",2119
"SU",1991-05-15,1991,"-218.","-2.0","18.5",2227
"KL",1992-05-15,1992,"-49","-4.0","9.0",1273
"KL",1992-05-15,1992,"M2","M.0","2.0",1288
"KL",1992-05-15,1992,"A10.","A.1","10.5",1319
"KL",1992-05-15,1992,"B9.","B.0","9.5",1319
"KL",1992-05-15,1992,"L2","L.0","2.0",1320
"KL",1992-05-15,1992,"E9.","E.0","9.5",1321
"KL",1992-05-15,1992,"E.8.","E.4","8.5",1321
"KL",1992-05-15,1992,"I2.","I.1","2.6",1464
"KL",1992-05-15,1992,"G.10.","G.1","10.5",1465
"KL",1992-05-15,1992,"I5","I.2","4.9",1574
"KL",1992-05-15,1992,"G.1.","G.3","1.5",1575
"KL",1992-05-15,1992,"D7","D.0","7.0",1585
"KL",1992-05-15,1992,"-50","-5.0","0.0",1591
"KL",1992-05-15,1992,"-41.","-4.0","1.5",1740
"KL",1992-05-15,1992,"-21","-1.9","1.0",1890
"KL",1992-05-15,1992,"05.","0.1","5.5",1944
"KL",1992-05-15,1992,"07","0.0","6.9",1944
"KL",1992-05-15,1992,"-13","-1.3","3.0",2453
"KL",1992-05-15,1992,"0.12","0.4","12.0",2755
"KL",1992-05-15,1992,"0.12","0.4","12.0",2755
"KL",1992-05-15,1992,"A.7","A.5","7.0",3618
"KL",1992-05-15,1992,"B.0","B.5","0.0",4108
"SU",1992-05-15,1992,"B1.","B.0","1.5",1251
"SU",1992-05-15,1992,"B.3","B.3","3.0",1252
"SU",1992-05-15,1992,"C.4","C.4","4.0",1253
"SU",1992-05-15,1992,"F.1","F.5","1.2",1255
"SU",1992-05-15,1992,"L3","K.9","2.9",1258
"SU",1992-05-15,1992,"P3","O.9","3.0",1259
"SU",1992-05-15,1992,"O9","O.0","8.9",1260
"SU",1992-05-15,1992,"D15","D.1","14.8",1266
"SU",1992-05-15,1992,"L.14","L.6","13.9",1267
"SU",1992-05-15,1992,"B7.","B.2","7.6",1269
"SU",1992-05-15,1992,"R3","R.0","3.0",1270
"SU",1992-05-15,1992,"L1","L.0","1.0",1271
"SU",1992-05-15,1992,"A19","A.2","19.0",1279
"SU",1992-05-15,1992,"G3","G.0","2.8",1287
"SU",1992-05-15,1992,"B.10.","B.6","10.7",1295
"SU",1992-05-15,1992,"C12","C.2","11.9",1295
"SU",1992-05-15,1992,"0.3","0.5","3.0",1304
"SU",1992-05-15,1992,"B.9.","B.3","9.5",1328
"SU",1992-05-15,1992,"D9","D.0","9.0",1352
"SU",1992-05-15,1992,"C.5","C.5","5.2",1355
"SU",1992-05-15,1992,"-21","-2.0","1.0",1361
"SU",1992-05-15,1992,"D18","C.9","18.1",1417
"SU",1992-05-15,1992,"S1","S.3","1.1",1501
"SU",1992-05-15,1992,"-14.","-1.0","4.5",1503
"SU",1992-05-15,1992,"F9.","F.0","9.6",1516
"SU",1992-05-15,1992,"G.16","G.5","16.0",1517
"SU",1992-05-15,1992,"N11","N.0","11.0",1518
"SU",1992-05-15,1992,"-36","-3.0","6.0",1519
"SU",1992-05-15,1992,"L.12","L.5","12.0",1547
"SU",1992-05-15,1992,"I4","I.3","3.8",1548
"SU",1992-05-15,1992,"Q4","Q.0","4.0",1555
"SU",1992-05-15,1992,"R1","R.0","1.0",1555
"SU",1992-05-15,1992,"Q11","Q.1","10.8",1556
"SU",1992-05-15,1992,"K.5","K.7","5.0",1562
"SU",1992-05-15,1992,"M4.","M.0","4.5",1562
"SU",1992-05-15,1992,"T.4","T.6","4.2",1579
"SU",1992-05-15,1992,"C.6.","C.7","6.4",1617
"SU",1992-05-15,1992,"E.11.","E.2","11.6",1620
"SU",1992-05-15,1992,"B.15","B.5","15.0",1621
"SU",1992-05-15,1992,"C.15.","C.2","15.7",1621
"SU",1992-05-15,1992,"A6","0.7","6.0",1622
"SU",1992-05-15,1992,"-117","-0.9","17.0",1623
"SU",1992-05-15,1992,"L10.","L.0","10.5",1628
"SU",1992-05-15,1992,"E3.","E.1","3.4",1636
"SU",1992-05-15,1992,"K1","K.0","1.0",1637
"SU",1992-05-15,1992,"D7.","D.0","7.7",1654
"SU",1992-05-15,1992,"E.1.","E.3","1.5",1655
"SU",1992-05-15,1992,"K15","K.0","15.0",1684
"SU",1992-05-15,1992,"Q.6","Q.8","6.0",1688
"SU",1992-05-15,1992,"A10","A.1","10.0",1689
"SU",1992-05-15,1992,"K.12","K.3","11.8",1693
"SU",1992-05-15,1992,"J.12","J.4","12.1",1727
"SU",1992-05-15,1992,"02","0.6","1.3",1748
"SU",1992-05-15,1992,"L.8.","L.5","8.5",1906
"SU",1992-05-15,1992,"N7.","M.9","7.5",1910
"SU",1992-05-15,1992,"N9","N.0","9.0",1910
"SU",1992-05-15,1992,"Q9","Q.0","8.9",1911
"SU",1992-05-15,1992,"E.5.","E.5","5.6",1920
"SU",1992-05-15,1992,"A.6.","A.5","6.6",1935
"SU",1992-05-15,1992,"M7","M.0","7.0",1937
"SU",1992-05-15,1992,"G5.","G.2","5.5",1941
"SU",1992-05-15,1992,"H.12","H.5","12.0",2077
"SU",1992-05-15,1992,"J8","J.0","8.1",2098
"SU",1992-05-15,1992,"C13","B.8","12.9",2119
"SU",1992-05-15,1992,"-218.","-2.0","18.5",2227
"SU",1992-05-15,1992,"G11","G.2","11.2",2295
"SU",1992-05-15,1992,"O6","O.2","5.7",2388
"SU",1992-05-15,1992,"O1.","O.0","1.7",2409
"SU",1992-05-15,1992,"J7","J.0","6.8",2475
"SU",1992-05-15,1992,"I1.","H.7","1.9",2477
"SU",1992-05-15,1992,"F14","F.0","14.0",2487
"SU",1992-05-15,1992,"G8","F.9","8.1",2533
"SU",1992-05-15,1992,"H.14","H.6","14.0",2576
"SU",1992-05-15,1992,"O16","O.2","15.9",2697
"SU",1992-05-15,1992,"B.18","B.3","17.8",3160
"SU",1992-05-15,1992,"C18","B.8","18.1",3160
"SU",1992-05-15,1992,"I2.","I.3","2.3",3168
"SU",1992-05-15,1992,"-0.4","-0.5","4.0",3466
"SU",1992-05-15,1992,"T5","T.0","5.0",3489
"KL",1993-05-15,1993,"G.1.","G.3","1.5",1667
"KL",1993-05-15,1993,"H6","H.3","6.2",1680
"KL",1993-05-15,1993,"-41.","-4.0","1.5",1740
"KL",1993-05-15,1993,"E11","D.9","10.9",1772
"KL",1993-05-15,1993,"04.","0.0","4.7",1883
"KL",1993-05-15,1993,"J.6.","J.3","6.5",1888
"KL",1993-05-15,1993,"-14.","-1.0","4.5",1890
"KL",1993-05-15,1993,"-2.11","-2.4","11.0",1891
"KL",1993-05-15,1993,"-312.","-3.0","12.5",1898
"KL",1993-05-15,1993,"-50","-5.0","0.0",1938
"KL",1993-05-15,1993,"-17","-1.0","7.0",1944
"KL",1993-05-15,1993,"B.5.","B.4","5.5",1945
"KL",1993-05-15,1993,"E.8.","E.4","8.5",1956
"KL",1993-05-15,1993,"A5.","A.0","5.5",2072
"KL",1993-05-15,1993,"O1","O.0","1.0",2309
"KL",1993-05-15,1993,"C.17","C.6","16.9",2338
"KL",1993-05-15,1993,"C.1","C.5","1.5",2386
"KL",1993-05-15,1993,"G.9.","G.4","9.5",2387
"KL",1993-05-15,1993,"M.0.","M.5","0.5",2427
"KL",1993-05-15,1993,"01","0.1","1.0",2452
"KL",1993-05-15,1993,"B4.","B.0","4.5",2453
"KL",1993-05-15,1993,"-414","-4.4","14.0",2493
"KL",1993-05-15,1993,"L0.","L.2","0.6",2507
"KL",1993-05-15,1993,"I10.","H.6","10.3",2513
"KL",1993-05-15,1993,"J1","J.0","1.0",2526
"KL",1993-05-15,1993,"-21","-1.9","1.0",2527
"KL",1993-05-15,1993,"-1.6","-1.2","5.9",2544
"KL",1993-05-15,1993,"D3.","D.0","3.5",2583
"KL",1993-05-15,1993,"B.10.","B.6","10.5",2683
"KL",1993-05-15,1993,"0.12","0.4","12.0",2755
"KL",1993-05-15,1993,"J5","J.0","5.0",2756
"KL",1993-05-15,1993,"09","0.0","9.0",2771
"KL",1993-05-15,1993,"C.9.","C.5","9.5",2776
"KL",1993-05-15,1993,"G3.","G.0","3.5",2937
"KL",1993-05-15,1993,"F.0.","F.8","0.7",3159
"KL",1993-05-15,1993,"D7","D.0","7.0",3482
"KL",1993-05-15,1993,"J.9","J.2","9.0",3496
"KL",1993-05-15,1993,"-37","-3.0","7.0",3506
"KL",1993-05-15,1993,"K.10","K.5","10.0",3507
"KL",1993-05-15,1993,"D.5.","D.5","5.6",3521
"KL",1993-05-15,1993,"B.13.","B.3","13.7",3525
"KL",1993-05-15,1993,"-110","-1.1","10.2",3611
"KL",1993-05-15,1993,"B.7","B.7","7.0",3618
"KL",1993-05-15,1993,"A.7","A.5","7.0",3618
"KL",1993-05-15,1993,"G11","G.3","11.0",3647
"KL",1993-05-15,1993,"F.0.","F.8","0.7",3750
"KL",1993-05-15,1993,"C2.","C.0","2.5",4108
"KL",1993-05-15,1993,"J10.","I.7","10.5",4245
"KL",1993-05-15,1993,"I2.","I.1","2.6",4686
"SU",1993-05-15,1993,"R1","R.0","1.0",1555
"SU",1993-05-15,1993,"G.16","G.5","16.0",1661
"SU",1993-05-15,1993,"-117","-0.9","17.0",1672
"SU",1993-05-15,1993,"Q11","Q.1","10.8",1677
"SU",1993-05-15,1993,"C.15.","C.2","15.7",1683
"SU",1993-05-15,1993,"K15","K.0","15.0",1684
"SU",1993-05-15,1993,"B.9.","B.3","9.5",1689
"SU",1993-05-15,1993,"J.10.","J.7","10.9",1693
"SU",1993-05-15,1993,"I4","I.3","3.8",1704
"SU",1993-05-15,1993,"J.12","J.4","12.1",1727
"SU",1993-05-15,1993,"E.1.","E.3","1.5",1744
"SU",1993-05-15,1993,"B.3","B.3","3.0",1748
"SU",1993-05-15,1993,"B7.","B.2","7.6",1830
"SU",1993-05-15,1993,"C.5","C.5","5.2",1874
"SU",1993-05-15,1993,"T.7.","T.5","7.5",1879
"SU",1993-05-15,1993,"K.8","K.5","8.0",1906
"SU",1993-05-15,1993,"L.8.","L.5","8.5",1906
"SU",1993-05-15,1993,"M4.","M.0","4.5",1907
"SU",1993-05-15,1993,"N6","M.8","6.0",1910
"SU",1993-05-15,1993,"N7.","M.9","7.5",1910
"SU",1993-05-15,1993,"Q9","Q.0","8.9",1911
"SU",1993-05-15,1993,"E.6","E.3","6.2",1920
"SU",1993-05-15,1993,"B1.","B.0","1.5",1935
"SU",1993-05-15,1993,"M7","M.0","7.0",1937
"SU",1993-05-15,1993,"G5.","G.2","5.5",1941
"SU",1993-05-15,1993,"G11","G.2","11.2",2077
"SU",1993-05-15,1993,"I9","I.0","9.0",2098
"SU",1993-05-15,1993,"J8","J.0","8.1",2098
"SU",1993-05-15,1993,"-218.","-2.0","18.5",2227
"SU",1993-05-15,1993,"H.10.","H.5","10.5",2295
"SU",1993-05-15,1993,"L.12","L.5","12.0",2296
"SU",1993-05-15,1993,"O5","O.0","5.0",2388
"SU",1993-05-15,1993,"O6","O.2","5.7",2388
"SU",1993-05-15,1993,"M2","M.1","2.0",2409
"SU",1993-05-15,1993,"N2","N.0","2.0",2409
"SU",1993-05-15,1993,"D15","D.1","14.8",2411
"SU",1993-05-15,1993,"J7","J.0","6.8",2475
"SU",1993-05-15,1993,"C.4","C.4","4.0",2476
"SU",1993-05-15,1993,"F.1","F.5","1.2",2477
"SU",1993-05-15,1993,"G4","G.0","4.0",2478
"SU",1993-05-15,1993,"D7.","D.0","7.7",2479
"SU",1993-05-15,1993,"F14","F.0","14.0",2487
"SU",1993-05-15,1993,"G.14.","G.5","14.5",2487
"SU",1993-05-15,1993,"-36","-3.0","6.0",2501
"SU",1993-05-15,1993,"0.1.","0.6","1.3",2519
"SU",1993-05-15,1993,"E.11.","E.2","11.6",2525
"SU",1993-05-15,1993,"L10.","L.0","10.5",2529
"SU",1993-05-15,1993,"G8","F.9","8.1",2533
"SU",1993-05-15,1993,"H.14","H.6","14.0",2576
"SU",1993-05-15,1993,"B.10.","B.6","10.7",2595
"SU",1993-05-15,1993,"L3","K.9","2.9",2600
"SU",1993-05-15,1993,"S1","S.3","1.1",2660
"SU",1993-05-15,1993,"T11","S.7","11.1",2672
"SU",1993-05-15,1993,"O16","O.2","15.9",2697
"SU",1993-05-15,1993,"D9","D.0","9.0",2757
"SU",1993-05-15,1993,"T6","T.1","6.0",2788
"SU",1993-05-15,1993,"N9","N.0","9.0",2789
"SU",1993-05-15,1993,"B.18","B.3","17.8",3160
"SU",1993-05-15,1993,"A19","A.2","19.0",3161
"SU",1993-05-15,1993,"I2.","I.3","2.3",3168
"SU",1993-05-15,1993,"P3","O.9","3.0",3444
"SU",1993-05-15,1993,"0.3","0.5","3.0",3466
"SU",1993-05-15,1993,"O11","O.0","11.0",3557
"SU",1993-05-15,1993,"A6","0.7","6.0",4344
"SU",1993-05-15,1993,"Q4","Q.0","4.0",4910
"KL",1994-05-15,1994,"F8","F.2","8.0",1956
"KL",1994-05-15,1994,"E.8.","E.4","8.5",1956
"KL",1994-05-15,1994,"F6.","F.0","6.5",1978
"KL",1994-05-15,1994,"0.6.","0.5","6.7",2072
"KL",1994-05-15,1994,"0.6.","0.5","6.7",2072
"KL",1994-05-15,1994,"L8","L.0","8.0",2112
"KL",1994-05-15,1994,"H.4","H.5","4.0",2135
"KL",1994-05-15,1994,"B.3","B.5","3.0",2175
"KL",1994-05-15,1994,"04.","0.0","4.7",2284
"KL",1994-05-15,1994,"O1","O.0","1.0",2309
"KL",1994-05-15,1994,"G.1.","G.3","1.5",2324
"KL",1994-05-15,1994,"-412","-4.0","12.0",2336
"KL",1994-05-15,1994,"-1.6","-1.2","5.9",2337
"KL",1994-05-15,1994,"-114.","-1.0","14.5",2338
"KL",1994-05-15,1994,"-41.","-4.0","1.5",2346
"KL",1994-05-15,1994,"-0.12","-0.3","12.0",2358
"KL",1994-05-15,1994,"-015","-0.2","15.0",2360
"KL",1994-05-15,1994,"B15.","B.1","15.5",2367
"KL",1994-05-15,1994,"B.5.","B.4","5.5",2368
"KL",1994-05-15,1994,"C5","C.0","5.0",2369
"KL",1994-05-15,1994,"C12","C.2","12.0",2370
"KL",1994-05-15,1994,"C13","C.0","13.0",2370
"KL",1994-05-15,1994,"-512","-5.0","12.0",2382
"KL",1994-05-15,1994,"B.0","B.5","0.0",2386
"KL",1994-05-15,1994,"G10.","G.1","10.5",2387
"KL",1994-05-15,1994,"F3","E.7","2.8",2398
"KL",1994-05-15,1994,"G.9.","G.4","9.5",2421
"KL",1994-05-15,1994,"H15","H.0","15.0",2422
"KL",1994-05-15,1994,"M.0.","M.5","0.5",2427
"KL",1994-05-15,1994,"C.17","C.6","16.9",2428
"KL",1994-05-15,1994,"00","0.0","0.0",2452
"KL",1994-05-15,1994,"-13","-1.3","3.0",2453
"KL",1994-05-15,1994,"-21","-1.9","1.0",2491
"KL",1994-05-15,1994,"-59","-5.0","9.0",2492
"KL",1994-05-15,1994,"-612","-6.5","12.0",2493
"KL",1994-05-15,1994,"J14","J.0","14.0",2495
"KL",1994-05-15,1994,"I5","I.2","4.9",2503
"KL",1994-05-15,1994,"L.1","L.5","0.9",2507
"KL",1994-05-15,1994,"H12","H.0","12.0",2513
"KL",1994-05-15,1994,"I.6.","I.6","6.5",2517
"KL",1994-05-15,1994,"J2","J.0","2.0",2526
"KL",1994-05-15,1994,"-5.11","-5.5","11.5",2527
"KL",1994-05-15,1994,"-38","-3.0","8.0",2528
"KL",1994-05-15,1994,"-53.","-5.0","3.5",2544
"KL",1994-05-15,1994,"-50","-5.0","0.0",2580
"KL",1994-05-15,1994,"-30","-3.0","0.0",2580
"KL",1994-05-15,1994,"D3.","D.0","3.5",2583
"KL",1994-05-15,1994,"-312.","-3.0","12.5",2603
"KL",1994-05-15,1994,"J11","J.1","11.0",2622
"KL",1994-05-15,1994,"J.6.","J.3","6.5",2667
"KL",1994-05-15,1994,"H4.","H.0","4.5",2676
"KL",1994-05-15,1994,"B.10.","B.6","10.5",2683
"KL",1994-05-15,1994,"0.12","0.4","12.0",2755
"KL",1994-05-15,1994,"G.3.","G.5","3.5",2756
"KL",1994-05-15,1994,"09","0.0","9.0",2771
"KL",1994-05-15,1994,"C.9.","C.5","9.5",2776
"KL",1994-05-15,1994,"O.2","O.5","2.0",2791
"KL",1994-05-15,1994,"G3.","G.0","3.5",2937
"KL",1994-05-15,1994,"B4.","B.0","4.5",3116
"KL",1994-05-15,1994,"F.0.","F.8","0.7",3159
"KL",1994-05-15,1994,"H9","G.8","9.0",3212
"KL",1994-05-15,1994,"-17","-1.0","7.0",3215
"KL",1994-05-15,1994,"B.7","B.7","7.0",3259
"KL",1994-05-15,1994,"E1","E.0","1.3",3305
"KL",1994-05-15,1994,"-410","-4.5","10.5",3347
"KL",1994-05-15,1994,"0.14","0.0","14.0",3405
"KL",1994-05-15,1994,"D7","D.0","7.0",3482
"KL",1994-05-15,1994,"J.9","J.2","9.0",3496
"KL",1994-05-15,1994,"H6","H.3","6.2",3503
"KL",1994-05-15,1994,"-37","-3.0","7.0",3506
"KL",1994-05-15,1994,"K.10","K.5","10.0",3507
"KL",1994-05-15,1994,"D.5.","D.5","5.6",3521
"KL",1994-05-15,1994,"B.13.","B.3","13.7",3525
"KL",1994-05-15,1994,"-110","-1.1","10.2",3611
"KL",1994-05-15,1994,"A.7","A.5","7.0",3618
"KL",1994-05-15,1994,"I11.","H.3","11.6",3647
"KL",1994-05-15,1994,"B8.","B.0","8.5",3700
"KL",1994-05-15,1994,"B9.","B.0","9.5",3700
"KL",1994-05-15,1994,"C2.","C.0","2.5",3719
"KL",1994-05-15,1994,"-1.8.","-1.5","8.5",3720
"KL",1994-05-15,1994,"K.0.","K.5","0.5",3750
"KL",1994-05-15,1994,"A15","A.0","15.0",3783
"KL",1994-05-15,1994,"01","0.1","1.0",3811
"KL",1994-05-15,1994,"E4","E.0","3.5",4108
"KL",1994-05-15,1994,"F15","F.0","15.0",4245
"KL",1994-05-15,1994,"O5","O.0","5.0",4309
"KL",1994-05-15,1994,"A.3.","A.3","3.5",4347
"KL",1994-05-15,1994,"E15","E.0","14.7",4428
"KL",1994-05-15,1994,"A5.","A.0","5.5",4465
"KL",1994-05-15,1994,"-25","-2.1","5.0",4472
"KL",1994-05-15,1994,"E9.","E.0","9.5",4486
"KL",1994-05-15,1994,"B4","B.0","4.0",4558
"KL",1994-05-15,1994,"J5","J.0","5.0",4569
"KL",1994-05-15,1994,"I2.","I.1","2.6",4686
"KL",1994-05-15,1994,"-14.","-1.0","4.5",4704
"KL",1994-05-15,1994,"-2.11","-2.4","11.0",4815
"KL",1994-05-15,1994,"E11","D.9","10.9",4816
"KL",1994-05-15,1994,"N6","N.0","6.0",4892
"KL",1994-05-15,1994,"I.1","I.5","1.0",5020
"KL",1994-05-15,1994,"J1","J.0","1.0",5241
"SU",1994-05-15,1994,"C.15.","C.2","15.7",1683
"SU",1994-05-15,1994,"L.8.","L.5","8.5",1973
"SU",1994-05-15,1994,"D18","C.9","18.1",1979
"SU",1994-05-15,1994,"R1","R.0","1.0",2059
"SU",1994-05-15,1994,"H.10.","H.5","10.5",2077
"SU",1994-05-15,1994,"J9","J.1","9.2",2098
"SU",1994-05-15,1994,"-119","-1.0","19.0",2227
"SU",1994-05-15,1994,"-33","-3.0","3.0",2258
"SU",1994-05-15,1994,"C12","C.2","11.9",2295
"SU",1994-05-15,1994,"L.12","L.5","12.0",2296
"SU",1994-05-15,1994,"J14","J.0","13.9",2341
"SU",1994-05-15,1994,"N4","M.8","3.9",2388
"SU",1994-05-15,1994,"O.4","O.6","4.0",2389
"SU",1994-05-15,1994,"Q4","Q.0","4.0",2409
"SU",1994-05-15,1994,"D15","D.1","14.8",2411
"SU",1994-05-15,1994,"S8","S.0","7.9",2412
"SU",1994-05-15,1994,"T4","T.0","4.0",2414
"SU",1994-05-15,1994,"T5","T.0","5.0",2414
"SU",1994-05-15,1994,"U2","U.2","2.3",2429
"SU",1994-05-15,1994,"G.16","G.5","16.0",2443
"SU",1994-05-15,1994,"S4","S.0","4.0",2464
"SU",1994-05-15,1994,"G.1","G.5","1.2",2467
"SU",1994-05-15,1994,"O1.","O.0","1.7",2468
"SU",1994-05-15,1994,"I6","I.1","6.4",2469
"SU",1994-05-15,1994,"E.4.","E.4","4.5",2470
"SU",1994-05-15,1994,"F4","E.7","4.2",2470
"SU",1994-05-15,1994,"K6.","K.0","6.5",2475
"SU",1994-05-15,1994,"C.4","C.4","4.0",2476
"SU",1994-05-15,1994,"I4","I.3","3.8",2477
"SU",1994-05-15,1994,"I4","I.3","3.8",2477
"SU",1994-05-15,1994,"E3","D.9","3.0",2478
"SU",1994-05-15,1994,"D7.","D.0","7.7",2479
"SU",1994-05-15,1994,"E9","E.0","9.0",2483
"SU",1994-05-15,1994,"C18","B.8","18.1",2484
"SU",1994-05-15,1994,"F14","F.0","14.0",2487
"SU",1994-05-15,1994,"J.10.","J.7","10.9",2488
"SU",1994-05-15,1994,"S1","S.3","1.1",2489
"SU",1994-05-15,1994,"-36","-3.0","6.0",2501
"SU",1994-05-15,1994,"K15","K.0","15.0",2508
"SU",1994-05-15,1994,"P8.","P.0","8.5",2510
"SU",1994-05-15,1994,"0.1.","0.6","1.3",2519
"SU",1994-05-15,1994,"L10.","L.0","10.5",2529
"SU",1994-05-15,1994,"G8","F.9","8.1",2533
"SU",1994-05-15,1994,"-117","-0.9","17.0",2534
"SU",1994-05-15,1994,"H.14","H.6","14.0",2576
"SU",1994-05-15,1994,"B.10.","B.6","10.7",2595
"SU",1994-05-15,1994,"C11.","C.0","11.3",2595
"SU",1994-05-15,1994,"L3","K.9","2.9",2600
"SU",1994-05-15,1994,"R.2","R.5","2.0",2642
"SU",1994-05-15,1994,"R.1","R.8","1.0",2660
"SU",1994-05-15,1994,"T11","S.7","11.1",2672
"SU",1994-05-15,1994,"B1.","B.0","1.5",2681
"SU",1994-05-15,1994,"E.1.","E.3","1.5",2693
"SU",1994-05-15,1994,"F.1","F.5","1.2",2693
"SU",1994-05-15,1994,"L.14","L.6","13.9",2697
"SU",1994-05-15,1994,"-218.","-2.0","18.5",2710
"SU",1994-05-15,1994,"A.4.","A.4","4.7",2713
"SU",1994-05-15,1994,"C9.","C.1","9.4",2757
"SU",1994-05-15,1994,"D9","D.0","9.0",2757
"SU",1994-05-15,1994,"I9","I.0","9.0",2787
"SU",1994-05-15,1994,"T6","T.1","6.0",2788
"SU",1994-05-15,1994,"N9","N.0","9.0",2789
"SU",1994-05-15,1994,"B7.","B.2","7.6",2826
"SU",1994-05-15,1994,"C.6.","C.7","6.4",2826
"SU",1994-05-15,1994,"O16","O.2","15.9",2906
"SU",1994-05-15,1994,"E.6","E.3","6.2",2966
"SU",1994-05-15,1994,"G5.","G.2","5.5",2966
"SU",1994-05-15,1994,"M4.","M.0","4.5",2982
"SU",1994-05-15,1994,"M7","M.0","7.0",3126
"SU",1994-05-15,1994,"B.18","B.3","17.8",3160
"SU",1994-05-15,1994,"A19","A.2","19.0",3161
"SU",1994-05-15,1994,"I2.","I.3","2.3",3168
"SU",1994-05-15,1994,"K.12","K.3","11.8",3245
"SU",1994-05-15,1994,"J.12","J.4","12.1",3334
"SU",1994-05-15,1994,"N.4.","N.5","4.6",3335
"SU",1994-05-15,1994,"O6","O.2","5.7",3342
"SU",1994-05-15,1994,"H.12","H.5","12.0",3388
"SU",1994-05-15,1994,"H12.","H.0","12.5",3388
"SU",1994-05-15,1994,"G.12.","G.6","12.3",3388
"SU",1994-05-15,1994,"T.4","T.6","4.2",3420
"SU",1994-05-15,1994,"S.2","S.6","2.1",3423
"SU",1994-05-15,1994,"E.11.","E.2","11.6",3443
"SU",1994-05-15,1994,"P3","O.9","3.0",3444
"SU",1994-05-15,1994,"0.3","0.5","3.0",3466
"SU",1994-05-15,1994,"K1","K.0","1.0",3489
"SU",1994-05-15,1994,"T.7.","T.5","7.5",3498
"SU",1994-05-15,1994,"N11","N.0","11.0",3557
"SU",1994-05-15,1994,"O11","O.0","11.0",3557
"SU",1994-05-15,1994,"F7","F.0","7.0",3621
"SU",1994-05-15,1994,"M2","M.1","2.0",3709
"SU",1994-05-15,1994,"Q.6","Q.8","6.0",3820
"SU",1994-05-15,1994,"B.3","B.3","3.0",4204
"SU",1994-05-15,1994,"D.16.","D.3","16.4",4254
"SU",1994-05-15,1994,"G9.","G.0","9.3",4302
"SU",1994-05-15,1994,"A6","0.7","6.0",4344
"SU",1994-05-15,1994,"Q9","Q.0","8.9",4348
"SU",1994-05-15,1994,"B.12.","B.4","12.8",4370
"SU",1994-05-15,1994,"T3","T.1","3.0",4399
"SU",1994-05-15,1994,"O5","O.0","5.0",4439
"SU",1994-05-15,1994,"H.5","H.6","5.1",4452
"SU",1994-05-15,1994,"B.9.","B.3","9.5",4541
"SU",1994-05-15,1994,"Q11","Q.1","10.8",4568
"SU",1994-05-15,1994,"G3","G.0","2.8",4594
"SU",1994-05-15,1994,"C.5","C.5","5.2",4606
"SU",1994-05-15,1994,"Q7","Q.3","7.0",4615
"SU",1994-05-15,1994,"G11","G.2","11.2",4642
"SU",1994-05-15,1994,"P5","P.3","5.0",4910
"SU",1994-05-15,1994,"J7","J.0","6.8",4912
"SU",1994-05-15,1994,"N6","M.8","6.0",5250
"SU",1994-05-15,1994,"N7.","M.9","7.5",5250
"KL",1995-05-15,1995,"I5","I.2","4.9",2503
"KL",1995-05-15,1995,"L.1","L.5","0.9",2507
"KL",1995-05-15,1995,"M.0.","M.5","0.5",2507
"KL",1995-05-15,1995,"H12","H.0","12.0",2513
"KL",1995-05-15,1995,"L8","L.0","8.0",2517
"KL",1995-05-15,1995,"J2","J.0","2.0",2526
"KL",1995-05-15,1995,"-612","-6.5","12.0",2527
"KL",1995-05-15,1995,"-59","-5.0","9.0",2528
"KL",1995-05-15,1995,"-53.","-5.0","3.5",2544
"KL",1995-05-15,1995,"-30","-3.0","0.0",2580
"KL",1995-05-15,1995,"D3.","D.0","3.5",2583
"KL",1995-05-15,1995,"J14","J.0","14.0",2599
"KL",1995-05-15,1995,"L11","K.6","10.5",2599
"KL",1995-05-15,1995,"J11","J.1","11.0",2622
"KL",1995-05-15,1995,"J.6.","J.3","6.5",2667
"KL",1995-05-15,1995,"H4.","H.0","4.5",2676
"KL",1995-05-15,1995,"G.0","G.7","0.0",2677
"KL",1995-05-15,1995,"B.10.","B.6","10.5",2683
"KL",1995-05-15,1995,"-0.12","-0.3","12.0",2755
"KL",1995-05-15,1995,"0.12","0.4","12.0",2755
"KL",1995-05-15,1995,"G.3.","G.5","3.5",2756
"KL",1995-05-15,1995,"09","0.0","9.0",2771
"KL",1995-05-15,1995,"G10.","G.1","10.5",2776
"KL",1995-05-15,1995,"O.2","O.5","2.0",2791
"KL",1995-05-15,1995,"-5.11","-5.5","11.5",2918
"KL",1995-05-15,1995,"G3.","G.0","3.5",2937
"KL",1995-05-15,1995,"O1","O.0","1.0",3102
"KL",1995-05-15,1995,"0.6.","0.5","6.7",3116
"KL",1995-05-15,1995,"F.0.","F.8","0.7",3159
"KL",1995-05-15,1995,"H9","G.8","9.0",3212
"KL",1995-05-15,1995,"-17","-1.0","7.0",3215
"KL",1995-05-15,1995,"B.7","B.7","7.0",3259
"KL",1995-05-15,1995,"E1","E.0","1.3",3305
"KL",1995-05-15,1995,"-410","-4.5","10.5",3347
"KL",1995-05-15,1995,"0.14","0.0","14.0",3405
"KL",1995-05-15,1995,"D7","D.0","7.0",3482
"KL",1995-05-15,1995,"J.9","J.2","9.0",3496
"KL",1995-05-15,1995,"H6","H.3","6.2",3503
"KL",1995-05-15,1995,"-37","-3.0","7.0",3506
"KL",1995-05-15,1995,"K.10","K.5","10.0",3507
"KL",1995-05-15,1995,"D.5.","D.5","5.6",3521
"KL",1995-05-15,1995,"-8.11","-8.5","11.0",3524
"KL",1995-05-15,1995,"-811","-8.0","11.0",3524
"KL",1995-05-15,1995,"B.13.","B.3","13.7",3525
"KL",1995-05-15,1995,"-110","-1.1","10.2",3611
"KL",1995-05-15,1995,"Q2","Q.0","2.0",3616
"KL",1995-05-15,1995,"A.7","A.5","7.0",3618
"KL",1995-05-15,1995,"I11","H.8","10.9",3647
"KL",1995-05-15,1995,"E.8.","E.4","8.5",3674
"KL",1995-05-15,1995,"F8","F.2","8.0",3674
"KL",1995-05-15,1995,"A10.","A.1","10.5",3700
"KL",1995-05-15,1995,"B9.","B.0","9.5",3700
"KL",1995-05-15,1995,"-1.8.","-1.5","8.5",3720
"KL",1995-05-15,1995,"G.1.","G.3","1.5",3749
"KL",1995-05-15,1995,"K.0.","K.5","0.5",3750
"KL",1995-05-15,1995,"-015","-0.2","15.0",3783
"KL",1995-05-15,1995,"01","0.1","1.0",3811
"KL",1995-05-15,1995,"E4","E.0","3.5",4108
"KL",1995-05-15,1995,"H15","H.0","15.0",4245
"KL",1995-05-15,1995,"O5","O.0","5.0",4309
"KL",1995-05-15,1995,"-13","-1.3","3.0",4347
"KL",1995-05-15,1995,"E15","E.0","14.7",4428
"KL",1995-05-15,1995,"A5.","A.0","5.5",4465
"KL",1995-05-15,1995,"-2.5","-2.5","5.1",4472
"KL",1995-05-15,1995,"E9.","E.0","9.5",4486
"KL",1995-05-15,1995,"B.5.","B.4","5.5",4558
"KL",1995-05-15,1995,"J5","J.0","5.0",4569
"KL",1995-05-15,1995,"I2.","I.1","2.6",4686
"KL",1995-05-15,1995,"04.","0.0","4.7",4704
"KL",1995-05-15,1995,"-2.11","-2.4","11.0",4815
"KL",1995-05-15,1995,"E11","D.9","10.9",4816
"KL",1995-05-15,1995,"N6","N.0","6.0",4892
"KL",1995-05-15,1995,"I.1","I.5","1.0",5020
"KL",1995-05-15,1995,"J1","J.0","1.0",5241
"KL",1995-05-15,1995,"C13","C.0","13.0",6230
"SU",1995-05-15,1995,"F14","F.0","14.0",2484
"SU",1995-05-15,1995,"K15","K.0","15.0",2508
"SU",1995-05-15,1995,"0.1.","0.6","1.3",2519
"SU",1995-05-15,1995,"E10.","D.9","10.5",2525
"SU",1995-05-15,1995,"L10.","L.0","10.5",2529
"SU",1995-05-15,1995,"C.6.","C.7","6.4",2533
"SU",1995-05-15,1995,"-117","-0.9","17.0",2534
"SU",1995-05-15,1995,"0 17","0.0","17.0",2541
"SU",1995-05-15,1995,"-33","-3.0","3.0",2542
"SU",1995-05-15,1995,"-33.","-3.0","3.5",2542
"SU",1995-05-15,1995,"-0.5.","-0.5","5.5",2566
"SU",1995-05-15,1995,"H.14","H.6","14.0",2576
"SU",1995-05-15,1995,"B.10.","B.6","10.7",2595
"SU",1995-05-15,1995,"L3","K.9","2.9",2600
"SU",1995-05-15,1995,"J9","J.1","9.2",2638
"SU",1995-05-15,1995,"F.1","F.5","1.2",2652
"SU",1995-05-15,1995,"R.1","R.8","1.0",2660
"SU",1995-05-15,1995,"R1","R.0","1.0",2660
"SU",1995-05-15,1995,"T11","S.7","11.1",2672
"SU",1995-05-15,1995,"B.1","B.5","1.2",2681
"SU",1995-05-15,1995,"B1.","B.0","1.5",2681
"SU",1995-05-15,1995,"E.1.","E.3","1.5",2693
"SU",1995-05-15,1995,"L.14","L.6","13.9",2697
"SU",1995-05-15,1995,"-218.","-2.0","18.5",2710
"SU",1995-05-15,1995,"A.4.","A.4","4.7",2713
"SU",1995-05-15,1995,"E9","E.0","9.0",2757
"SU",1995-05-15,1995,"I9","I.0","9.0",2787
"SU",1995-05-15,1995,"T6","T.1","6.0",2788
"SU",1995-05-15,1995,"N9","N.0","9.0",2789
"SU",1995-05-15,1995,"B7.","B.2","7.6",2826
"SU",1995-05-15,1995,"S8","S.0","7.9",2945
"SU",1995-05-15,1995,"E.6","E.3","6.2",2966
"SU",1995-05-15,1995,"M4.","M.0","4.5",2982
"SU",1995-05-15,1995,"B.18","B.3","17.8",3160
"SU",1995-05-15,1995,"A19","A.2","19.0",3161
"SU",1995-05-15,1995,"I2.","I.3","2.3",3168
"SU",1995-05-15,1995,"K.12","K.3","11.8",3245
"SU",1995-05-15,1995,"J.12","J.4","12.1",3334
"SU",1995-05-15,1995,"N.4.","N.5","4.6",3335
"SU",1995-05-15,1995,"H.12","H.5","12.0",3388
"SU",1995-05-15,1995,"T.4","T.6","4.2",3420
"SU",1995-05-15,1995,"E.11.","E.2","11.6",3443
"SU",1995-05-15,1995,"E11.","E.0","11.5",3443
"SU",1995-05-15,1995,"P3","O.9","3.0",3444
"SU",1995-05-15,1995,"0.3","0.5","3.0",3466
"SU",1995-05-15,1995,"K1","K.0","1.0",3489
"SU",1995-05-15,1995,"T.7.","T.5","7.5",3498
"SU",1995-05-15,1995,"G5.","G.2","5.5",3526
"SU",1995-05-15,1995,"O11","O.0","11.0",3557
"SU",1995-05-15,1995,"M2","M.1","2.0",3709
"SU",1995-05-15,1995,"-1.2.","-1.7","2.3",3716
"SU",1995-05-15,1995,"Q.6","Q.8","6.0",3820
"SU",1995-05-15,1995,"G.16","G.5","16.0",4254
"SU",1995-05-15,1995,"A.6.","A.5","6.6",4272
"SU",1995-05-15,1995,"G9.","G.0","9.3",4302
"SU",1995-05-15,1995,"C.4","C.4","4.0",4312
"SU",1995-05-15,1995,"D7.","D.0","7.7",4316
"SU",1995-05-15,1995,"D9","D.0","9.0",4325
"SU",1995-05-15,1995,"A6","0.7","6.0",4344
"SU",1995-05-15,1995,"-36","-3.0","6.0",4345
"SU",1995-05-15,1995,"B.12.","B.4","12.8",4370
"SU",1995-05-15,1995,"C.15.","C.2","15.7",4371
"SU",1995-05-15,1995,"T3","T.1","3.0",4399
"SU",1995-05-15,1995,"I4","I.3","3.8",4452
"SU",1995-05-15,1995,"B.9.","B.3","9.5",4541
"SU",1995-05-15,1995,"Q11","Q.1","10.8",4568
"SU",1995-05-15,1995,"G3","G.0","2.8",4594
"SU",1995-05-15,1995,"E3.","E.1","3.4",4603
"SU",1995-05-15,1995,"C.5","C.5","5.2",4606
"SU",1995-05-15,1995,"Q7","Q.3","7.0",4615
"SU",1995-05-15,1995,"G11","G.2","11.2",4642
"SU",1995-05-15,1995,"P5","P.3","5.0",4910
"SU",1995-05-15,1995,"J7","J.0","6.8",4912
"SU",1995-05-15,1995,"N7.","M.9","7.5",5250
"KL",1996-05-15,1996,"-612","-6.5","12.0",2918
"KL",1996-05-15,1996,"G3.","G.0","3.5",2937
"KL",1996-05-15,1996,"-41.","-4.0","1.5",3014
"KL",1996-05-15,1996,"L11","K.6","10.5",3030
"KL",1996-05-15,1996,"-32","-3.0","2.0",3042
"KL",1996-05-15,1996,"-312.","-3.0","12.5",3053
"KL",1996-05-15,1996,"M.0.","M.5","0.5",3074
"KL",1996-05-15,1996,"C13","C.0","13.0",3103
"KL",1996-05-15,1996,"07","0.0","6.9",3116
"KL",1996-05-15,1996,"-50","-5.0","0.0",3117
"KL",1996-05-15,1996,"G10.","G.1","10.5",3212
"KL",1996-05-15,1996,"-17","-1.0","7.0",3215
"KL",1996-05-15,1996,"F1","F.0","0.7",3222
"KL",1996-05-15,1996,"B.7.","B.7","7.2",3259
"KL",1996-05-15,1996,"E1","E.0","1.3",3305
"KL",1996-05-15,1996,"0.14","0.0","14.0",3405
"KL",1996-05-15,1996,"I5","I.2","4.9",3441
"KL",1996-05-15,1996,"D7","D.0","7.0",3482
"KL",1996-05-15,1996,"J.9","J.2","9.0",3496
"KL",1996-05-15,1996,"-37","-3.0","7.0",3506
"KL",1996-05-15,1996,"K.10","K.5","10.0",3507
"KL",1996-05-15,1996,"D.5.","D.5","5.6",3521
"KL",1996-05-15,1996,"-8.11","-8.5","11.0",3524
"KL",1996-05-15,1996,"B.13.","B.3","13.7",3525
"KL",1996-05-15,1996,"Q2","Q.0","2.0",3616
"KL",1996-05-15,1996,"A.7","A.5","7.0",3618
"KL",1996-05-15,1996,"I11","H.8","10.9",3647
"KL",1996-05-15,1996,"F6.","F.0","6.5",3674
"KL",1996-05-15,1996,"B9.","B.0","9.5",3700
"KL",1996-05-15,1996,"-1.8.","-1.5","8.5",3720
"KL",1996-05-15,1996,"G.1.","G.3","1.5",3749
"KL",1996-05-15,1996,"K.0.","K.5","0.5",3750
"KL",1996-05-15,1996,"-21","-1.9","1.0",3801
"KL",1996-05-15,1996,"-30","-3.0","0.0",3811
"KL",1996-05-15,1996,"A10.","A.1","10.5",3927
"KL",1996-05-15,1996,"E4","E.0","3.5",4108
"KL",1996-05-15,1996,"-13","-1.3","3.0",4154
"KL",1996-05-15,1996,"H15","H.0","15.0",4187
"KL",1996-05-15,1996,"B8.","B.0","8.5",4227
"KL",1996-05-15,1996,"F15","F.0","15.0",4245
"KL",1996-05-15,1996,"P1","P.1","0.5",4273
"KL",1996-05-15,1996,"I.1","I.5","1.0",4296
"KL",1996-05-15,1996,"O5","O.0","5.0",4309
"KL",1996-05-15,1996,"A.3.","A.3","3.5",4347
"KL",1996-05-15,1996,"E14.","E.0","14.6",4428
"KL",1996-05-15,1996,"0.6.","0.5","6.7",4429
"KL",1996-05-15,1996,"01","0.1","1.0",4430
"KL",1996-05-15,1996,"-14","-1.0","4.0",4453
"KL",1996-05-15,1996,"A5.","A.0","5.5",4465
"KL",1996-05-15,1996,"H9","G.8","9.0",4467
"KL",1996-05-15,1996,"-2.5","-2.5","5.1",4472
"KL",1996-05-15,1996,"E9.","E.0","9.5",4486
"KL",1996-05-15,1996,"B.5.","B.4","5.5",4558
"KL",1996-05-15,1996,"J5","J.0","5.0",4569
"KL",1996-05-15,1996,"B.7","B.7","7.0",4573
"KL",1996-05-15,1996,"A.9","A.5","9.0",4608
"KL",1996-05-15,1996,"I2.","I.1","2.6",4686
"KL",1996-05-15,1996,"04.","0.0","4.7",4704
"KL",1996-05-15,1996,"-1.6","-1.2","5.9",4705
"KL",1996-05-15,1996,"0.12","0.4","12.0",4712
"KL",1996-05-15,1996,"J11","J.1","11.0",4713
"KL",1996-05-15,1996,"J2","J.0","2.0",4735
"KL",1996-05-15,1996,"L.1","L.5","0.9",4774
"KL",1996-05-15,1996,"-2.11","-2.4","11.0",4815
"KL",1996-05-15,1996,"E11","D.9","10.9",4816
"KL",1996-05-15,1996,"L8","L.0","8.0",4892
"KL",1996-05-15,1996,"G.0","G.7","0.0",4906
"KL",1996-05-15,1996,"E.8.","E.4","8.5",4996
"KL",1996-05-15,1996,"J1","J.0","1.0",5020
"KL",1996-05-15,1996,"-712","-7.0","12.0",5135
"KL",1996-05-15,1996,"O.2","O.5","2.0",5241
"KL",1996-05-15,1996,"B.10.","B.6","10.5",5317
"KL",1996-05-15,1996,"J.6.","J.3","6.5",5501
"KL",1996-05-15,1996,"C12","C.2","12.0",6230
"SU",1996-05-15,1996,"T6","T.1","6.0",2788
"SU",1996-05-15,1996,"S4","S.0","4.0",2858
"SU",1996-05-15,1996,"B.15","B.5","15.0",2878
"SU",1996-05-15,1996,"R.2","R.5","2.0",2906
"SU",1996-05-15,1996,"E.1.","E.3","1.5",2950
"SU",1996-05-15,1996,"E.6","E.3","6.2",2966
"SU",1996-05-15,1996,"D.17.","D.4","17.1",3133
"SU",1996-05-15,1996,"02","0.6","1.3",3159
"SU",1996-05-15,1996,"D18","C.9","18.1",3160
"SU",1996-05-15,1996,"A19","A.2","19.0",3161
"SU",1996-05-15,1996,"B1.","B.0","1.5",3211
"SU",1996-05-15,1996,"R1","R.0","1.0",3230
"SU",1996-05-15,1996,"B.4.","B.4","4.7",3244
"SU",1996-05-15,1996,"L10.","L.0","10.5",3245
"SU",1996-05-15,1996,"Q4","Q.0","4.0",3246
"SU",1996-05-15,1996,"K15","K.0","15.0",3247
"SU",1996-05-15,1996,"H.14","H.6","14.0",3334
"SU",1996-05-15,1996,"N.4.","N.5","4.6",3335
"SU",1996-05-15,1996,"H.10.","H.5","10.5",3388
"SU",1996-05-15,1996,"S1","S.3","1.1",3420
"SU",1996-05-15,1996,"Q4","Q.0","4.0",3423
"SU",1996-05-15,1996,"0.3","0.5","3.0",3466
"SU",1996-05-15,1996,"K1.","K.0","1.7",3489
"SU",1996-05-15,1996,"H.12","H.5","12.0",3491
"SU",1996-05-15,1996,"T.7.","T.5","7.5",3498
"SU",1996-05-15,1996,"C.4","C.4","4.0",3500
"SU",1996-05-15,1996,"I2.","I.3","2.3",3501
"SU",1996-05-15,1996,"E.4.","E.4","4.5",3526
"SU",1996-05-15,1996,"O11","O.0","11.0",3557
"SU",1996-05-15,1996,"O2.","O.1","2.3",3598
"SU",1996-05-15,1996,"F.1","F.5","1.2",3604
"SU",1996-05-15,1996,"C.6.","C.7","6.4",3609
"SU",1996-05-15,1996,"B12","B.0","11.9",3660
"SU",1996-05-15,1996,"L10","K.9","10.0",3703
"SU",1996-05-15,1996,"M2","M.1","2.0",3709
"SU",1996-05-15,1996,"-1.2.","-1.7","2.3",3716
"SU",1996-05-15,1996,"0.10.","0.5","10.3",3717
"SU",1996-05-15,1996,"B.10.","B.6","10.7",3718
"SU",1996-05-15,1996,"A.6.","A.5","6.6",3721
"SU",1996-05-15,1996,"O9","O.0","8.9",3820
"SU",1996-05-15,1996,"E3","D.9","3.0",4078
"SU",1996-05-15,1996,"G.14.","G.5","14.5",4091
"SU",1996-05-15,1996,"B.3","B.3","3.0",4204
"SU",1996-05-15,1996,"D9","D.0","9.0",4235
"SU",1996-05-15,1996,"J.2.","J.4","2.6",4244
"SU",1996-05-15,1996,"F.16","F.3","16.0",4254
"SU",1996-05-15,1996,"A.4.","A.4","4.7",4272
"SU",1996-05-15,1996,"G9.","G.0","9.3",4302
"SU",1996-05-15,1996,"B.1","B.5","1.2",4312
"SU",1996-05-15,1996,"E9","E.0","9.0",4316
"SU",1996-05-15,1996,"C9.","C.1","9.4",4325
"SU",1996-05-15,1996,"-0.5.","-0.5","5.5",4345
"SU",1996-05-15,1996,"K.12","K.3","11.8",4361
"SU",1996-05-15,1996,"C13","B.8","12.9",4370
"SU",1996-05-15,1996,"0 17","0.0","17.0",4382
"SU",1996-05-15,1996,"T3","T.1","3.0",4399
"SU",1996-05-15,1996,"T.4","T.6","4.2",4401
"SU",1996-05-15,1996,"O6","O.2","5.7",4439
"SU",1996-05-15,1996,"P3","O.9","3.0",4440
"SU",1996-05-15,1996,"L3","K.9","2.9",4442
"SU",1996-05-15,1996,"I4","I.3","3.8",4452
"SU",1996-05-15,1996,"M4.","M.0","4.5",4476
"SU",1996-05-15,1996,"K.8","K.5","8.0",4477
"SU",1996-05-15,1996,"B.9.","B.3","9.5",4541
"SU",1996-05-15,1996,"E3.","E.1","3.4",4603
"SU",1996-05-15,1996,"C.5","C.5","5.2",4606
"SU",1996-05-15,1996,"F14","F.0","14.0",4607
"SU",1996-05-15,1996,"B7.","B.2","7.6",4615
"SU",1996-05-15,1996,"Q.6","Q.8","6.0",4640
"SU",1996-05-15,1996,"G11","G.2","11.2",4642
"SU",1996-05-15,1996,"N5.","N.0","5.5",4727
"SU",1996-05-15,1996,"-117","-0.9","17.0",4821
"SU",1996-05-15,1996,"R4","R.0","4.0",4901
"SU",1996-05-15,1996,"P5","P.3","5.0",4910
"SU",1996-05-15,1996,"K6.","K.0","6.5",4912
"SU",1996-05-15,1996,"-218.","-2.0","18.5",4942
"SU",1996-05-15,1996,"M7","M.0","7.0",5110
"SU",1996-05-15,1996,"-36","-3.0","6.0",5130
"SU",1996-05-15,1996,"H.9","H.6","8.8",5228
"SU",1996-05-15,1996,"N7.","M.9","7.5",5250
"SU",1996-05-15,1996,"N.6","N.8","6.1",5350
"SU",1996-05-15,1996,"G5.","G.2","5.5",5361
"SU",1996-05-15,1996,"G8","F.9","8.1",5411
"SU",1996-05-15,1996,"N9","N.0","9.0",5499
"SU",1996-05-15,1996,"P8.","P.0","8.5",5500
"SU",1996-05-15,1996,"T11","S.7","11.1",5666
"KL",1997-05-15,1997,"-114.","-1.0","14.5",3300
"KL",1997-05-15,1997,"E1","E.0","1.3",3305
"KL",1997-05-15,1997,"-414","-4.4","14.0",3347
"KL",1997-05-15,1997,"-512","-5.0","12.0",3347
"KL",1997-05-15,1997,"I5","I.2","4.9",3441
"KL",1997-05-15,1997,"D7","D.0","7.0",3482
"KL",1997-05-15,1997,"J.9","J.2","9.0",3496
"KL",1997-05-15,1997,"H6","H.3","6.2",3503
"KL",1997-05-15,1997,"-37","-3.0","7.0",3506
"KL",1997-05-15,1997,"K.10","K.5","10.0",3507
"KL",1997-05-15,1997,"-110","-1.1","10.2",3510
"KL",1997-05-15,1997,"D.5.","D.5","5.6",3521
"KL",1997-05-15,1997,"B.13.","B.3","13.7",3525
"KL",1997-05-15,1997,"Q2","Q.0","2.0",3616
"KL",1997-05-15,1997,"F3","E.7","2.8",3618
"KL",1997-05-15,1997,"G3.","G.0","3.5",3618
"KL",1997-05-15,1997,"H.4","H.5","4.0",3618
"KL",1997-05-15,1997,"I11","H.8","10.9",3647
"KL",1997-05-15,1997,"F6.","F.0","6.5",3674
"KL",1997-05-15,1997,"C.9.","C.5","9.5",3700
"KL",1997-05-15,1997,"C2.","C.0","2.5",3719
"KL",1997-05-15,1997,"-1.8.","-1.5","8.5",3720
"KL",1997-05-15,1997,"G.1.","G.3","1.5",3749
"KL",1997-05-15,1997,"K.0.","K.5","0.5",3750
"KL",1997-05-15,1997,"-59","-5.0","9.0",3777
"KL",1997-05-15,1997,"-015","-0.2","15.0",3783
"KL",1997-05-15,1997,"-21","-1.9","1.0",3801
"KL",1997-05-15,1997,"-30","-3.0","0.0",3811
"KL",1997-05-15,1997,"A10.","A.1","10.5",3927
"KL",1997-05-15,1997,"07","0.0","6.9",4134
"KL",1997-05-15,1997,"-13","-1.3","3.0",4154
"KL",1997-05-15,1997,"H15","H.0","15.0",4187
"KL",1997-05-15,1997,"B8.","B.0","8.5",4227
"KL",1997-05-15,1997,"F15","F.0","15.0",4245
"KL",1997-05-15,1997,"P1","P.1","0.5",4273
"KL",1997-05-15,1997,"I.1","I.5","1.0",4296
"KL",1997-05-15,1997,"O5","O.0","5.0",4309
"KL",1997-05-15,1997,"A.3.","A.3","3.5",4347
"KL",1997-05-15,1997,"L10","K.9","9.8",4417
"KL",1997-05-15,1997,"E14.","E.0","14.6",4428
"KL",1997-05-15,1997,"0.6.","0.5","6.7",4429
"KL",1997-05-15,1997,"A.7","A.5","7.0",4429
"KL",1997-05-15,1997,"01","0.1","1.0",4430
"KL",1997-05-15,1997,"-14.","-1.0","4.5",4453
"KL",1997-05-15,1997,"A5.","A.0","5.5",4465
"KL",1997-05-15,1997,"H9","G.8","9.0",4467
"KL",1997-05-15,1997,"-2.5","-2.5","5.1",4472
"KL",1997-05-15,1997,"E9.","E.0","9.5",4486
"KL",1997-05-15,1997,"G.10.","G.1","10.5",4535
"KL",1997-05-15,1997,"-38","-3.0","8.0",4549
"KL",1997-05-15,1997,"B.5.","B.4","5.5",4558
"KL",1997-05-15,1997,"-312.","-3.0","12.5",4562
"KL",1997-05-15,1997,"J5","J.0","5.0",4569
"KL",1997-05-15,1997,"C.7","C.6","7.0",4573
"KL",1997-05-15,1997,"G5","G.0","5.0",4596
"KL",1997-05-15,1997,"A.10","A.5","9.9",4608
"KL",1997-05-15,1997,"I2.","I.1","2.6",4686
"KL",1997-05-15,1997,"E4","E.0","3.5",4697
"KL",1997-05-15,1997,"04.","0.0","4.7",4704
"KL",1997-05-15,1997,"-1.6","-1.2","5.9",4705
"KL",1997-05-15,1997,"0.12","0.4","12.0",4712
"KL",1997-05-15,1997,"J11","J.1","11.0",4713
"KL",1997-05-15,1997,"H12","H.0","12.0",4722
"KL",1997-05-15,1997,"J2","J.0","2.0",4735
"KL",1997-05-15,1997,"M.0.","M.5","0.5",4774
"KL",1997-05-15,1997,"B15","B.1","15.0",4776
"KL",1997-05-15,1997,"O6","O.5","6.4",4810
"KL",1997-05-15,1997,"-2.11","-2.4","11.0",4815
"KL",1997-05-15,1997,"E11","D.9","10.9",4816
"KL",1997-05-15,1997,"F.6.","F.8","6.9",4819
"KL",1997-05-15,1997,"J14","J.0","14.0",4826
"KL",1997-05-15,1997,"L8","L.0","8.0",4892
"KL",1997-05-15,1997,"-5.11","-5.5","11.5",4897
"KL",1997-05-15,1997,"F1","F.0","0.7",4906
"KL",1997-05-15,1997,"A8","A.0","8.0",4950
"KL",1997-05-15,1997,"E.8.","E.4","8.5",4996
"KL",1997-05-15,1997,"J1","J.0","1.0",5020
"KL",1997-05-15,1997,"-612","-6.5","12.0",5135
"KL",1997-05-15,1997,"O1","O.0","1.0",5241
"KL",1997-05-15,1997,"B.10.","B.6","10.5",5317
"KL",1997-05-15,1997,"G.0","G.7","0.0",5461
"KL",1997-05-15,1997,"J.6.","J.3","6.5",5501
"KL",1997-05-15,1997,"-50","-5.0","0.0",5527
"KL",1997-05-15,1997,"-310","-3.0","10.0",5953
"KL",1997-05-15,1997,"C12","C.2","12.0",6230
"SU",1997-05-15,1997,"D18","C.9","18.1",3277
"SU",1997-05-15,1997,"Q.6","Q.8","6.0",3283
"SU",1997-05-15,1997,"R1","R.0","1.0",3307
"SU",1997-05-15,1997,"H.14","H.6","14.0",3334
"SU",1997-05-15,1997,"N.4.","N.5","4.6",3335
"SU",1997-05-15,1997,"H.10.","H.5","10.5",3388
"SU",1997-05-15,1997,"B.15","B.5","15.0",3399
"SU",1997-05-15,1997,"S1","S.3","1.1",3420
"SU",1997-05-15,1997,"Q4","Q.0","4.0",3423
"SU",1997-05-15,1997,"K15","K.0","15.0",3426
"SU",1997-05-15,1997,"K.15","K.4","15.0",3426
"SU",1997-05-15,1997,"0.3","0.5","3.0",3466
"SU",1997-05-15,1997,"K1.","K.0","1.7",3489
"SU",1997-05-15,1997,"H.12","H.5","12.0",3491
"SU",1997-05-15,1997,"T.7.","T.5","7.5",3498
"SU",1997-05-15,1997,"E.1.","E.3","1.5",3501
"SU",1997-05-15,1997,"E.4.","E.4","4.5",3526
"SU",1997-05-15,1997,"O2.","O.1","2.3",3598
"SU",1997-05-15,1997,"F.1","F.5","1.2",3604
"SU",1997-05-15,1997,"C.6.","C.7","6.4",3609
"SU",1997-05-15,1997,"C12","C.2","11.9",3660
"SU",1997-05-15,1997,"L10","K.9","10.0",3703
"SU",1997-05-15,1997,"M2","M.1","2.0",3709
"SU",1997-05-15,1997,"0.10.","0.5","10.3",3717
"SU",1997-05-15,1997,"B.10.","B.6","10.7",3718
"SU",1997-05-15,1997,"A.6.","A.5","6.6",3721
"SU",1997-05-15,1997,"C.1","C.4","1.1",3794
"SU",1997-05-15,1997,"D7.","D.0","7.7",3795
"SU",1997-05-15,1997,"S8","S.0","7.9",3820
"SU",1997-05-15,1997,"E3","D.9","3.0",4078
"SU",1997-05-15,1997,"G.14.","G.5","14.5",4091
"SU",1997-05-15,1997,"B.3","B.3","3.0",4204
"SU",1997-05-15,1997,"D9","D.0","9.0",4235
"SU",1997-05-15,1997,"I2.","I.3","2.3",4244
"SU",1997-05-15,1997,"F.16","F.3","16.0",4254
"SU",1997-05-15,1997,"A.4.","A.4","4.7",4272
"SU",1997-05-15,1997,"E.6","E.3","6.2",4285
"SU",1997-05-15,1997,"G9.","G.0","9.3",4302
"SU",1997-05-15,1997,"B.1","B.5","1.2",4312
"SU",1997-05-15,1997,"E9","E.0","9.0",4316
"SU",1997-05-15,1997,"C9.","C.1","9.4",4325
"SU",1997-05-15,1997,"A6","0.7","6.0",4344
"SU",1997-05-15,1997,"-0.5.","-0.5","5.5",4345
"SU",1997-05-15,1997,"K.12","K.3","11.8",4361
"SU",1997-05-15,1997,"L.12","L.5","12.0",4364
"SU",1997-05-15,1997,"C13","B.8","12.9",4370
"SU",1997-05-15,1997,"C.15.","C.2","15.7",4371
"SU",1997-05-15,1997,"0 17","0.0","17.0",4382
"SU",1997-05-15,1997,"0.17.","0.7","17.7",4382
"SU",1997-05-15,1997,"T3","T.1","3.0",4399
"SU",1997-05-15,1997,"T.4","T.6","4.2",4401
"SU",1997-05-15,1997,"O6","O.2","5.7",4439
"SU",1997-05-15,1997,"P3","O.9","3.0",4440
"SU",1997-05-15,1997,"L3","K.9","2.9",4442
"SU",1997-05-15,1997,"I4","I.3","3.8",4452
"SU",1997-05-15,1997,"M4.","M.0","4.5",4476
"SU",1997-05-15,1997,"K.8","K.5","8.0",4477
"SU",1997-05-15,1997,"B.9.","B.3","9.5",4541
"SU",1997-05-15,1997,"O16","O.2","15.9",4581
"SU",1997-05-15,1997,"G3","G.0","2.8",4594
"SU",1997-05-15,1997,"E3.","E.1","3.4",4603
"SU",1997-05-15,1997,"C.5","C.5","5.2",4606
"SU",1997-05-15,1997,"F14","F.0","14.0",4607
"SU",1997-05-15,1997,"O.4","O.6","4.0",4610
"SU",1997-05-15,1997,"B7.","B.2","7.6",4615
"SU",1997-05-15,1997,"Q7","Q.3","7.0",4640
"SU",1997-05-15,1997,"G11","G.2","11.2",4642
"SU",1997-05-15,1997,"N5.","N.0","5.5",4727
"SU",1997-05-15,1997,"F12","F.0","12.1",4856
"SU",1997-05-15,1997,"S4","S.0","4.0",4901
"SU",1997-05-15,1997,"P5","P.3","5.0",4910
"SU",1997-05-15,1997,"K6.","K.0","6.5",4912
"SU",1997-05-15,1997,"-218.","-2.0","18.5",4942
"SU",1997-05-15,1997,"-219","-3.0","19.0",5001
"SU",1997-05-15,1997,"M7","M.0","7.0",5110
"SU",1997-05-15,1997,"-36","-3.0","6.0",5130
"SU",1997-05-15,1997,"02","0.6","1.3",5195
"SU",1997-05-15,1997,"H.9","H.6","8.8",5228
"SU",1997-05-15,1997,"N7.","M.9","7.5",5250
"SU",1997-05-15,1997,"O9","O.0","8.9",5350
"SU",1997-05-15,1997,"G5.","G.2","5.5",5361
"SU",1997-05-15,1997,"G8","F.9","8.1",5411
"SU",1997-05-15,1997,"N9","N.0","9.0",5499
"SU",1997-05-15,1997,"P8.","P.0","8.5",5500
"SU",1997-05-15,1997,"T11","S.7","11.1",5666
"KL",1998-05-15,1998,"-512","-5.0","12.0",3347
"KL",1998-05-15,1998,"H6","H.3","6.2",3503
"KL",1998-05-15,1998,"F3","E.7","2.8",3505
"KL",1998-05-15,1998,"K.10","K.5","10.0",3507
"KL",1998-05-15,1998,"-114.","-1.0","14.5",3508
"KL",1998-05-15,1998,"-110","-1.1","10.2",3510
"KL",1998-05-15,1998,"D.5.","D.5","5.6",3521
"KL",1998-05-15,1998,"-8.11","-8.5","11.0",3524
"KL",1998-05-15,1998,"D9.","D.0","9.5",3543
"KL",1998-05-15,1998,"E7","E.3","7.1",3567
"KL",1998-05-15,1998,"E.8.","E.4","8.5",3606
"KL",1998-05-15,1998,"-414","-4.4","14.0",3611
"KL",1998-05-15,1998,"Q2","Q.0","2.0",3616
"KL",1998-05-15,1998,"H.4","H.5","4.0",3618
"KL",1998-05-15,1998,"B13","B.0","13.0",3642
"KL",1998-05-15,1998,"I11","H.8","10.9",3647
"KL",1998-05-15,1998,"-32","-3.0","2.0",3672
"KL",1998-05-15,1998,"E.6.","E.0","6.0",3674
"KL",1998-05-15,1998,"C.9.","C.5","9.5",3700
"KL",1998-05-15,1998,"C2.","C.0","2.5",3719
"KL",1998-05-15,1998,"-18.","-1.0","8.5",3720
"KL",1998-05-15,1998,"G.1.","G.3","1.5",3749
"KL",1998-05-15,1998,"K.0.","K.5","0.5",3750
"KL",1998-05-15,1998,"B4.","B.0","4.5",3769
"KL",1998-05-15,1998,"-59","-5.0","9.0",3777
"KL",1998-05-15,1998,"-015","-0.2","15.0",3783
"KL",1998-05-15,1998,"B.13.","B.3","13.7",3789
"KL",1998-05-15,1998,"-21","-1.9","1.0",3801
"KL",1998-05-15,1998,"-30","-3.0","0.0",3811
"KL",1998-05-15,1998,"A10.","A.1","10.5",3927
"KL",1998-05-15,1998,"E4","E.0","3.5",4076
"KL",1998-05-15,1998,"E2.","E.0","2.5",4108
"KL",1998-05-15,1998,"-17","-1.0","7.0",4134
"KL",1998-05-15,1998,"-13","-1.3","3.0",4154
"KL",1998-05-15,1998,"H15","H.0","15.0",4187
"KL",1998-05-15,1998,"B8.","B.0","8.5",4227
"KL",1998-05-15,1998,"P1","P.1","0.5",4273
"KL",1998-05-15,1998,"I.1","I.5","1.0",4296
"KL",1998-05-15,1998,"O5","O.0","5.0",4309
"KL",1998-05-15,1998,"A.3.","A.3","3.5",4347
"KL",1998-05-15,1998,"J.9","J.2","9.0",4400
"KL",1998-05-15,1998,"L10","K.9","9.8",4417
"KL",1998-05-15,1998,"I5","I.2","4.9",4423
"KL",1998-05-15,1998,"E14.","E.0","14.6",4428
"KL",1998-05-15,1998,"0.6.","0.5","6.7",4429
"KL",1998-05-15,1998,"01","0.1","1.0",4430
"KL",1998-05-15,1998,"-14","-1.0","4.0",4453
"KL",1998-05-15,1998,"A5.","A.0","5.5",4465
"KL",1998-05-15,1998,"H9","G.8","9.0",4467
"KL",1998-05-15,1998,"-2.5","-2.5","5.1",4472
"KL",1998-05-15,1998,"E9.","E.0","9.5",4486
"KL",1998-05-15,1998,"G.10.","G.1","10.5",4535
"KL",1998-05-15,1998,"-712","-7.0","12.0",4545
"KL",1998-05-15,1998,"-38","-3.0","8.0",4549
"KL",1998-05-15,1998,"D15","C.7","14.8",4556
"KL",1998-05-15,1998,"B.5.","B.4","5.5",4558
"KL",1998-05-15,1998,"-312.","-3.0","12.5",4562
"KL",1998-05-15,1998,"J5","J.0","5.0",4569
"KL",1998-05-15,1998,"C.7","C.6","7.0",4573
"KL",1998-05-15,1998,"-1.8.","-1.5","8.5",4582
"KL",1998-05-15,1998,"F15","F.0","15.0",4588
"KL",1998-05-15,1998,"G5","G.0","5.0",4596
"KL",1998-05-15,1998,"B9.","B.0","9.5",4608
"KL",1998-05-15,1998,"O.2","O.5","2.0",4682
"KL",1998-05-15,1998,"I2.","I.1","2.6",4686
"KL",1998-05-15,1998,"G3.","G.0","3.5",4697
"KL",1998-05-15,1998,"04.","0.0","4.7",4704
"KL",1998-05-15,1998,"-1.6","-1.2","5.9",4705
"KL",1998-05-15,1998,"0.12","0.4","12.0",4712
"KL",1998-05-15,1998,"J11","J.1","11.0",4713
"KL",1998-05-15,1998,"I.6.","I.6","6.5",4714
"KL",1998-05-15,1998,"H12","H.0","12.0",4722
"KL",1998-05-15,1998,"J2","J.0","2.0",4735
"KL",1998-05-15,1998,"I.12","I.6","12.0",4760
"KL",1998-05-15,1998,"M.0.","M.5","0.5",4774
"KL",1998-05-15,1998,"B15","B.1","15.0",4776
"KL",1998-05-15,1998,"N.2.","N.4","2.4",4792
"KL",1998-05-15,1998,"O6","O.5","6.4",4810
"KL",1998-05-15,1998,"-2.11","-2.4","11.0",4815
"KL",1998-05-15,1998,"E11","D.9","10.9",4816
"KL",1998-05-15,1998,"D7","D.0","7.0",4817
"KL",1998-05-15,1998,"F.6.","F.8","6.9",4819
"KL",1998-05-15,1998,"J14","J.0","14.0",4826
"KL",1998-05-15,1998,"D3.","D.0","3.5",4842
"KL",1998-05-15,1998,"L.1","L.5","0.9",4851
"KL",1998-05-15,1998,"-711","-7.0","11.0",4881
"KL",1998-05-15,1998,"L8","L.0","8.0",4892
"KL",1998-05-15,1998,"-5.11","-5.5","11.5",4897
"KL",1998-05-15,1998,"F1","F.0","0.7",4906
"KL",1998-05-15,1998,"A8","A.0","8.0",4950
"KL",1998-05-15,1998,"F8","F.2","8.0",4996
"KL",1998-05-15,1998,"J1","J.0","1.0",5020
"KL",1998-05-15,1998,"L.1","L.5","0.9",5133
"KL",1998-05-15,1998,"-612","-6.5","12.0",5135
"KL",1998-05-15,1998,"O1","O.0","1.0",5241
"KL",1998-05-15,1998,"B.10.","B.6","10.5",5317
"KL",1998-05-15,1998,"E.10","E.6","10.0",5348
"KL",1998-05-15,1998,"E1","E.0","1.3",5418
"KL",1998-05-15,1998,"G.0","G.7","0.0",5461
"KL",1998-05-15,1998,"J.6.","J.3","6.5",5501
"KL",1998-05-15,1998,"-50","-5.0","0.0",5527
"KL",1998-05-15,1998,"F6.","F.0","6.5",5717
"KL",1998-05-15,1998,"K6","K.0","6.2",5851
"KL",1998-05-15,1998,"J10.","I.7","10.5",5857
"KL",1998-05-15,1998,"A15","A.0","15.0",5941
"KL",1998-05-15,1998,"-310","-3.0","10.0",5953
"KL",1998-05-15,1998,"I.2","I.5","1.8",6041
"KL",1998-05-15,1998,"C12","C.2","12.0",6230
"SU",1998-05-15,1998,"C9","C.1","9.0",3477
"SU",1998-05-15,1998,"C.15.","C.2","15.7",3502
"SU",1998-05-15,1998,"C.6","C.3","6.5",3509
"SU",1998-05-15,1998,"G.1","G.5","1.2",3536
"SU",1998-05-15,1998,"O11","O.0","11.0",3557
"SU",1998-05-15,1998,"R.2","R.5","2.0",3577
"SU",1998-05-15,1998,"N.11","N.6","11.2",3580
"SU",1998-05-15,1998,"O2.","O.1","2.3",3598
"SU",1998-05-15,1998,"F.1","F.5","1.2",3604
"SU",1998-05-15,1998,"C.6.","C.7","6.4",3609
"SU",1998-05-15,1998,"C12","C.2","11.9",3660
"SU",1998-05-15,1998,"Q9","Q.0","8.9",3675
"SU",1998-05-15,1998,"C13","B.8","12.9",3687
"SU",1998-05-15,1998,"M10.","M.1","10.5",3703
"SU",1998-05-15,1998,"M2","M.1","2.0",3709
"SU",1998-05-15,1998,"-1.2.","-1.7","2.3",3716
"SU",1998-05-15,1998,"B11.","B.0","11.7",3717
"SU",1998-05-15,1998,"B.10.","B.6","10.7",3718
"SU",1998-05-15,1998,"A.4.","A.4","4.7",3721
"SU",1998-05-15,1998,"S8","S.0","7.9",3751
"SU",1998-05-15,1998,"C.1","C.4","1.1",3794
"SU",1998-05-15,1998,"D7.","D.0","7.7",3795
"SU",1998-05-15,1998,"N11","N.0","11.0",3820
"SU",1998-05-15,1998,"R8","R.0","8.1",3899
"SU",1998-05-15,1998,"D18","C.9","18.1",4077
"SU",1998-05-15,1998,"E.4.","E.4","4.5",4078
"SU",1998-05-15,1998,"E3","D.9","3.0",4078
"SU",1998-05-15,1998,"A19","A.2","19.0",4114
"SU",1998-05-15,1998,"B.3","B.3","3.0",4204
"SU",1998-05-15,1998,"D9","D.0","9.0",4235
"SU",1998-05-15,1998,"I2.","I.3","2.3",4244
"SU",1998-05-15,1998,"L1","L.0","1.0",4255
"SU",1998-05-15,1998,"B.15","B.5","15.0",4257
"SU",1998-05-15,1998,"B15.","B.0","15.5",4257
"SU",1998-05-15,1998,"E.6","E.3","6.2",4285
"SU",1998-05-15,1998,"Q4","Q.0","4.0",4286
"SU",1998-05-15,1998,"G9.","G.0","9.3",4302
"SU",1998-05-15,1998,"B.1","B.5","1.2",4312
"SU",1998-05-15,1998,"E9","E.0","9.0",4316
"SU",1998-05-15,1998,"C9.","C.1","9.4",4325
"SU",1998-05-15,1998,"A6","0.7","6.0",4344
"SU",1998-05-15,1998,"-0.5.","-0.5","5.5",4345
"SU",1998-05-15,1998,"H.14","H.6","14.0",4359
"SU",1998-05-15,1998,"K.12","K.3","11.8",4361
"SU",1998-05-15,1998,"L.12","L.5","12.0",4364
"SU",1998-05-15,1998,"F14","F.0","14.0",4372
"SU",1998-05-15,1998,"G.14.","G.5","14.5",4372
"SU",1998-05-15,1998,"0.17.","0.7","17.7",4382
"SU",1998-05-15,1998,"0.10.","0.5","10.3",4386
"SU",1998-05-15,1998,"T3","T.1","3.0",4399
"SU",1998-05-15,1998,"T.4","T.6","4.2",4401
"SU",1998-05-15,1998,"O5","O.0","5.0",4439
"SU",1998-05-15,1998,"P3","O.9","3.0",4440
"SU",1998-05-15,1998,"L3","K.9","2.9",4442
"SU",1998-05-15,1998,"I4","I.3","3.8",4452
"SU",1998-05-15,1998,"M4.","M.0","4.5",4476
"SU",1998-05-15,1998,"K.8","K.5","8.0",4477
"SU",1998-05-15,1998,"B.9.","B.3","9.5",4541
"SU",1998-05-15,1998,"O16","O.2","15.9",4581
"SU",1998-05-15,1998,"G3","G.0","2.8",4594
"SU",1998-05-15,1998,"E3.","E.1","3.4",4603
"SU",1998-05-15,1998,"C.5","C.5","5.2",4606
"SU",1998-05-15,1998,"Q7","Q.3","7.0",4640
"SU",1998-05-15,1998,"G11","G.2","11.2",4642
"SU",1998-05-15,1998,"Q.6","Q.8","6.0",4770
"SU",1998-05-15,1998,"-117","-0.9","17.0",4821
"SU",1998-05-15,1998,"S1","S.3","1.1",4837
"SU",1998-05-15,1998,"F12","F.0","12.1",4856
"SU",1998-05-15,1998,"C.4","C.4","4.0",4878
"SU",1998-05-15,1998,"F.16","F.3","16.0",4899
"SU",1998-05-15,1998,"S4","S.0","4.0",4901
"SU",1998-05-15,1998,"P5","P.3","5.0",4910
"SU",1998-05-15,1998,"K6.","K.0","6.5",4912
"SU",1998-05-15,1998,"J.2.","J.4","2.6",4925
"SU",1998-05-15,1998,"-218.","-2.0","18.5",4942
"SU",1998-05-15,1998,"-219","-3.0","19.0",5001
"SU",1998-05-15,1998,"N2","N.0","2.0",5049
"SU",1998-05-15,1998,"M7","M.0","7.0",5110
"SU",1998-05-15,1998,"-36","-3.0","6.0",5130
"SU",1998-05-15,1998,"L10.","L.0","10.5",5136
"SU",1998-05-15,1998,"0.3","0.5","3.0",5195
"SU",1998-05-15,1998,"H.9","H.6","8.8",5228
"SU",1998-05-15,1998,"O6","O.2","5.7",5230
"SU",1998-05-15,1998,"N7.","M.9","7.5",5250
"SU",1998-05-15,1998,"O9","O.0","8.9",5350
"SU",1998-05-15,1998,"G5.","G.2","5.5",5361
"SU",1998-05-15,1998,"B1.","B.0","1.5",5378
"SU",1998-05-15,1998,"N9","N.0","9.0",5499
"SU",1998-05-15,1998,"P8.","P.0","8.5",5500
"SU",1998-05-15,1998,"R4","R.0","4.0",5562
"SU",1998-05-15,1998,"H.12","H.5","12.0",5898
"KL",1999-05-15,1999,"D2.","D.0","2.5",4108
"KL",1999-05-15,1999,"B2","A.9","2.0",4109
"KL",1999-05-15,1999,"05.","0.1","5.5",4125
"KL",1999-05-15,1999,"-14.","-1.0","4.5",4133
"KL",1999-05-15,1999,"-0.7.","-0.6","7.5",4134
"KL",1999-05-15,1999,"07","0.0","6.9",4134
"KL",1999-05-15,1999,"01","0.1","1.0",4154
"KL",1999-05-15,1999,"A.13.","A.8","13.3",4157
"KL",1999-05-15,1999,"09","0.0","9.0",4162
"KL",1999-05-15,1999,"-3.2","-2.5","1.6",4162
"KL",1999-05-15,1999,"0.11","0.7","11.0",4167
"KL",1999-05-15,1999,"I18","I.0","18.1",4210
"KL",1999-05-15,1999,"B8.","B.0","8.5",4227
"KL",1999-05-15,1999,"F.20.","F.3","20.7",4246
"KL",1999-05-15,1999,"C.11","C.5","11.0",4284
"KL",1999-05-15,1999,"A.3.","A.3","3.5",4347
"KL",1999-05-15,1999,"C17.","C.0","17.5",4373
"KL",1999-05-15,1999,"D.18","D.4","18.2",4375
"KL",1999-05-15,1999,"-53.","-5.0","3.5",4384
"KL",1999-05-15,1999,"L10","K.9","9.8",4417
"KL",1999-05-15,1999,"I.5.","I.3","5.6",4422
"KL",1999-05-15,1999,"0.14.","0.5","14.0",4424
"KL",1999-05-15,1999,"-412","-4.0","12.0",4425
"KL",1999-05-15,1999,"0.6.","0.5","6.7",4429
"KL",1999-05-15,1999,"-13","-1.3","3.0",4453
"KL",1999-05-15,1999,"C13","C.0","13.0",4454
"KL",1999-05-15,1999,"A5.","A.0","5.5",4465
"KL",1999-05-15,1999,"-212","-2.0","12.2",4469
"KL",1999-05-15,1999,"-30","-3.0","0.0",4472
"KL",1999-05-15,1999,"-41.","-4.0","1.5",4472
"KL",1999-05-15,1999,"-2.5","-2.5","5.1",4539
"KL",1999-05-15,1999,"-25","-2.1","5.0",4539
"KL",1999-05-15,1999,"-811","-8.0","11.0",4545
"KL",1999-05-15,1999,"-38","-3.0","8.0",4549
"KL",1999-05-15,1999,"D15","C.7","14.8",4556
"KL",1999-05-15,1999,"B.5.","B.4","5.5",4558
"KL",1999-05-15,1999,"-312.","-3.0","12.5",4562
"KL",1999-05-15,1999,"C.7","C.6","7.0",4573
"KL",1999-05-15,1999,"-21","-1.9","1.0",4577
"KL",1999-05-15,1999,"-1.8.","-1.5","8.5",4582
"KL",1999-05-15,1999,"B9.","B.0","9.5",4608
"KL",1999-05-15,1999,"B11.","A.9","11.6",4623
"KL",1999-05-15,1999,"G5","G.0","5.0",4670
"KL",1999-05-15,1999,"A15","A.0","15.0",4698
"KL",1999-05-15,1999,"B4.","B.0","4.5",4704
"KL",1999-05-15,1999,"-1.6","-1.2","5.9",4705
"KL",1999-05-15,1999,"0.12","0.4","12.0",4712
"KL",1999-05-15,1999,"H4.","H.0","4.5",4735
"KL",1999-05-15,1999,"0.10","0.4","10.0",4741
"KL",1999-05-15,1999,"B10.","B.0","10.5",4759
"KL",1999-05-15,1999,"I11.","H.3","11.6",4760
"KL",1999-05-15,1999,"-59","-5.0","9.0",4766
"KL",1999-05-15,1999,"-610","-6.2","9.8",4766
"KL",1999-05-15,1999,"B15","B.1","15.0",4776
"KL",1999-05-15,1999,"C8.","C.0","8.3",4783
"KL",1999-05-15,1999,"B.13.","B.3","13.7",4784
"KL",1999-05-15,1999,"B3.","B.3","3.3",4796
"KL",1999-05-15,1999,"-2.11","-2.4","11.0",4815
"KL",1999-05-15,1999,"D7","D.0","7.0",4817
"KL",1999-05-15,1999,"N.0","N.4","0.0",4822
"KL",1999-05-15,1999,"D3.","D.0","3.5",4842
"KL",1999-05-15,1999,"D17.","D.3","17.4",4870
"KL",1999-05-15,1999,"-711","-7.0","11.0",4881
"KL",1999-05-15,1999,"B.7.","B.7","7.2",4884
"KL",1999-05-15,1999,"-5.11","-5.5","11.5",4897
"KL",1999-05-15,1999,"B.0.","B.7","0.5",4906
"KL",1999-05-15,1999,"-110","-1.1","10.2",4914
"KL",1999-05-15,1999,"L11","K.6","10.5",4916
"KL",1999-05-15,1999,"B.7","B.7","7.0",4921
"KL",1999-05-15,1999,"B6.","B.0","6.5",4921
"KL",1999-05-15,1999,"-49","-4.0","9.0",4923
"KL",1999-05-15,1999,"A8","A.0","8.0",4950
"KL",1999-05-15,1999,"D.8.","D.7","8.4",4976
"KL",1999-05-15,1999,"-612","-6.5","12.0",5135
"KL",1999-05-15,1999,"I10.","H.6","10.3",5166
"KL",1999-05-15,1999,"-2.4.","-2.6","4.5",5175
"KL",1999-05-15,1999,"-14","-1.0","4.0",5176
"KL",1999-05-15,1999,"A10.","A.1","10.5",5194
"KL",1999-05-15,1999,"A6","A.1","5.9",5196
"KL",1999-05-15,1999,"A.10","A.5","9.9",5231
"KL",1999-05-15,1999,"A.9","A.5","9.0",5231
"KL",1999-05-15,1999,"B.10.","B.6","10.5",5317
"KL",1999-05-15,1999,"-613","-6.0","13.0",5339
"KL",1999-05-15,1999,"0.2.","0.4","2.6",5360
"KL",1999-05-15,1999,"-0.12","-0.3","12.0",5362
"KL",1999-05-15,1999,"015","0.0","15.0",5364
"KL",1999-05-15,1999,"C.2.","C.4","1.9",5418
"KL",1999-05-15,1999,"C12","C.2","12.0",5513
"KL",1999-05-15,1999,"-6.8","-6.5","8.0",5516
"KL",1999-05-15,1999,"-19.","-0.7","9.3",5518
"KL",1999-05-15,1999,"H1","H.0","0.8",5526
"KL",1999-05-15,1999,"-50","-5.0","0.0",5527
"KL",1999-05-15,1999,"D9.","D.0","9.5",5544
"KL",1999-05-15,1999,"F5","F.0","5.0",5561
"KL",1999-05-15,1999,"04.","0.0","4.7",5575
"KL",1999-05-15,1999,"D.5.","D.5","5.6",5578
"KL",1999-05-15,1999,"-2.10","-2.4","9.7",5587
"KL",1999-05-15,1999,"-27","-2.0","6.7",5674
"KL",1999-05-15,1999,"C.9.","C.5","9.5",5755
"KL",1999-05-15,1999,"C2.","C.0","2.5",5866
"KL",1999-05-15,1999,"-410","-4.5","10.5",5879
"KL",1999-05-15,1999,"-310","-3.0","10.0",5953
"KL",1999-05-15,1999,"B7.","B.0","7.5",6035
"KL",1999-05-15,1999,"B13","B.0","13.0",6230
"KL",1999-05-15,1999,"-712","-7.0","12.0",6532
"KL",1999-05-15,1999,"C5","C.0","5.0",6770
"SU",1999-05-15,1999,"F.1","F.5","1.2",3898
"SU",1999-05-15,1999,"F17.","F.0","17.5",4077
"SU",1999-05-15,1999,"D4","D.0","4.0",4078
"SU",1999-05-15,1999,"L.12","L.5","12.0",4091
"SU",1999-05-15,1999,"L12","K.6","12.0",4091
"SU",1999-05-15,1999,"T6.","T.0","6.8",4112
"SU",1999-05-15,1999,"A19","A.2","19.0",4114
"SU",1999-05-15,1999,"R9","R.0","8.8",4115
"SU",1999-05-15,1999,"D10.","D.0","10.4",4126
"SU",1999-05-15,1999,"O.4","O.6","4.0",4149
"SU",1999-05-15,1999,"I.2.","0.0","0.0",4188
"SU",1999-05-15,1999,"B.3","B.3","3.0",4204
"SU",1999-05-15,1999,"J7","J.0","6.8",4236
"SU",1999-05-15,1999,"I2.","I.3","2.3",4244
"SU",1999-05-15,1999,"F14","F.0","14.0",4254
"SU",1999-05-15,1999,"L.1","L.4","1.0",4255
"SU",1999-05-15,1999,"B.12.","B.4","12.8",4257
"SU",1999-05-15,1999,"E.6","E.3","6.2",4285
"SU",1999-05-15,1999,"R1","R.0","1.0",4286
"SU",1999-05-15,1999,"L1","L.0","1.0",4306
"SU",1999-05-15,1999,"E7.","D.9","7.0",4311
"SU",1999-05-15,1999,"B.1","B.5","1.2",4312
"SU",1999-05-15,1999,"E9.","E.1","9.5",4316
"SU",1999-05-15,1999,"I6","I.1","6.4",4320
"SU",1999-05-15,1999,"A8","A.0","8.0",4322
"SU",1999-05-15,1999,"-0.4","-0.5","4.0",4322
"SU",1999-05-15,1999,"B.8.","B.4","8.6",4325
"SU",1999-05-15,1999,"L10.","L.0","10.5",4343
"SU",1999-05-15,1999,"A6","0.7","6.0",4344
"SU",1999-05-15,1999,"-0.5.","-0.5","5.5",4345
"SU",1999-05-15,1999,"-1.1","-1.3","1.0",4345
"SU",1999-05-15,1999,"P3","O.9","3.0",4345
"SU",1999-05-15,1999,"O9","O.0","8.9",4348
"SU",1999-05-15,1999,"A.4.","A.4","4.7",4356
"SU",1999-05-15,1999,"H.14","H.6","14.0",4359
"SU",1999-05-15,1999,"O.10.","O.8","10.7",4360
"SU",1999-05-15,1999,"O16","O.2","15.9",4360
"SU",1999-05-15,1999,"K.12","K.3","11.8",4361
"SU",1999-05-15,1999,"M10.","M.1","10.5",4362
"SU",1999-05-15,1999,"M10.","M.1","10.5",4362
"SU",1999-05-15,1999,"D18","C.9","18.1",4369
"SU",1999-05-15,1999,"D12.","D.0","12.6",4370
"SU",1999-05-15,1999,"C.15.","C.2","15.7",4371
"SU",1999-05-15,1999,"G.14.","G.5","14.5",4372
"SU",1999-05-15,1999,"-1.17","-1.5","16.8",4374
"SU",1999-05-15,1999,"F14.","F.0","14.7",4376
"SU",1999-05-15,1999,"B11.","B.0","11.7",4381
"SU",1999-05-15,1999,"0.17.","0.7","17.7",4382
"SU",1999-05-15,1999,"A13","0.9","13.1",4386
"SU",1999-05-15,1999,"T3","T.1","3.0",4399
"SU",1999-05-15,1999,"U3","U.2","3.0",4401
"SU",1999-05-15,1999,"H.9.","H.5","9.6",4416
"SU",1999-05-15,1999,"K.5","K.7","5.0",4435
"SU",1999-05-15,1999,"L5.","L.2","5.4",4435
"SU",1999-05-15,1999,"L.7","L.7","6.4",4437
"SU",1999-05-15,1999,"E11.","E.0","11.5",4438
"SU",1999-05-15,1999,"N.4.","N.5","4.6",4439
"SU",1999-05-15,1999,"L3","K.9","2.9",4442
"SU",1999-05-15,1999,"G5.","G.2","5.5",4451
"SU",1999-05-15,1999,"I4","I.3","3.8",4452
"SU",1999-05-15,1999,"K4","K.0","4.0",4476
"SU",1999-05-15,1999,"K.8","K.5","8.0",4477
"SU",1999-05-15,1999,"H.7.","H.4","7.3",4478
"SU",1999-05-15,1999,"O1.","O.0","1.7",4537
"SU",1999-05-15,1999,"O2.","O.1","2.3",4537
"SU",1999-05-15,1999,"Q3.","Q.0","3.5",4538
"SU",1999-05-15,1999,"B.9.","B.3","9.5",4541
"SU",1999-05-15,1999,"-2.18","-1.2","18.5",4551
"SU",1999-05-15,1999,"S8","S.0","7.9",4557
"SU",1999-05-15,1999,"Q11","Q.1","10.8",4568
"SU",1999-05-15,1999,"G7","G.0","7.1",4572
"SU",1999-05-15,1999,"L.14","L.6","13.9",4581
"SU",1999-05-15,1999,"-0.2.","-0.2","2.6",4584
"SU",1999-05-15,1999,"C.17","C.5","17.2",4585
"SU",1999-05-15,1999,"J14","J.0","13.9",4594
"SU",1999-05-15,1999,"G3","G.0","2.8",4594
"SU",1999-05-15,1999,"C3","C.0","3.0",4595
"SU",1999-05-15,1999,"I1.","H.7","1.9",4597
"SU",1999-05-15,1999,"C.6.","C.7","6.4",4603
"SU",1999-05-15,1999,"C.5","C.5","5.2",4606
"SU",1999-05-15,1999,"B.15","B.5","15.0",4616
"SU",1999-05-15,1999,"E3","D.9","3.0",4620
"SU",1999-05-15,1999,"D15","D.1","14.8",4624
"SU",1999-05-15,1999,"R8","R.0","8.1",4640
"SU",1999-05-15,1999,"G10.","G.0","10.4",4642
"SU",1999-05-15,1999,"-21","-2.0","1.0",4657
"SU",1999-05-15,1999,"N5.","N.0","5.5",4727
"SU",1999-05-15,1999,"Q.6","Q.8","6.0",4770
"SU",1999-05-15,1999,"T4","T.0","4.0",4771
"SU",1999-05-15,1999,"G4","G.0","4.0",4787
"SU",1999-05-15,1999,"-117","-0.9","17.0",4821
"SU",1999-05-15,1999,"0 17","0.0","17.0",4821
"SU",1999-05-15,1999,"F1.","F.0","1.5",4833
"SU",1999-05-15,1999,"K3.","0.0","0.0",4833
"SU",1999-05-15,1999,"J3.","J.0","3.5",4833
"SU",1999-05-15,1999,"G.12.","G.6","12.3",4834
"SU",1999-05-15,1999,"J.10.","J.7","10.9",4835
"SU",1999-05-15,1999,"P0.","P.0","0.8",4837
"SU",1999-05-15,1999,"G.16","G.5","16.0",4852
"SU",1999-05-15,1999,"N.11","N.6","11.2",4853
"SU",1999-05-15,1999,"E.11.","E.2","11.6",4856
"SU",1999-05-15,1999,"F12","F.0","12.1",4856
"SU",1999-05-15,1999,"M.12.","M.8","12.7",4857
"SU",1999-05-15,1999,"R.2","R.5","2.0",4871
"SU",1999-05-15,1999,"0.10.","0.5","10.3",4876
"SU",1999-05-15,1999,"C.4","C.4","4.0",4878
"SU",1999-05-15,1999,"J11","J.2","11.2",4891
"SU",1999-05-15,1999,"N11","N.0","11.0",4893
"SU",1999-05-15,1999,"B.12.","B.4","12.8",4894
"SU",1999-05-15,1999,"B15.","B.0","15.5",4896
"SU",1999-05-15,1999,"S.2","S.6","2.1",4901
"SU",1999-05-15,1999,"E3.","E.1","3.4",4907
"SU",1999-05-15,1999,"P5","P.3","5.0",4910
"SU",1999-05-15,1999,"K6.","K.0","6.5",4912
"SU",1999-05-15,1999,"-1.4.","-1.3","4.5",4918
"SU",1999-05-15,1999,"A3","A.3","3.0",4919
"SU",1999-05-15,1999,"K2.","J.9","2.8",4925
"SU",1999-05-15,1999,"J.2.","J.4","2.6",4925
"SU",1999-05-15,1999,"-218.","-2.0","18.5",4942
"SU",1999-05-15,1999,"U2","U.2","2.3",4992
"SU",1999-05-15,1999,"-219","-3.0","19.0",5001
"SU",1999-05-15,1999,"G.9","G.5","9.0",5043
"SU",1999-05-15,1999,"N2","N.0","2.0",5049
"SU",1999-05-15,1999,"M7","M.0","7.0",5110
"SU",1999-05-15,1999,"B6","A.8","5.7",5125
"SU",1999-05-15,1999,"L10.","L.0","10.5",5136
"SU",1999-05-15,1999,"T.4","T.6","4.2",5138
"SU",1999-05-15,1999,"N.6","N.8","6.1",5145
"SU",1999-05-15,1999,"E7.","D.9","7.0",5163
"SU",1999-05-15,1999,"E9","E.0","9.0",5163
"SU",1999-05-15,1999,"C.8.","C.3","8.3",5163
"SU",1999-05-15,1999,"E.4.","E.4","4.5",5168
"SU",1999-05-15,1999,"F4","E.7","4.2",5168
"SU",1999-05-15,1999,"D5.","D.4","5.4",5190
"SU",1999-05-15,1999,"0.3","0.5","3.0",5195
"SU",1999-05-15,1999,"D7.","D.0","7.7",5199
"SU",1999-05-15,1999,"F7","F.0","7.0",5228
"SU",1999-05-15,1999,"O6","O.2","5.7",5230
"SU",1999-05-15,1999,"O6","O.2","5.7",5230
"SU",1999-05-15,1999,"02","0.6","1.3",5239
"SU",1999-05-15,1999,"Q4","Q.0","4.0",5247
"SU",1999-05-15,1999,"N7.","M.9","7.5",5250
"SU",1999-05-15,1999,"D.16.","D.3","16.4",5264
"SU",1999-05-15,1999,"J.4","J.5","4.2",5285
"SU",1999-05-15,1999,"S4","S.0","4.0",5347
"SU",1999-05-15,1999,"O11","O.0","11.0",5350
"SU",1999-05-15,1999,"M2","M.1","2.0",5361
"SU",1999-05-15,1999,"-33","-3.0","3.0",5365
"SU",1999-05-15,1999,"B1.","B.0","1.5",5378
"SU",1999-05-15,1999,"G8","F.9","8.1",5411
"SU",1999-05-15,1999,"D9.","D.1","9.4",5463
"SU",1999-05-15,1999,"C12","C.2","11.9",5472
"SU",1999-05-15,1999,"B17","B.0","17.0",5482
"SU",1999-05-15,1999,"K1.","K.0","1.7",5483
"SU",1999-05-15,1999,"K.13","K.5","12.8",5485
"SU",1999-05-15,1999,"N9","N.0","9.0",5499
"SU",1999-05-15,1999,"P8.","P.0","8.5",5500
"SU",1999-05-15,1999,"Q9","Q.0","8.9",5503
"SU",1999-05-15,1999,"U.2.","U.4","2.6",5517
"SU",1999-05-15,1999,"I14.","I.0","14.5",5540
"SU",1999-05-15,1999,"R4","R.0","4.0",5562
"SU",1999-05-15,1999,"R4","R.0","4.0",5562
"SU",1999-05-15,1999,"J9","J.1","9.2",5563
"SU",1999-05-15,1999,"L2","K.2","2.0",5564
"SU",1999-05-15,1999,"S1","S.3","1.1",5572
"SU",1999-05-15,1999,"Q7","Q.3","7.0",5573
"SU",1999-05-15,1999,"H.9","H.6","8.8",5580
"SU",1999-05-15,1999,"G.1","G.5","1.2",5582
"SU",1999-05-15,1999,"B.10.","B.6","10.7",5586
"SU",1999-05-15,1999,"C.10","C.4","10.2",5586
"SU",1999-05-15,1999,"T11","S.7","11.1",5666
"SU",1999-05-15,1999,"D.2.","D.5","2.4",5682
"SU",1999-05-15,1999,"H.10.","H.5","10.5",5696
"SU",1999-05-15,1999,"M.8","M.7","8.0",5725
"SU",1999-05-15,1999,"-1.16","-1.5","16.0",5749
"SU",1999-05-15,1999,"D.17.","D.4","17.1",5757
"SU",1999-05-15,1999,"C9.","C.1","9.4",5796
"SU",1999-05-15,1999,"B.18","B.3","17.8",5820
"SU",1999-05-15,1999,"C18","B.8","18.1",5820
"SU",1999-05-15,1999,"B.20","B.4","20.2",5856
"SU",1999-05-15,1999,"E.1.","E.3","1.5",5857
"SU",1999-05-15,1999,"F0","F.0","0.0",5857
"SU",1999-05-15,1999,"D9","D.0","9.0",5859
"SU",1999-05-15,1999,"K.15","K.4","15.0",5892
"SU",1999-05-15,1999,"H.12","H.5","12.0",5898
"SU",1999-05-15,1999,"L.8.","L.5","8.5",5995
"SU",1999-05-15,1999,"G11","G.2","11.2",6050
"SU",1999-05-15,1999,"C.1","C.4","1.1",6056
"SU",1999-05-15,1999,"I16","I.0","16.0",6058
"SU",1999-05-15,1999,"Q.1","Q.5","1.6",6063
"SU",1999-05-15,1999,"K.10.","K.7","10.8",6069
"SU",1999-05-15,1999,"B.6","B.8","6.1",6166
"SU",1999-05-15,1999,"-2.16","-2.4","16.7",6342
"SU",1999-05-15,1999,"M4.","M.0","4.5",6495
"SU",1999-05-15,1999,"-3.6","-3.6","6.0",6502
"SU",1999-05-15,1999,"-36","-3.0","6.0",6502
"SU",1999-05-15,1999,"E14","E.0","14.3",6508
"SU",1999-05-15,1999,"E15.","E.1","5.0",6508
"SU",1999-05-15,1999,"O4","O.0","4.0",6834
"KL",2000-05-15,2000,"-414","-4.4","14.0",4579
"KL",2000-05-15,2000,"O.2.","O.3","2.5",4682
"KL",2000-05-15,2000,"C12","C.2","12.0",4689
"KL",2000-05-15,2000,"-312.","-3.0","12.5",4694
"KL",2000-05-15,2000,"F.4","F.4","4.1",4697
"KL",2000-05-15,2000,"A15","A.0","15.0",4698
"KL",2000-05-15,2000,"B4.","B.0","4.5",4704
"KL",2000-05-15,2000,"-1.6","-1.2","5.9",4705
"KL",2000-05-15,2000,"0.12","0.4","12.0",4712
"KL",2000-05-15,2000,"K.11","K.1","11.8",4713
"KL",2000-05-15,2000,"H6","H.3","6.2",4714
"KL",2000-05-15,2000,"K6","K.0","6.2",4721
"KL",2000-05-15,2000,"H12","H.0","12.0",4722
"KL",2000-05-15,2000,"-67","-6.0","7.0",4728
"KL",2000-05-15,2000,"H4.","H.0","4.5",4735
"KL",2000-05-15,2000,"0.10","0.4","10.0",4741
"KL",2000-05-15,2000,"K.10","K.5","10.0",4752
"KL",2000-05-15,2000,"L.10.","K.9","9.8",4752
"KL",2000-05-15,2000,"B11.","A.9","11.6",4759
"KL",2000-05-15,2000,"I11.","H.3","11.6",4760
"KL",2000-05-15,2000,"-114.","-1.0","14.5",4761
"KL",2000-05-15,2000,"-59","-5.0","9.0",4766
"KL",2000-05-15,2000,"M.0.","M.5","0.5",4774
"KL",2000-05-15,2000,"B15","B.1","15.0",4776
"KL",2000-05-15,2000,"B9.","B.0","9.5",4783
"KL",2000-05-15,2000,"B.13.","B.3","13.7",4784
"KL",2000-05-15,2000,"N.2.","N.4","2.4",4792
"KL",2000-05-15,2000,"B3.","B.3","3.3",4796
"KL",2000-05-15,2000,"O6","O.5","6.4",4810
"KL",2000-05-15,2000,"-2.11","-2.4","11.0",4815
"KL",2000-05-15,2000,"E11","D.9","10.9",4816
"KL",2000-05-15,2000,"D7","D.0","7.0",4817
"KL",2000-05-15,2000,"P1","P.1","0.5",4818
"KL",2000-05-15,2000,"N0.","N.3","0.6",4822
"KL",2000-05-15,2000,"L.12","L.2","12.0",4826
"KL",2000-05-15,2000,"F1","F.0","0.7",4838
"KL",2000-05-15,2000,"D3.","D.0","3.5",4842
"KL",2000-05-15,2000,"L.1","L.5","0.9",4851
"KL",2000-05-15,2000,"M10","M.1","10.1",4865
"KL",2000-05-15,2000,"D17.","D.3","17.4",4870
"KL",2000-05-15,2000,"H11.","H.1","11.3",4879
"KL",2000-05-15,2000,"-711","-7.0","11.0",4881
"KL",2000-05-15,2000,"I.5.","I.3","5.6",4883
"KL",2000-05-15,2000,"B.7.","B.7","7.2",4884
"KL",2000-05-15,2000,"O.2","O.5","2.0",4885
"KL",2000-05-15,2000,"L8","L.0","8.0",4892
"KL",2000-05-15,2000,"I9","I.1","9.2",4895
"KL",2000-05-15,2000,"-5.11","-5.5","11.5",4897
"KL",2000-05-15,2000,"J2","J.0","2.0",4898
"KL",2000-05-15,2000,"A.3.","A.3","3.5",4906
"KL",2000-05-15,2000,"F8","F.2","8.0",4909
"KL",2000-05-15,2000,"-110","-1.1","10.2",4914
"KL",2000-05-15,2000,"L11","K.6","10.5",4916
"KL",2000-05-15,2000,"B6.","B.0","6.5",4921
"KL",2000-05-15,2000,"-49","-4.0","9.0",4923
"KL",2000-05-15,2000,"N9","M.5","7.8",4924
"KL",2000-05-15,2000,"A8","A.0","8.0",4950
"KL",2000-05-15,2000,"-0.7.","-0.6","7.5",4952
"KL",2000-05-15,2000,"I.2","I.5","1.8",4974
"KL",2000-05-15,2000,"I2.","I.1","2.6",4974
"KL",2000-05-15,2000,"D.8.","D.7","8.4",4976
"KL",2000-05-15,2000,"F9","F.0","9.0",4996
"KL",2000-05-15,2000,"J.19","J.7","19.0",5131
"KL",2000-05-15,2000,"E1","E.0","1.3",5133
"KL",2000-05-15,2000,"-612","-6.5","12.0",5135
"KL",2000-05-15,2000,"J0.","J.0","0.5",5152
"KL",2000-05-15,2000,"J0.","J.0","0.5",5152
"KL",2000-05-15,2000,"J.9","J.2","9.0",5159
"KL",2000-05-15,2000,"I10.","H.6","10.3",5166
"KL",2000-05-15,2000,"-2.4.","-2.6","4.5",5175
"KL",2000-05-15,2000,"-14","-1.0","4.0",5176
"KL",2000-05-15,2000,"J10.","I.7","10.5",5187
"KL",2000-05-15,2000,"J11","J.1","11.0",5187
"KL",2000-05-15,2000,"A10.","A.1","10.5",5194
"KL",2000-05-15,2000,"A5.","A.0","5.5",5196
"KL",2000-05-15,2000,"A.9","A.5","9.0",5231
"KL",2000-05-15,2000,"-512","-5.0","12.0",5238
"KL",2000-05-15,2000,"O1","O.0","1.0",5241
"KL",2000-05-15,2000,"H.3.","H.7","3.4",5251
"KL",2000-05-15,2000,"I.15.","I.4","15.7",5258
"KL",2000-05-15,2000,"K7.","K.0","7.5",5267
"KL",2000-05-15,2000,"B.10.","B.6","10.5",5317
"KL",2000-05-15,2000,"-613","-6.0","13.0",5339
"KL",2000-05-15,2000,"G.10.","G.1","10.5",5348
"KL",2000-05-15,2000,"0.2.","0.4","2.6",5360
"KL",2000-05-15,2000,"-0.12","-0.3","12.0",5362
"KL",2000-05-15,2000,"015","0.0","15.0",5364
"KL",2000-05-15,2000,"J.0.","J.5","0.3",5414
"KL",2000-05-15,2000,"C.2.","C.4","1.9",5418
"KL",2000-05-15,2000,"D15","C.7","14.8",5422
"KL",2000-05-15,2000,"F.0.","F.8","0.7",5461
"KL",2000-05-15,2000,"G.9.","G.4","9.5",5496
"KL",2000-05-15,2000,"J.6.","J.3","6.5",5501
"KL",2000-05-15,2000,"F15","F.0","15.0",5513
"KL",2000-05-15,2000,"-6.8","-6.5","8.0",5516
"KL",2000-05-15,2000,"-1.8.","-1.5","8.5",5518
"KL",2000-05-15,2000,"H1","H.0","0.8",5526
"KL",2000-05-15,2000,"-41.","-4.0","1.5",5527
"KL",2000-05-15,2000,"D9.","D.0","9.5",5544
"KL",2000-05-15,2000,"F5","F.0","5.0",5561
"KL",2000-05-15,2000,"04.","0.0","4.7",5575
"KL",2000-05-15,2000,"D.5.","D.5","5.6",5578
"KL",2000-05-15,2000,"-310","-3.0","10.0",5587
"KL",2000-05-15,2000,"I.20.","I.6","20.3",5602
"KL",2000-05-15,2000,"M.1.","M.4","1.5",5627
"KL",2000-05-15,2000,"-27","-2.0","6.7",5674
"KL",2000-05-15,2000,"I5","I.2","4.9",5715
"KL",2000-05-15,2000,"E7","E.3","7.1",5717
"KL",2000-05-15,2000,"C.17","C.6","16.9",5748
"KL",2000-05-15,2000,"F17","F.0","17.0",5754
"KL",2000-05-15,2000,"C.9.","C.5","9.5",5755
"KL",2000-05-15,2000,"F3","E.7","2.8",5763
"KL",2000-05-15,2000,"-53.","-5.0","3.5",5776
"KL",2000-05-15,2000,"-2.5.","-2.3","5.3",5808
"KL",2000-05-15,2000,"M.9.","M.1","9.0",5824
"KL",2000-05-15,2000,"J5","J.0","5.0",5851
"KL",2000-05-15,2000,"I11","H.8","10.9",5852
"KL",2000-05-15,2000,"C2.","C.0","2.5",5866
"KL",2000-05-15,2000,"-410","-4.5","10.5",5879
"KL",2000-05-15,2000,"G3.","G.0","3.5",5882
"KL",2000-05-15,2000,"H9","G.8","9.0",5895
"KL",2000-05-15,2000,"E4","E.0","3.5",5940
"KL",2000-05-15,2000,"F18.","F.0","18.6",5941
"KL",2000-05-15,2000,"B7.","B.0","7.5",6035
"KL",2000-05-15,2000,"G.0","G.7","0.0",6041
"KL",2000-05-15,2000,"-38","-3.0","8.0",6072
"KL",2000-05-15,2000,"-712","-7.0","12.0",6532
"KL",2000-05-15,2000,"B.5.","B.4","5.5",6770
"KL",2000-05-15,2000,"G.1.","G.3","1.5",7166
"SU",2000-05-15,2000,"L3","K.9","2.9",4685
"SU",2000-05-15,2000,"0.19","0.5","18.9",4724
"SU",2000-05-15,2000,"N6","M.8","6.0",4727
"SU",2000-05-15,2000,"T.7.","T.5","7.5",4742
"SU",2000-05-15,2000,"T6.","T.0","6.8",4742
"SU",2000-05-15,2000,"A.15.","A.5","15.6",4750
"SU",2000-05-15,2000,"Q.6","Q.8","6.0",4770
"SU",2000-05-15,2000,"T4","T.0","4.0",4771
"SU",2000-05-15,2000,"G4","G.0","4.0",4787
"SU",2000-05-15,2000,"C3","C.0","3.0",4793
"SU",2000-05-15,2000,"-117","-0.9","17.0",4821
"SU",2000-05-15,2000,"G.12.","G.6","12.3",4834
"SU",2000-05-15,2000,"G11","G.2","11.2",4834
"SU",2000-05-15,2000,"J.10.","J.7","10.9",4835
"SU",2000-05-15,2000,"L.1","L.4","1.0",4837
"SU",2000-05-15,2000,"G.16","G.5","16.0",4852
"SU",2000-05-15,2000,"N.11","N.6","11.2",4853
"SU",2000-05-15,2000,"F12","F.0","12.1",4856
"SU",2000-05-15,2000,"O16","O.2","15.9",4857
"SU",2000-05-15,2000,"-31","-3.0","1.0",4864
"SU",2000-05-15,2000,"R.2","R.5","2.0",4871
"SU",2000-05-15,2000,"A8","A.0","8.0",4876
"SU",2000-05-15,2000,"B.8.","B.4","8.6",4876
"SU",2000-05-15,2000,"B.3","B.3","3.0",4878
"SU",2000-05-15,2000,"C.4","C.4","4.0",4878
"SU",2000-05-15,2000,"J11","J.2","11.2",4891
"SU",2000-05-15,2000,"N11","N.0","11.0",4893
"SU",2000-05-15,2000,"B.12","B.5","12.3",4894
"SU",2000-05-15,2000,"B.15","B.5","15.0",4896
"SU",2000-05-15,2000,"F.16","F.3","16.0",4899
"SU",2000-05-15,2000,"S.2","S.6","2.1",4901
"SU",2000-05-15,2000,"D5.","D.4","5.4",4902
"SU",2000-05-15,2000,"C.5","C.5","5.2",4902
"SU",2000-05-15,2000,"-1.2.","-1.7","2.3",4903
"SU",2000-05-15,2000,"E3.","E.1","3.4",4907
"SU",2000-05-15,2000,"P5","P.3","5.0",4910
"SU",2000-05-15,2000,"K6.","K.0","6.5",4912
"SU",2000-05-15,2000,"-1.4.","-1.3","4.5",4918
"SU",2000-05-15,2000,"A3","A.3","3.0",4919
"SU",2000-05-15,2000,"A3","A.3","3.0",4919
"SU",2000-05-15,2000,"J.2.","J.4","2.6",4925
"SU",2000-05-15,2000,"R11","R.5","10.9",4954
"SU",2000-05-15,2000,"T3","T.1","3.0",4992
"SU",2000-05-15,2000,"U2","U.2","2.3",4992
"SU",2000-05-15,2000,"-219","-3.0","19.0",5001
"SU",2000-05-15,2000,"G9.","G.0","9.3",5043
"SU",2000-05-15,2000,"N2","N.0","2.0",5049
"SU",2000-05-15,2000,"M7","M.0","7.0",5110
"SU",2000-05-15,2000,"B6","A.8","5.7",5125
"SU",2000-05-15,2000,"-36","-3.0","6.0",5130
"SU",2000-05-15,2000,"L10","K.9","10.0",5136
"SU",2000-05-15,2000,"T.4","T.6","4.2",5138
"SU",2000-05-15,2000,"U.4","U.3","4.0",5146
"SU",2000-05-15,2000,"E9","E.0","9.0",5163
"SU",2000-05-15,2000,"E.4.","E.4","4.5",5168
"SU",2000-05-15,2000,"0.3","0.5","3.0",5195
"SU",2000-05-15,2000,"D7.","D.0","7.7",5199
"SU",2000-05-15,2000,"F7","F.0","7.0",5228
"SU",2000-05-15,2000,"O5","O.0","5.0",5230
"SU",2000-05-15,2000,"02","0.6","1.3",5239
"SU",2000-05-15,2000,"Q4","Q.0","4.0",5247
"SU",2000-05-15,2000,"N7.","M.9","7.5",5250
"SU",2000-05-15,2000,"E.6","E.3","6.2",5252
"SU",2000-05-15,2000,"E7.","D.9","7.0",5252
"SU",2000-05-15,2000,"B.4.","B.4","4.7",5253
"SU",2000-05-15,2000,"D15","D.1","14.8",5264
"SU",2000-05-15,2000,"J.4","J.5","4.2",5285
"SU",2000-05-15,2000,"S4","S.0","4.0",5347
"SU",2000-05-15,2000,"O11","O.0","11.0",5350
"SU",2000-05-15,2000,"M2","M.1","2.0",5361
"SU",2000-05-15,2000,"-3.3","-3.3","3.2",5365
"SU",2000-05-15,2000,"B1.","B.0","1.5",5378
"SU",2000-05-15,2000,"G8","F.9","8.1",5411
"SU",2000-05-15,2000,"S5","R.8","5.2",5454
"SU",2000-05-15,2000,"D9.","D.1","9.4",5463
"SU",2000-05-15,2000,"C12","C.2","11.9",5472
"SU",2000-05-15,2000,"0.17.","0.7","17.7",5482
"SU",2000-05-15,2000,"K1.","K.0","1.7",5483
"SU",2000-05-15,2000,"K.12","K.3","11.8",5485
"SU",2000-05-15,2000,"L.12","L.5","12.0",5485
"SU",2000-05-15,2000,"N9","N.0","9.0",5499
"SU",2000-05-15,2000,"P8.","P.0","8.5",5500
"SU",2000-05-15,2000,"Q9","Q.0","8.9",5503
"SU",2000-05-15,2000,"U.2.","U.4","2.6",5517
"SU",2000-05-15,2000,"I14.","I.0","14.5",5540
"SU",2000-05-15,2000,"R4","R.0","4.0",5562
"SU",2000-05-15,2000,"J9","J.1","9.2",5563
"SU",2000-05-15,2000,"S1","S.3","1.1",5572
"SU",2000-05-15,2000,"Q7","Q.3","7.0",5573
"SU",2000-05-15,2000,"H.9","H.6","8.8",5580
"SU",2000-05-15,2000,"G.1","G.5","1.2",5582
"SU",2000-05-15,2000,"B.10.","B.6","10.7",5586
"SU",2000-05-15,2000,"T11","S.7","11.1",5666
"SU",2000-05-15,2000,"D.2.","D.5","2.4",5682
"SU",2000-05-15,2000,"H.10.","H.5","10.5",5696
"SU",2000-05-15,2000,"M.8","M.7","8.0",5725
"SU",2000-05-15,2000,"-1.16","-1.5","16.0",5749
"SU",2000-05-15,2000,"D.17.","D.4","17.1",5757
"SU",2000-05-15,2000,"C9.","C.1","9.4",5796
"SU",2000-05-15,2000,"-0.5.","-0.5","5.5",5803
"SU",2000-05-15,2000,"P3","O.9","3.0",5807
"SU",2000-05-15,2000,"C18","B.8","18.1",5820
"SU",2000-05-15,2000,"B.20","B.4","20.2",5856
"SU",2000-05-15,2000,"E.1.","E.3","1.5",5857
"SU",2000-05-15,2000,"D9","D.0","9.0",5859
"SU",2000-05-15,2000,"K.15","K.4","15.0",5892
"SU",2000-05-15,2000,"-2.7.","0.0","0.0",5893
"SU",2000-05-15,2000,"-27.","-1.4","6.5",5893
"SU",2000-05-15,2000,"H.12","H.5","12.0",5898
"SU",2000-05-15,2000,"F.1","F.5","1.2",5959
"SU",2000-05-15,2000,"L.8.","L.5","8.5",5995
"SU",2000-05-15,2000,"G5.","G.2","5.5",6050
"SU",2000-05-15,2000,"B.1","B.5","1.2",6056
"SU",2000-05-15,2000,"I16","I.0","16.0",6058
"SU",2000-05-15,2000,"R1","R.0","1.0",6063
"SU",2000-05-15,2000,"L10.","L.0","10.5",6069
"SU",2000-05-15,2000,"K.10.","K.7","10.8",6069
"SU",2000-05-15,2000,"B.6","B.8","6.1",6166
"SU",2000-05-15,2000,"-2.16","-2.4","16.7",6342
"SU",2000-05-15,2000,"M4.","M.0","4.5",6495
"SU",2000-05-15,2000,"-3.6","-3.6","6.0",6502
"SU",2000-05-15,2000,"O.4","O.6","4.0",6834
"KL",2001-05-15,2001,"A8","A.0","8.0",4950
"KL",2001-05-15,2001,"-0.7.","-0.6","7.5",4952
"KL",2001-05-15,2001,"I.2","I.5","1.8",4974
"KL",2001-05-15,2001,"D.8.","D.7","8.4",4976
"KL",2001-05-15,2001,"D7","D.0","7.0",4996
"KL",2001-05-15,2001,"I.1","I.5","1.0",5020
"KL",2001-05-15,2001,"-110","-1.1","10.2",5050
"KL",2001-05-15,2001,"F9","F.0","9.0",5102
"KL",2001-05-15,2001,"-610","-6.2","9.8",5118
"KL",2001-05-15,2001,"J.19","J.7","19.0",5131
"KL",2001-05-15,2001,"E1","E.0","1.3",5133
"KL",2001-05-15,2001,"-612","-6.5","12.0",5135
"KL",2001-05-15,2001,"-711","-7.0","11.0",5135
"KL",2001-05-15,2001,"-312.","-3.0","12.5",5137
"KL",2001-05-15,2001,"J0.","J.0","0.5",5152
"KL",2001-05-15,2001,"F1","F.0","0.7",5153
"KL",2001-05-15,2001,"J.9","J.2","9.0",5159
"KL",2001-05-15,2001,"I10.","H.6","10.3",5166
"KL",2001-05-15,2001,"-2.4.","-2.6","4.5",5175
"KL",2001-05-15,2001,"-14","-1.0","4.0",5176
"KL",2001-05-15,2001,"-414","-4.4","14.0",5186
"KL",2001-05-15,2001,"J10.","I.7","10.5",5187
"KL",2001-05-15,2001,"A10.","A.1","10.5",5194
"KL",2001-05-15,2001,"A5.","A.0","5.5",5196
"KL",2001-05-15,2001,"B9.","B.0","9.5",5231
"KL",2001-05-15,2001,"O1","O.0","1.0",5241
"KL",2001-05-15,2001,"H.3.","H.7","3.4",5251
"KL",2001-05-15,2001,"K7.","K.0","7.5",5267
"KL",2001-05-15,2001,"C12","C.2","12.0",5317
"KL",2001-05-15,2001,"-5.11","-5.5","11.5",5339
"KL",2001-05-15,2001,"G.10.","G.1","10.5",5348
"KL",2001-05-15,2001,"0.2.","0.4","2.6",5360
"KL",2001-05-15,2001,"A.3.","A.3","3.5",5360
"KL",2001-05-15,2001,"0.12","0.4","12.0",5362
"KL",2001-05-15,2001,"-0.12","-0.3","12.0",5362
"KL",2001-05-15,2001,"-015","-0.2","15.0",5364
"KL",2001-05-15,2001,"-114.","-1.0","14.5",5364
"KL",2001-05-15,2001,"015","0.0","15.0",5364
"KL",2001-05-15,2001,"L.1","L.5","0.9",5414
"KL",2001-05-15,2001,"D0.","D.2","0.5",5418
"KL",2001-05-15,2001,"D15","C.7","14.8",5422
"KL",2001-05-15,2001,"F.0.","F.8","0.7",5461
"KL",2001-05-15,2001,"H9","G.8","9.0",5496
"KL",2001-05-15,2001,"J.6.","J.3","6.5",5501
"KL",2001-05-15,2001,"F15","F.0","15.0",5513
"KL",2001-05-15,2001,"E11","D.9","10.9",5515
"KL",2001-05-15,2001,"-59","-5.0","9.0",5516
"KL",2001-05-15,2001,"-1.8.","-1.5","8.5",5518
"KL",2001-05-15,2001,"H1","H.0","0.8",5526
"KL",2001-05-15,2001,"B.13.","B.3","13.7",5544
"KL",2001-05-15,2001,"F5","F.0","5.0",5561
"KL",2001-05-15,2001,"04.","0.0","4.7",5575
"KL",2001-05-15,2001,"-310","-3.0","10.0",5587
"KL",2001-05-15,2001,"I.20.","I.6","20.3",5602
"KL",2001-05-15,2001,"O6","O.5","6.4",5627
"KL",2001-05-15,2001,"-27","-2.0","6.7",5674
"KL",2001-05-15,2001,"I5","I.2","4.9",5715
"KL",2001-05-15,2001,"F6.","F.0","6.5",5717
"KL",2001-05-15,2001,"C.17","C.6","16.9",5748
"KL",2001-05-15,2001,"F17","F.0","17.0",5754
"KL",2001-05-15,2001,"C.9.","C.5","9.5",5755
"KL",2001-05-15,2001,"F3","E.7","2.8",5763
"KL",2001-05-15,2001,"-79","-7.0","9.0",5764
"KL",2001-05-15,2001,"-53.","-5.0","3.5",5776
"KL",2001-05-15,2001,"-63","-6.0","3.0",5776
"KL",2001-05-15,2001,"-3.5.","-3.5","6.0",5808
"KL",2001-05-15,2001,"N9","M.5","7.8",5824
"KL",2001-05-15,2001,"K6","K.0","6.2",5851
"KL",2001-05-15,2001,"I11","H.8","10.9",5852
"KL",2001-05-15,2001,"C2.","C.0","2.5",5866
"KL",2001-05-15,2001,"-512","-5.0","12.0",5879
"KL",2001-05-15,2001,"-410","-4.5","10.5",5879
"KL",2001-05-15,2001,"G3.","G.0","3.5",5882
"KL",2001-05-15,2001,"H6","H.3","6.2",5895
"KL",2001-05-15,2001,"E4","E.0","3.5",5940
"KL",2001-05-15,2001,"F18.","F.0","18.6",5941
"KL",2001-05-15,2001,"B.7.","B.7","7.2",6035
"KL",2001-05-15,2001,"N0.","N.3","0.6",6041
"KL",2001-05-15,2001,"J14","J.0","14.0",6071
"KL",2001-05-15,2001,"-38","-3.0","8.0",6072
"KL",2001-05-15,2001,"-712","-7.0","12.0",6532
"KL",2001-05-15,2001,"B.5.","B.4","5.5",6770
"KL",2001-05-15,2001,"C5","C.0","5.0",6770
"KL",2001-05-15,2001,"G.1.","G.3","1.5",7166
"SU",2001-05-15,2001,"-1.4.","-1.3","4.5",4918
"SU",2001-05-15,2001,"R11","R.5","10.9",4954
"SU",2001-05-15,2001,"S.2","S.6","2.1",4992
"SU",2001-05-15,2001,"T3","T.1","3.0",4992
"SU",2001-05-15,2001,"-219","-3.0","19.0",5001
"SU",2001-05-15,2001,"G9.","G.0","9.3",5043
"SU",2001-05-15,2001,"N2","N.0","2.0",5049
"SU",2001-05-15,2001,"O16","O.2","15.9",5083
"SU",2001-05-15,2001,"B6","A.8","5.7",5125
"SU",2001-05-15,2001,"T11","S.7","11.1",5136
"SU",2001-05-15,2001,"T.4","T.6","4.2",5138
"SU",2001-05-15,2001,"N5.","N.0","5.5",5145
"SU",2001-05-15,2001,"P6","P.1","6.0",5145
"SU",2001-05-15,2001,"P5","P.3","5.0",5146
"SU",2001-05-15,2001,"-1.17","-1.5","16.8",5155
"SU",2001-05-15,2001,"E9","E.0","9.0",5163
"SU",2001-05-15,2001,"E.4.","E.4","4.5",5168
"SU",2001-05-15,2001,"D5.","D.4","5.4",5190
"SU",2001-05-15,2001,"0.3","0.5","3.0",5195
"SU",2001-05-15,2001,"F7","F.0","7.0",5228
"SU",2001-05-15,2001,"O6","O.2","5.7",5230
"SU",2001-05-15,2001,"-31","-3.0","1.0",5239
"SU",2001-05-15,2001,"R.2","R.5","2.0",5247
"SU",2001-05-15,2001,"N7.","M.9","7.5",5250
"SU",2001-05-15,2001,"E.6","E.3","6.2",5252
"SU",2001-05-15,2001,"D15","D.1","14.8",5264
"SU",2001-05-15,2001,"J.2.","J.4","2.6",5265
"SU",2001-05-15,2001,"J.4","J.5","4.2",5285
"SU",2001-05-15,2001,"S4","S.0","4.0",5347
"SU",2001-05-15,2001,"O.10.","O.8","10.7",5350
"SU",2001-05-15,2001,"T6","T.1","6.0",5351
"SU",2001-05-15,2001,"M2","M.1","2.0",5361
"SU",2001-05-15,2001,"-3.3","-3.3","3.2",5365
"SU",2001-05-15,2001,"B1.","B.0","1.5",5378
"SU",2001-05-15,2001,"G8","F.9","8.1",5411
"SU",2001-05-15,2001,"S5","R.8","5.2",5454
"SU",2001-05-15,2001,"C12","C.2","11.9",5472
"SU",2001-05-15,2001,"-2.19","-2.5","19.0",5473
"SU",2001-05-15,2001,"0.17.","0.7","17.7",5482
"SU",2001-05-15,2001,"K.1","K.3","1.0",5483
"SU",2001-05-15,2001,"L.12","L.5","12.0",5485
"SU",2001-05-15,2001,"N.11","N.6","11.2",5499
"SU",2001-05-15,2001,"P8.","P.0","8.5",5500
"SU",2001-05-15,2001,"Q9","Q.0","8.9",5503
"SU",2001-05-15,2001,"T.7.","T.5","7.5",5507
"SU",2001-05-15,2001,"U.2.","U.4","2.6",5517
"SU",2001-05-15,2001,"H.14","H.6","14.0",5540
"SU",2001-05-15,2001,"Q.6","Q.8","6.0",5562
"SU",2001-05-15,2001,"J9","J.1","9.2",5563
"SU",2001-05-15,2001,"L3","K.9","2.9",5564
"SU",2001-05-15,2001,"H.9","H.6","8.8",5580
"SU",2001-05-15,2001,"G.1","G.5","1.2",5582
"SU",2001-05-15,2001,"B.10.","B.6","10.7",5586
"SU",2001-05-15,2001,"D.2.","D.5","2.4",5682
"SU",2001-05-15,2001,"H.10.","H.5","10.5",5696
"SU",2001-05-15,2001,"A8","A.0","8.0",5724
"SU",2001-05-15,2001,"M.8","M.7","8.0",5725
"SU",2001-05-15,2001,"B15.","B.0","15.5",5749
"SU",2001-05-15,2001,"D.17.","D.4","17.1",5757
"SU",2001-05-15,2001,"C9.","C.1","9.4",5796
"SU",2001-05-15,2001,"A3","A.3","3.0",5803
"SU",2001-05-15,2001,"P3","O.9","3.0",5807
"SU",2001-05-15,2001,"C18","B.8","18.1",5820
"SU",2001-05-15,2001,"A19","A.2","19.0",5856
"SU",2001-05-15,2001,"E.1.","E.3","1.5",5857
"SU",2001-05-15,2001,"D9","D.0","9.0",5859
"SU",2001-05-15,2001,"-27.","-1.4","6.5",5893
"SU",2001-05-15,2001,"H.12","H.5","12.0",5898
"SU",2001-05-15,2001,"J.12","J.4","12.1",5898
"SU",2001-05-15,2001,"G3","G.0","2.8",5959
"SU",2001-05-15,2001,"J.5.","J.3","5.8",5995
"SU",2001-05-15,2001,"G5.","G.2","5.5",6050
"SU",2001-05-15,2001,"B.1","B.5","1.2",6056
"SU",2001-05-15,2001,"Q.1","Q.5","1.6",6063
"SU",2001-05-15,2001,"L10.","L.0","10.5",6069
"SU",2001-05-15,2001,"B.6","B.8","6.1",6166
"SU",2001-05-15,2001,"-2.16","-2.4","16.7",6342
"SU",2001-05-15,2001,"M4.","M.0","4.5",6495
"SU",2001-05-15,2001,"U1","U.0","1.2",6506
"SU",2001-05-15,2001,"F14","F.0","14.0",6508
"SU",2001-05-15,2001,"G.14.","G.5","14.5",6508
"SU",2001-05-15,2001,"E3.","E.1","3.4",6510
"SU",2001-05-15,2001,"O.4","O.6","4.0",6834
"SU",2001-05-15,2001,"C.4","C.4","4.0",7247
"KL",2002-05-15,2002,"-512","-5.0","12.0",5238
"KL",2002-05-15,2002,"-77","-7.0","7.0",5263
"KL",2002-05-15,2002,"K6","K.0","6.2",5267
"KL",2002-05-15,2002,"B.10.","B.6","10.5",5317
"KL",2002-05-15,2002,"-114.","-1.0","14.5",5317
"KL",2002-05-15,2002,"-613","-6.0","13.0",5339
"KL",2002-05-15,2002,"G.10.","G.1","10.5",5348
"KL",2002-05-15,2002,"C.19","C.5","19.0",5355
"KL",2002-05-15,2002,"0.2.","0.4","2.6",5360
"KL",2002-05-15,2002,"-0.12","-0.3","12.0",5362
"KL",2002-05-15,2002,"015","0.0","15.0",5364
"KL",2002-05-15,2002,"L.1","L.5","0.9",5414
"KL",2002-05-15,2002,"E1","E.0","1.3",5418
"KL",2002-05-15,2002,"D15","C.7","14.8",5422
"KL",2002-05-15,2002,"-1.8.","-1.5","8.5",5423
"KL",2002-05-15,2002,"I2.","I.1","2.6",5461
"KL",2002-05-15,2002,"-8.11","-8.5","11.0",5489
"KL",2002-05-15,2002,"F15","F.0","15.0",5513
"KL",2002-05-15,2002,"F16","F.0","15.8",5513
"KL",2002-05-15,2002,"-215","-2.0","15.0",5514
"KL",2002-05-15,2002,"E11","D.9","10.9",5515
"KL",2002-05-15,2002,"-59","-5.0","9.0",5516
"KL",2002-05-15,2002,"-0.7.","-0.6","7.5",5518
"KL",2002-05-15,2002,"H1","H.0","0.8",5526
"KL",2002-05-15,2002,"B9.","B.0","9.5",5527
"KL",2002-05-15,2002,"A8","A.0","8.0",5527
"KL",2002-05-15,2002,"B.13.","B.3","13.7",5544
"KL",2002-05-15,2002,"D.5.","D.5","5.6",5561
"KL",2002-05-15,2002,"-712","-7.0","12.0",5566
"KL",2002-05-15,2002,"04.","0.0","4.7",5575
"KL",2002-05-15,2002,"05.","0.1","5.5",5575
"KL",2002-05-15,2002,"-518","-5.0","18.0",5576
"KL",2002-05-15,2002,"D7","D.0","7.0",5578
"KL",2002-05-15,2002,"L8","L.0","8.0",5583
"KL",2002-05-15,2002,"-2.10","-2.4","9.7",5587
"KL",2002-05-15,2002,"I18","I.0","18.1",5602
"KL",2002-05-15,2002,"M.0.","M.5","0.5",5616
"KL",2002-05-15,2002,"M.1.","M.4","1.5",5616
"KL",2002-05-15,2002,"O6","O.5","6.4",5627
"KL",2002-05-15,2002,"L11","K.6","10.5",5629
"KL",2002-05-15,2002,"-27","-2.0","6.7",5674
"KL",2002-05-15,2002,"H4.","H.0","4.5",5715
"KL",2002-05-15,2002,"F6.","F.0","6.5",5717
"KL",2002-05-15,2002,"C.17","C.6","16.9",5748
"KL",2002-05-15,2002,"-414","-4.4","14.0",5750
"KL",2002-05-15,2002,"F17","F.0","17.0",5754
"KL",2002-05-15,2002,"C.9.","C.5","9.5",5755
"KL",2002-05-15,2002,"F3","E.7","2.8",5763
"KL",2002-05-15,2002,"-79","-7.0","9.0",5764
"KL",2002-05-15,2002,"-63","-6.0","3.0",5776
"KL",2002-05-15,2002,"-3.5.","-3.5","6.0",5808
"KL",2002-05-15,2002,"M.9.","M.1","9.0",5824
"KL",2002-05-15,2002,"I11","H.8","10.9",5852
"KL",2002-05-15,2002,"-312.","-3.0","12.5",5865
"KL",2002-05-15,2002,"C2.","C.0","2.5",5866
"KL",2002-05-15,2002,"J.19","J.7","19.0",5868
"KL",2002-05-15,2002,"-410","-4.5","10.5",5879
"KL",2002-05-15,2002,"H.3.","H.7","3.4",5882
"KL",2002-05-15,2002,"H6","H.3","6.2",5895
"KL",2002-05-15,2002,"I.5.","I.3","5.6",5895
"KL",2002-05-15,2002,"E4","E.0","3.5",5940
"KL",2002-05-15,2002,"F18.","F.0","18.6",5941
"KL",2002-05-15,2002,"H12","H.0","12.0",5977
"KL",2002-05-15,2002,"B7.","B.0","7.5",6035
"KL",2002-05-15,2002,"N0.","N.3","0.6",6041
"KL",2002-05-15,2002,"J14","J.0","14.0",6071
"KL",2002-05-15,2002,"-110","-1.1","10.2",6072
"KL",2002-05-15,2002,"A10.","A.1","10.5",6236
"KL",2002-05-15,2002,"-67","-6.0","7.0",6362
"KL",2002-05-15,2002,"-612","-6.5","12.0",6392
"KL",2002-05-15,2002,"-2.4.","-2.6","4.5",6617
"KL",2002-05-15,2002,"A15","A.0","15.0",6631
"KL",2002-05-15,2002,"C5","C.0","5.0",6770
"KL",2002-05-15,2002,"H15","H.0","15.0",6803
"KL",2002-05-15,2002,"G.1.","G.3","1.5",7166
"KL",2002-05-15,2002,"A5.","A.0","5.5",7609
"SU",2002-05-15,2002,"T11","S.7","11.1",5256
"SU",2002-05-15,2002,"I2.","I.3","2.3",5265
"SU",2002-05-15,2002,"J.4","J.5","4.2",5285
"SU",2002-05-15,2002,"S4","S.0","4.0",5347
"SU",2002-05-15,2002,"O11","O.0","11.0",5350
"SU",2002-05-15,2002,"U5.","U.0","5.5",5351
"SU",2002-05-15,2002,"-1.2.","-1.7","2.3",5365
"SU",2002-05-15,2002,"B1.","B.0","1.5",5378
"SU",2002-05-15,2002,"G9.","G.0","9.3",5411
"SU",2002-05-15,2002,"S6","S.2","5.7",5454
"SU",2002-05-15,2002,"E10.","D.9","10.5",5463
"SU",2002-05-15,2002,"C12","C.2","11.9",5472
"SU",2002-05-15,2002,"-2.19","-2.5","19.0",5473
"SU",2002-05-15,2002,"-219","-3.0","19.0",5473
"SU",2002-05-15,2002,"-27.","-1.4","6.5",5475
"SU",2002-05-15,2002,"0.17.","0.7","17.7",5482
"SU",2002-05-15,2002,"K.1","K.3","1.0",5483
"SU",2002-05-15,2002,"K.12","K.3","11.8",5485
"SU",2002-05-15,2002,"L.12","L.5","12.0",5485
"SU",2002-05-15,2002,"P5","P.3","5.0",5487
"SU",2002-05-15,2002,"F12","F.0","12.1",5488
"SU",2002-05-15,2002,"A6","0.7","6.0",5491
"SU",2002-05-15,2002,"O6","O.2","5.7",5492
"SU",2002-05-15,2002,"N9","N.0","9.0",5499
"SU",2002-05-15,2002,"P8.","P.0","8.5",5500
"SU",2002-05-15,2002,"Q9","Q.0","8.9",5503
"SU",2002-05-15,2002,"O16","O.2","15.9",5505
"SU",2002-05-15,2002,"N5.","N.0","5.5",5506
"SU",2002-05-15,2002,"T.7.","T.5","7.5",5507
"SU",2002-05-15,2002,"N11","N.0","11.0",5508
"SU",2002-05-15,2002,"I14.","I.0","14.5",5540
"SU",2002-05-15,2002,"Q.6","Q.8","6.0",5562
"SU",2002-05-15,2002,"J9","J.1","9.2",5563
"SU",2002-05-15,2002,"L3","K.9","2.9",5564
"SU",2002-05-15,2002,"S1","S.3","1.1",5572
"SU",2002-05-15,2002,"H.9","H.6","8.8",5580
"SU",2002-05-15,2002,"G.1","G.5","1.2",5582
"SU",2002-05-15,2002,"B.10.","B.6","10.7",5586
"SU",2002-05-15,2002,"S8","S.0","7.9",5666
"SU",2002-05-15,2002,"D.2.","D.5","2.4",5682
"SU",2002-05-15,2002,"G10.","G.0","10.4",5696
"SU",2002-05-15,2002,"H.10.","H.5","10.5",5696
"SU",2002-05-15,2002,"B.9.","B.3","9.5",5724
"SU",2002-05-15,2002,"M.8","M.7","8.0",5725
"SU",2002-05-15,2002,"B15.","B.0","15.5",5749
"SU",2002-05-15,2002,"B7.","B.2","7.6",5751
"SU",2002-05-15,2002,"D.17.","D.4","17.1",5757
"SU",2002-05-15,2002,"-119","-1.0","19.0",5757
"SU",2002-05-15,2002,"A3","A.3","3.0",5803
"SU",2002-05-15,2002,"P3","O.9","3.0",5807
"SU",2002-05-15,2002,"C18","B.8","18.1",5820
"SU",2002-05-15,2002,"A19","A.2","19.0",5856
"SU",2002-05-15,2002,"E.1.","E.3","1.5",5857
"SU",2002-05-15,2002,"K.15","K.4","15.0",5892
"SU",2002-05-15,2002,"-0.5.","-0.5","5.5",5893
"SU",2002-05-15,2002,"H.12","H.5","12.0",5898
"SU",2002-05-15,2002,"G3","G.0","2.8",5959
"SU",2002-05-15,2002,"K6.","K.0","6.5",5995
"SU",2002-05-15,2002,"G5.","G.2","5.5",6050
"SU",2002-05-15,2002,"R.2","R.5","2.0",6063
"SU",2002-05-15,2002,"L10.","L.0","10.5",6069
"SU",2002-05-15,2002,"-31","-3.0","1.0",6091
"SU",2002-05-15,2002,"B.6","B.8","6.1",6166
"SU",2002-05-15,2002,"B6","A.8","5.7",6166
"SU",2002-05-15,2002,"-2.16","-2.4","16.7",6342
"SU",2002-05-15,2002,"I6","I.1","6.4",6348
"SU",2002-05-15,2002,"M4.","M.0","4.5",6495
"SU",2002-05-15,2002,"-55","-4.4","5.0",6502
"SU",2002-05-15,2002,"T3","T.1","3.0",6506
"SU",2002-05-15,2002,"G.14.","G.5","14.5",6508
"SU",2002-05-15,2002,"E3.","E.1","3.4",6510
"SU",2002-05-15,2002,"O.4","O.6","4.0",6834
"SU",2002-05-15,2002,"C.4","C.4","4.0",7247
"SU",2002-05-15,2002,"Q11","Q.1","10.8",7385
"KL",2003-05-15,2003,"-1.6","-1.2","5.9",5593
"KL",2003-05-15,2003,"I.20.","I.6","20.3",5602
"KL",2003-05-15,2003,"H4.","H.0","4.5",5715
"KL",2003-05-15,2003,"E7","E.3","7.1",5717
"KL",2003-05-15,2003,"C.17","C.6","16.9",5748
"KL",2003-05-15,2003,"-414","-4.4","14.0",5750
"KL",2003-05-15,2003,"F17","F.0","17.0",5754
"KL",2003-05-15,2003,"C.9.","C.5","9.5",5755
"KL",2003-05-15,2003,"-215","-2.0","15.0",5762
"KL",2003-05-15,2003,"F1","F.0","0.7",5763
"KL",2003-05-15,2003,"D15","C.7","14.8",5770
"KL",2003-05-15,2003,"O1","O.0","1.0",5774
"KL",2003-05-15,2003,"L.1","L.5","0.9",5775
"KL",2003-05-15,2003,"-63","-6.0","3.0",5776
"KL",2003-05-15,2003,"-3.5.","-3.5","6.0",5808
"KL",2003-05-15,2003,"M.9.","M.1","9.0",5824
"KL",2003-05-15,2003,"K.15","K.7","14.9",5833
"KL",2003-05-15,2003,"L.15","L.6","15.0",5833
"KL",2003-05-15,2003,"-512","-5.0","12.0",5838
"KL",2003-05-15,2003,"K6","K.0","6.2",5851
"KL",2003-05-15,2003,"M.15","M.7","14.9",5853
"KL",2003-05-15,2003,"J.9","J.2","9.0",5858
"KL",2003-05-15,2003,"-312.","-3.0","12.5",5865
"KL",2003-05-15,2003,"C2.","C.0","2.5",5866
"KL",2003-05-15,2003,"J.19","J.7","19.0",5868
"KL",2003-05-15,2003,"J11","J.1","11.0",5877
"KL",2003-05-15,2003,"-410","-4.5","10.5",5879
"KL",2003-05-15,2003,"G3.","G.0","3.5",5882
"KL",2003-05-15,2003,"E11","D.9","10.9",5891
"KL",2003-05-15,2003,"H6","H.3","6.2",5895
"KL",2003-05-15,2003,"K7.","K.0","7.5",5902
"KL",2003-05-15,2003,"J1","J.0","1.0",5923
"KL",2003-05-15,2003,"J10.","I.7","10.5",5923
"KL",2003-05-15,2003,"E4","E.0","3.5",5940
"KL",2003-05-15,2003,"F18.","F.0","18.6",5941
"KL",2003-05-15,2003,"04.","0.0","4.7",5952
"KL",2003-05-15,2003,"G.10.","G.1","10.5",5977
"KL",2003-05-15,2003,"D.5.","D.5","5.6",5986
"KL",2003-05-15,2003,"B7.","B.0","7.5",6035
"KL",2003-05-15,2003,"O.2","O.5","2.0",6040
"KL",2003-05-15,2003,"-0.12","-0.3","12.0",6052
"KL",2003-05-15,2003,"-110","-1.1","10.2",6055
"KL",2003-05-15,2003,"O6","O.5","6.4",6057
"KL",2003-05-15,2003,"J14","J.0","14.0",6071
"KL",2003-05-15,2003,"-27","-2.0","6.7",6072
"KL",2003-05-15,2003,"A10.","A.1","10.5",6236
"KL",2003-05-15,2003,"M.12.","M.6","12.4",6272
"KL",2003-05-15,2003,"B.10.","B.6","10.5",6312
"KL",2003-05-15,2003,"-19.","-0.7","9.3",6343
"KL",2003-05-15,2003,"-77","-7.0","7.0",6362
"KL",2003-05-15,2003,"-612","-6.5","12.0",6392
"KL",2003-05-15,2003,"D7","D.0","7.0",6411
"KL",2003-05-15,2003,"F9","F.0","9.0",6411
"KL",2003-05-15,2003,"Q1","Q.5","0.8",6501
"KL",2003-05-15,2003,"I9","I.1","9.2",6509
"KL",2003-05-15,2003,"I2.","I.1","2.6",6523
"KL",2003-05-15,2003,"J2","J.0","2.0",6523
"KL",2003-05-15,2003,"-5.11","-5.5","11.5",6538
"KL",2003-05-15,2003,"A.3.","A.3","3.5",6617
"KL",2003-05-15,2003,"A15","A.0","15.0",6631
"KL",2003-05-15,2003,"B.5.","B.4","5.5",6770
"KL",2003-05-15,2003,"J16","J.0","16.0",6803
"KL",2003-05-15,2003,"-59","-5.0","9.0",7115
"KL",2003-05-15,2003,"H1","H.0","0.8",7166
"KL",2003-05-15,2003,"A5.","A.0","5.5",7609
"KL",2003-05-15,2003,"F6.","F.0","6.5",7827
"SU",2003-05-15,2003,"S8","S.0","7.9",5666
"SU",2003-05-15,2003,"G.1","G.5","1.2",5682
"SU",2003-05-15,2003,"G11","G.2","11.2",5696
"SU",2003-05-15,2003,"B.9.","B.3","9.5",5724
"SU",2003-05-15,2003,"L.8.","L.5","8.5",5725
"SU",2003-05-15,2003,"D15","D.1","14.8",5749
"SU",2003-05-15,2003,"B7.","B.2","7.6",5751
"SU",2003-05-15,2003,"-117","-0.9","17.0",5753
"SU",2003-05-15,2003,"D.17.","D.4","17.1",5757
"SU",2003-05-15,2003,"S4","S.0","4.0",5758
"SU",2003-05-15,2003,"F12","F.0","12.1",5766
"SU",2003-05-15,2003,"C9.","C.1","9.4",5796
"SU",2003-05-15,2003,"B.3","B.3","3.0",5803
"SU",2003-05-15,2003,"P3","O.9","3.0",5807
"SU",2003-05-15,2003,"C18","B.8","18.1",5820
"SU",2003-05-15,2003,"A19","A.2","19.0",5856
"SU",2003-05-15,2003,"E.1.","E.3","1.5",5857
"SU",2003-05-15,2003,"D9","D.0","9.0",5859
"SU",2003-05-15,2003,"K.15","K.4","15.0",5892
"SU",2003-05-15,2003,"-0.5.","-0.5","5.5",5893
"SU",2003-05-15,2003,"H.12","H.5","12.0",5898
"SU",2003-05-15,2003,"0.19","0.5","18.9",5924
"SU",2003-05-15,2003,"Q9","Q.0","8.9",5957
"SU",2003-05-15,2003,"K6.","K.0","6.5",5995
"SU",2003-05-15,2003,"G5.","G.2","5.5",6050
"SU",2003-05-15,2003,"B.1","B.5","1.2",6056
"SU",2003-05-15,2003,"F.16","F.3","16.0",6058
"SU",2003-05-15,2003,"G.16","G.5","16.0",6058
"SU",2003-05-15,2003,"R.2","R.5","2.0",6063
"SU",2003-05-15,2003,"K.12","K.3","11.8",6069
"SU",2003-05-15,2003,"-1.2.","-1.7","2.3",6091
"SU",2003-05-15,2003,"B6","A.8","5.7",6166
"SU",2003-05-15,2003,"H.9","H.6","8.8",6170
"SU",2003-05-15,2003,"C.6.","C.7","6.4",6232
"SU",2003-05-15,2003,"D.2.","D.5","2.4",6338
"SU",2003-05-15,2003,"-2.16","-2.4","16.7",6342
"SU",2003-05-15,2003,"M2","M.1","2.0",6347
"SU",2003-05-15,2003,"J.4","J.5","4.2",6348
"SU",2003-05-15,2003,"-3.17.","-3.3","17.3",6373
"SU",2003-05-15,2003,"N5.","N.0","5.5",6458
"SU",2003-05-15,2003,"M4.","M.0","4.5",6495
"SU",2003-05-15,2003,"-55","-4.4","5.0",6502
"SU",2003-05-15,2003,"U.2.","U.4","2.6",6506
"SU",2003-05-15,2003,"G.14.","G.5","14.5",6508
"SU",2003-05-15,2003,"E3.","E.1","3.4",6510
"SU",2003-05-15,2003,"-315.","-3.0","15.5",6526
"SU",2003-05-15,2003,"O.4","O.6","4.0",6834
"SU",2003-05-15,2003,"I2.","I.3","2.3",6841
"SU",2003-05-15,2003,"C.4","C.4","4.0",7247
"SU",2003-05-15,2003,"K.1","K.3","1.0",7278
"SU",2003-05-15,2003,"Q11","Q.1","10.8",7385
"SU",2003-05-15,2003,"C12","C.2","11.9",7575
"SU",2003-05-15,2003,"I14.","I.0","14.5",7643
"SU",2003-05-15,2003,"T6","T.1","6.0",7768
"SU",2003-05-15,2003,"-2.20","-2.6","20.2",8513
"KL",2004-05-15,2004,"-27","-2.0","6.7",5908
"KL",2004-05-15,2004,"J.0.","J.5","0.3",5923
"KL",2004-05-15,2004,"G3.","G.0","3.5",5940
"KL",2004-05-15,2004,"F18.","F.0","18.6",5941
"KL",2004-05-15,2004,"04.","0.0","4.7",5952
"KL",2004-05-15,2004,"G.10.","G.1","10.5",5977
"KL",2004-05-15,2004,"D.5.","D.5","5.6",5986
"KL",2004-05-15,2004,"E11","D.9","10.9",6002
"KL",2004-05-15,2004,"B7.","B.0","7.5",6035
"KL",2004-05-15,2004,"O.2","O.5","2.0",6040
"KL",2004-05-15,2004,"F1","F.0","0.7",6041
"KL",2004-05-15,2004,"K7.","K.0","7.5",6046
"KL",2004-05-15,2004,"J.9","J.2","9.0",6051
"KL",2004-05-15,2004,"-0.12","-0.3","12.0",6052
"KL",2004-05-15,2004,"-110","-1.1","10.2",6055
"KL",2004-05-15,2004,"-310","-3.0","10.0",6055
"KL",2004-05-15,2004,"O1","O.0","1.0",6057
"KL",2004-05-15,2004,"C.17","C.6","16.9",6071
"KL",2004-05-15,2004,"-2.4.","-2.6","4.5",6072
"KL",2004-05-15,2004,"I.15.","I.4","15.7",6120
"KL",2004-05-15,2004,"A10.","A.1","10.5",6236
"KL",2004-05-15,2004,"M.12.","M.6","12.4",6272
"KL",2004-05-15,2004,"B.10.","B.6","10.5",6312
"KL",2004-05-15,2004,"A8","A.0","8.0",6343
"KL",2004-05-15,2004,"-77","-7.0","7.0",6362
"KL",2004-05-15,2004,"I11","H.8","10.9",6383
"KL",2004-05-15,2004,"-612","-6.5","12.0",6392
"KL",2004-05-15,2004,"D7","D.0","7.0",6411
"KL",2004-05-15,2004,"O6","O.5","6.4",6424
"KL",2004-05-15,2004,"M.15","M.7","14.9",6500
"KL",2004-05-15,2004,"L.1","L.5","0.9",6501
"KL",2004-05-15,2004,"L11","K.6","10.5",6509
"KL",2004-05-15,2004,"B.13.","B.3","13.7",6519
"KL",2004-05-15,2004,"I2.","I.1","2.6",6523
"KL",2004-05-15,2004,"-312.","-3.0","12.5",6527
"KL",2004-05-15,2004,"K6","K.0","6.2",6529
"KL",2004-05-15,2004,"-8.11","-8.5","11.0",6532
"KL",2004-05-15,2004,"-5.11","-5.5","11.5",6538
"KL",2004-05-15,2004,"A.3.","A.3","3.5",6617
"KL",2004-05-15,2004,"A15","A.0","15.0",6631
"KL",2004-05-15,2004,"B.5.","B.4","5.5",6770
"KL",2004-05-15,2004,"J11","J.1","11.0",6803
"KL",2004-05-15,2004,"H15","H.0","15.0",6803
"KL",2004-05-15,2004,"I.20.","I.6","20.3",6868
"KL",2004-05-15,2004,"-512","-5.0","12.0",6935
"KL",2004-05-15,2004,"-414","-4.4","14.0",7091
"KL",2004-05-15,2004,"-79","-7.0","9.0",7115
"KL",2004-05-15,2004,"G.1.","G.3","1.5",7166
"KL",2004-05-15,2004,"A5.","A.0","5.5",7609
"KL",2004-05-15,2004,"F6.","F.0","6.5",7827
"KL",2004-05-15,2004,"C2.","C.0","2.5",7897
"SU",2004-05-15,2004,"Q7","Q.3","7.0",5957
"SU",2004-05-15,2004,"F12","F.0","12.1",5959
"SU",2004-05-15,2004,"K6.","K.0","6.5",5995
"SU",2004-05-15,2004,"B.1","B.5","1.2",6056
"SU",2004-05-15,2004,"R.2","R.5","2.0",6063
"SU",2004-05-15,2004,"L10.","L.0","10.5",6069
"SU",2004-05-15,2004,"-1.2.","-1.7","2.3",6091
"SU",2004-05-15,2004,"C18","B.8","18.1",6166
"SU",2004-05-15,2004,"G8","F.9","8.1",6170
"SU",2004-05-15,2004,"H.9","H.6","8.8",6170
"SU",2004-05-15,2004,"D9","D.0","9.0",6232
"SU",2004-05-15,2004,"G.1","G.5","1.2",6338
"SU",2004-05-15,2004,"-2.16.","-2.2","16.4",6342
"SU",2004-05-15,2004,"B.9.","B.3","9.5",6346
"SU",2004-05-15,2004,"M2","M.1","2.0",6347
"SU",2004-05-15,2004,"J.4","J.5","4.2",6348
"SU",2004-05-15,2004,"-218.","-2.0","18.5",6373
"SU",2004-05-15,2004,"G10.","G.0","10.4",6398
"SU",2004-05-15,2004,"N7.","M.9","7.5",6458
"SU",2004-05-15,2004,"M4.","M.0","4.5",6495
"SU",2004-05-15,2004,"-27.","-1.4","6.5",6502
"SU",2004-05-15,2004,"T3","T.1","3.0",6506
"SU",2004-05-15,2004,"G.14.","G.5","14.5",6508
"SU",2004-05-15,2004,"E3","D.9","3.0",6510
"SU",2004-05-15,2004,"-315.","-3.0","15.5",6526
"SU",2004-05-15,2004,"C.15.","C.2","15.7",6569
"SU",2004-05-15,2004,"-0.5.","-0.5","5.5",6760
"SU",2004-05-15,2004,"-3.3","-3.3","3.2",6760
"SU",2004-05-15,2004,"P3","O.9","3.0",6834
"SU",2004-05-15,2004,"I2.","I.3","2.3",6841
"SU",2004-05-15,2004,"O.4","O.6","4.0",6953
"SU",2004-05-15,2004,"-117","-0.9","17.0",7022
"SU",2004-05-15,2004,"-3.17.","-3.3","17.3",7024
"SU",2004-05-15,2004,"S4","S.0","4.0",7172
"SU",2004-05-15,2004,"C.4","C.4","4.0",7247
"SU",2004-05-15,2004,"K.1","K.3","1.0",7278
"SU",2004-05-15,2004,"Q11","Q.1","10.8",7385
"SU",2004-05-15,2004,"N5.","N.0","5.5",7387
"SU",2004-05-15,2004,"B6","A.8","5.7",7423
"SU",2004-05-15,2004,"N11","N.0","11.0",7553
"SU",2004-05-15,2004,"B.12.","B.4","12.8",7575
"SU",2004-05-15,2004,"C12","C.2","11.9",7575
"SU",2004-05-15,2004,"K.15","K.4","15.0",7643
"SU",2004-05-15,2004,"T.7.","T.5","7.5",7768
"SU",2004-05-15,2004,"E.1.","E.3","1.5",7884
"SU",2004-05-15,2004,"-2.20","-2.6","20.2",8513
"SU",2004-05-15,2004,"U16","T.3","16.8",8580
"SU",2004-05-15,2004,"T6","T.1","6.0",10296
"KL",2005-05-15,2005,"-310","-3.0","10.0",6130
"KL",2005-05-15,2005,"-0.12","-0.3","12.0",6236
"KL",2005-05-15,2005,"B7.","B.0","7.5",6271
"KL",2005-05-15,2005,"O.2","O.5","2.0",6295
"KL",2005-05-15,2005,"K7.","K.0","7.5",6313
"KL",2005-05-15,2005,"A8","A.0","8.0",6343
"KL",2005-05-15,2005,"A5.","A.0","5.5",6358
"KL",2005-05-15,2005,"I11","H.8","10.9",6383
"KL",2005-05-15,2005,"Q2","Q.0","2.0",6391
"KL",2005-05-15,2005,"H4.","H.0","4.5",6400
"KL",2005-05-15,2005,"M.12.","M.6","12.4",6405
"KL",2005-05-15,2005,"D7","D.0","7.0",6411
"KL",2005-05-15,2005,"O6","O.5","6.4",6424
"KL",2005-05-15,2005,"O1","O.0","1.0",6434
"KL",2005-05-15,2005,"L.15","L.6","15.0",6438
"KL",2005-05-15,2005,"M.15","M.7","14.9",6500
"KL",2005-05-15,2005,"L.1","L.5","0.9",6501
"KL",2005-05-15,2005,"L11","K.6","10.5",6509
"KL",2005-05-15,2005,"-8.11","-8.5","11.0",6519
"KL",2005-05-15,2005,"I2.","I.1","2.6",6523
"KL",2005-05-15,2005,"-312.","-3.0","12.5",6527
"KL",2005-05-15,2005,"H6","H.3","6.2",6529
"KL",2005-05-15,2005,"O10.","O.0","10.5",6553
"KL",2005-05-15,2005,"-2.4.","-2.6","4.5",6617
"KL",2005-05-15,2005,"A15","A.0","15.0",6631
"KL",2005-05-15,2005,"-5.11","-5.5","11.5",6770
"KL",2005-05-15,2005,"-612","-6.5","12.0",6770
"KL",2005-05-15,2005,"-512","-5.0","12.0",6935
"KL",2005-05-15,2005,"-414","-4.4","14.0",7091
"KL",2005-05-15,2005,"M.9.","M.1","9.0",7092
"KL",2005-05-15,2005,"I.15.","I.4","15.7",7148
"KL",2005-05-15,2005,"A.3.","A.3","3.5",7451
"KL",2005-05-15,2005,"F6.","F.0","6.5",7827
"KL",2005-05-15,2005,"H15","H.0","15.0",7833
"KL",2005-05-15,2005,"G.10.","G.1","10.5",7842
"KL",2005-05-15,2005,"J.19","J.7","19.0",7873
"KL",2005-05-15,2005,"C2.","C.0","2.5",7897
"KL",2005-05-15,2005,"I.20.","I.6","20.3",8384
"KL",2005-05-15,2005,"-110","-1.1","10.2",8727
"KL",2005-05-15,2005,"-38","-3.0","8.0",8729
"SU",2005-05-15,2005,"D9","D.0","9.0",6232
"SU",2005-05-15,2005,"G.1","G.5","1.2",6338
"SU",2005-05-15,2005,"B.9.","B.3","9.5",6346
"SU",2005-05-15,2005,"M2","M.1","2.0",6347
"SU",2005-05-15,2005,"U.2.","U.4","2.6",6389
"SU",2005-05-15,2005,"E9","E.0","9.0",6398
"SU",2005-05-15,2005,"N7.","M.9","7.5",6458
"SU",2005-05-15,2005,"G5.","G.2","5.5",6495
"SU",2005-05-15,2005,"E3.","E.1","3.4",6510
"SU",2005-05-15,2005,"K4","K.0","4.0",6517
"SU",2005-05-15,2005,"F.16","F.3","16.0",6528
"SU",2005-05-15,2005,"B.15","B.5","15.0",6569
"SU",2005-05-15,2005,"H.14","H.6","14.0",6666
"SU",2005-05-15,2005,"I14.","I.0","14.5",6666
"SU",2005-05-15,2005,"-0.5.","-0.5","5.5",6760
"SU",2005-05-15,2005,"I2.","I.3","2.3",6841
"SU",2005-05-15,2005,"K.15","K.4","15.0",6954
"SU",2005-05-15,2005,"-3.17.","-3.3","17.3",7024
"SU",2005-05-15,2005,"-315.","-3.0","15.5",7025
"SU",2005-05-15,2005,"D15","D.1","14.8",7135
"SU",2005-05-15,2005,"S4","S.0","4.0",7172
"SU",2005-05-15,2005,"C.4","C.4","4.0",7247
"SU",2005-05-15,2005,"J.2.","J.4","2.6",7278
"SU",2005-05-15,2005,"L10.","L.0","10.5",7312
"SU",2005-05-15,2005,"Q11","Q.1","10.8",7385
"SU",2005-05-15,2005,"N5.","N.0","5.5",7387
"SU",2005-05-15,2005,"B6","A.8","5.7",7423
"SU",2005-05-15,2005,"M.12.","M.8","12.7",7553
"SU",2005-05-15,2005,"C12","C.2","11.9",7575
"SU",2005-05-15,2005,"U.7","U.5","7.0",7584
"SU",2005-05-15,2005,"H.12","H.5","12.0",7636
"SU",2005-05-15,2005,"T6","T.1","6.0",7768
"SU",2005-05-15,2005,"R.2","R.5","2.0",7818
"SU",2005-05-15,2005,"C18","B.8","18.1",7874
"SU",2005-05-15,2005,"E.1.","E.3","1.5",7884
"SU",2005-05-15,2005,"T.7.","T.5","7.5",7950
"SU",2005-05-15,2005,"N9","N.0","9.0",8398
"SU",2005-05-15,2005,"N4","M.8","3.9",8443
"SU",2005-05-15,2005,"-2.20","-2.6","20.2",8513
"SU",2005-05-15,2005,"P8.","P.0","8.5",8579
"SU",2005-05-15,2005,"U16","T.3","16.8",8580
"SU",2005-05-15,2005,"C.6.","C.7","6.4",10120
"SU",2005-05-15,2005,"O.4","O.6","4.0",10220
"SU",2005-05-15,2005,"Q7","Q.3","7.0",10296
"SU",2005-05-15,2005,"K1.","K.0","1.7",10786
"CH",2006-05-15,2006,"T5","T.1","4.8",6558
"CH",2006-05-15,2006,"N19","N.0","18.9",6621
"CH",2006-05-15,2006,"N10","N.0","10.0",6626
"CH",2006-05-15,2006,"R13.","R.0","15.3",6630
"CH",2006-05-15,2006,"D19","D.1","18.8",6694
"CH",2006-05-15,2006,"G17.","G.0","17.3",6732
"CH",2006-05-15,2006,"P18.","P.0","18.3",6761
"CH",2006-05-15,2006,"D4","D.1","4.2",6816
"CH",2006-05-15,2006,"T10.","S.8","10.5",6836
"CH",2006-05-15,2006,"C20","C.1","20.2",6859
"CH",2006-05-15,2006,"N0.","N.2","0.5",6926
"CH",2006-05-15,2006,"I0","I.0","0.1",6931
"CH",2006-05-15,2006,"O.13.","O.6","15.7",6988
"CH",2006-05-15,2006,"R15","R.1","15.4",6997
"CH",2006-05-15,2006,"P16","P.1","16.3",7005
"CH",2006-05-15,2006,"L.18","L.5","18.1",7097
"CH",2006-05-15,2006,"J.10.","J.3","10.8",7137
"CH",2006-05-15,2006,"E.14","E.4","14.5",7146
"CH",2006-05-15,2006,"P.2","P.7","2.1",7152
"CH",2006-05-15,2006,"O.11","O.5","11.2",7160
"CH",2006-05-15,2006,"I4","I.0","4.0",7162
"CH",2006-05-15,2006,"B.5.","B.3","5.6",7179
"CH",2006-05-15,2006,"N.16.","N.8","16.5",7183
"CH",2006-05-15,2006,"A8","0.5","8.1",7189
"CH",2006-05-15,2006,"G19","G.0","18.9",7202
"CH",2006-05-15,2006,"L.1","L.5","0.9",7225
"CH",2006-05-15,2006,"C10.","C.1","10.4",7243
"CH",2006-05-15,2006,"F4","F.2","3.9",7264
"CH",2006-05-15,2006,"N1","N.0","16.6",7265
"CH",2006-05-15,2006,"G.5","G.4","5.2",7299
"CH",2006-05-15,2006,"T.15","T.9","15.0",7330
"CH",2006-05-15,2006,"D12.","D.2","12.5",7364
"CH",2006-05-15,2006,"A.1","A.4","1.0",7444
"CH",2006-05-15,2006,"E.2","E.4","2.3",7449
"CH",2006-05-15,2006,"K3.","K.1","3.6",7490
"CH",2006-05-15,2006,"R5.","Q.9","5.6",7570
"CH",2006-05-15,2006,"O7","O.9","6.9",7571
"CH",2006-05-15,2006,"T.17","T.9","17.0",7576
"CH",2006-05-15,2006,"O.9","O.4","8.7",7577
"CH",2006-05-15,2006,"S4","R.8","3.8",7610
"CH",2006-05-15,2006,"L.13.","L.7","13.8",7628
"CH",2006-05-15,2006,"L.4","L.4","4.0",7757
"CH",2006-05-15,2006,"S.12.","S.6","12.5",7758
"CH",2006-05-15,2006,"P1","P.2","1.3",7765
"CH",2006-05-15,2006,"O4.","O.3","4.6",7765
"CH",2006-05-15,2006,"L11","L.0","11.2",7834
"CH",2006-05-15,2006,"N12","N.0","12.2",7889
"CH",2006-05-15,2006,"H14","H.0","14.0",8209
"CH",2006-05-15,2006,"S.15.","S.7","15.5",8259
"CH",2006-05-15,2006,"E9","E.0","8.8",8278
"CH",2006-05-15,2006,"T9","S.8","8.8",8462
"CH",2006-05-15,2006,"C2.","C.2","2.6",8476
"CH",2006-05-15,2006,"Q20","Q.1","20.3",8505
"CH",2006-05-15,2006,"A.3.","A.4","3.3",8569
"CH",2006-05-15,2006,"B16.","B.2","16.7",8575
"CH",2006-05-15,2006,"T7.","T.2","7.2",8588
"CH",2006-05-15,2006,"R0","R.0","0.0",8589
"CH",2006-05-15,2006,"G13.","F.9","13.5",8636
"CH",2006-05-15,2006,"I.6.","I.6","6.5",8641
"CH",2006-05-15,2006,"I12","I.0","12.3",8657
"CH",2006-05-15,2006,"G.2","G.3","2.2",8693
"CH",2006-05-15,2006,"E.6","E.6","6.0",10061
"CH",2006-05-15,2006,"D7","C.8","7.0",10065
"CH",2006-05-15,2006,"H.8.","H.5","8.4",10082
"CH",2006-05-15,2006,"E1","E.1","1.1",10083
"CH",2006-05-15,2006,"C.5","C.4","5.0",10086
"CH",2006-05-15,2006,"S18","S.2","18.0",10097
"CH",2006-05-15,2006,"E.11","E.0","11.0",10105
"CH",2006-05-15,2006,"B9","B.0","9.0",10125
"CH",2006-05-15,2006,"T0","T.1","0.1",10157
"CH",2006-05-15,2006,"J12","J.0","12.0",10228
"CH",2006-05-15,2006,"L9","L.0","9.2",10316
"CH",2006-05-15,2006,"N2","M.8","2.2",10713
"KL",2006-05-15,2006,"-0.12","-0.3","12.0",6527
"KL",2006-05-15,2006,"O.5.","O.7","5.8",6553
"KL",2006-05-15,2006,"C.17","C.6","16.9",6631
"KL",2006-05-15,2006,"H9","G.8","9.0",6639
"KL",2006-05-15,2006,"-67","-6.0","7.0",6684
"KL",2006-05-15,2006,"-59","-5.0","9.0",6693
"KL",2006-05-15,2006,"-711","-7.0","11.0",6770
"KL",2006-05-15,2006,"D17.","D.3","17.4",6799
"KL",2006-05-15,2006,"E.10","E.6","10.0",6853
"KL",2006-05-15,2006,"G.18","G.5","17.9",6868
"KL",2006-05-15,2006,"0.14.","0.5","14.0",6882
"KL",2006-05-15,2006,"I2.","I.1","2.6",6889
"KL",2006-05-15,2006,"H6","H.3","6.2",6916
"KL",2006-05-15,2006,"N5.","N.1","5.8",6917
"KL",2006-05-15,2006,"-612","-6.5","12.0",6923
"KL",2006-05-15,2006,"O6","O.5","6.4",6947
"KL",2006-05-15,2006,"C12","C.2","12.0",6956
"KL",2006-05-15,2006,"D.5.","D.5","5.6",6987
"KL",2006-05-15,2006,"-110","-1.1","10.2",6991
"KL",2006-05-15,2006,"-215","-2.0","15.0",6992
"KL",2006-05-15,2006,"-811","-8.0","11.0",6993
"KL",2006-05-15,2006,"-610","-6.2","9.8",7055
"KL",2006-05-15,2006,"G3.","G.0","3.5",7083
"KL",2006-05-15,2006,"L10","K.9","9.8",7092
"KL",2006-05-15,2006,"L.1","L.5","0.9",7106
"KL",2006-05-15,2006,"-6.8","-6.5","8.0",7115
"KL",2006-05-15,2006,"-712","-7.0","12.0",7116
"KL",2006-05-15,2006,"B7.","B.0","7.5",7118
"KL",2006-05-15,2006,"0.6.","0.5","6.7",7118
"KL",2006-05-15,2006,"A.3.","A.3","3.5",7124
"KL",2006-05-15,2006,"C.9.","C.5","9.5",7125
"KL",2006-05-15,2006,"M14","L.8","13.9",7136
"KL",2006-05-15,2006,"I.15.","I.4","15.7",7148
"KL",2006-05-15,2006,"F18.","F.0","18.6",7149
"KL",2006-05-15,2006,"-77","-7.0","7.0",7166
"KL",2006-05-15,2006,"H1","H.0","0.8",7177
"KL",2006-05-15,2006,"B15.","B.1","15.5",7199
"KL",2006-05-15,2006,"O.2","O.5","2.0",7201
"KL",2006-05-15,2006,"-53","-4.9","3.3",7272
"KL",2006-05-15,2006,"-410","-4.5","10.5",7291
"KL",2006-05-15,2006,"J14","J.0","14.0",7311
"KL",2006-05-15,2006,"B2","A.9","2.0",7376
"KL",2006-05-15,2006,"L8","L.0","8.0",7390
"KL",2006-05-15,2006,"H6","H.3","6.2",7392
"KL",2006-05-15,2006,"-2.5","-2.5","5.1",7412
"KL",2006-05-15,2006,"A15","A.0","15.0",7437
"KL",2006-05-15,2006,"B.13.","B.3","13.7",7437
"KL",2006-05-15,2006,"-1.1.","-1.6","1.5",7451
"KL",2006-05-15,2006,"L.15","L.6","15.0",7603
"KL",2006-05-15,2006,"M.12.","M.6","12.4",7657
"KL",2006-05-15,2006,"G5.","G.3","5.3",7664
"KL",2006-05-15,2006,"H15","H.0","15.0",7704
"KL",2006-05-15,2006,"C.19","C.5","19.0",7796
"KL",2006-05-15,2006,"C5","C.0","5.0",7827
"KL",2006-05-15,2006,"-312","-3.0","12.5",7828
"KL",2006-05-15,2006,"F16","F.0","15.8",7829
"KL",2006-05-15,2006,"G16","G.1","16.0",7829
"KL",2006-05-15,2006,"E14.","E.0","14.6",7830
"KL",2006-05-15,2006,"M.1.","M.4","1.5",7833
"KL",2006-05-15,2006,"E13","E.0","13.0",7835
"KL",2006-05-15,2006,"F6.","F.0","6.5",7836
"KL",2006-05-15,2006,"F9","F.0","9.0",7838
"KL",2006-05-15,2006,"A8","A.0","8.0",7839
"KL",2006-05-15,2006,"G.10.","G.1","10.5",7842
"KL",2006-05-15,2006,"J.19","J.7","19.0",7873
"KL",2006-05-15,2006,"B.5.","B.4","5.5",7886
"KL",2006-05-15,2006,"C6.","C.1","6.1",7886
"KL",2006-05-15,2006,"-414","-4.4","14.0",7894
"KL",2006-05-15,2006,"C2.","C.0","2.5",7897
"KL",2006-05-15,2006,"-79","-7.0","9.0",7935
"KL",2006-05-15,2006,"J.9","J.2","9.0",8036
"KL",2006-05-15,2006,"B.10.","B.6","10.5",8277
"KL",2006-05-15,2006,"J11","J.1","11.0",8330
"KL",2006-05-15,2006,"-310","-3.0","10.0",8571
"KL",2006-05-15,2006,"-63","-6.0","3.0",8572
"KL",2006-05-15,2006,"I11.","H.3","11.6",8574
"KL",2006-05-15,2006,"H11.","H.1","11.3",8582
"KL",2006-05-15,2006,"I11","H.8","10.9",8582
"KL",2006-05-15,2006,"-613","-6.0","13.0",8592
"KL",2006-05-15,2006,"H12","H.0","12.0",8609
"KL",2006-05-15,2006,"I17.","I.0","17.3",8619
"KL",2006-05-15,2006,"K.17","K.8","17.0",8648
"KL",2006-05-15,2006,"K6","K.0","6.2",8703
"KL",2006-05-15,2006,"A10.","A.1","10.5",8727
"KL",2006-05-15,2006,"-512","-5.0","12.0",8728
"KL",2006-05-15,2006,"-27","-2.0","6.7",8729
"KL",2006-05-15,2006,"D7","D.0","7.0",8730
"KL",2006-05-15,2006,"C13","C.0","13.0",8733
"KL",2006-05-15,2006,"L11","K.6","10.5",8745
"KL",2006-05-15,2006,"F1.","F.0","1.5",10121
"KL",2006-05-15,2006,"-38","-3.0","8.0",10136
"KL",2006-05-15,2006,"-2.4.","-2.6","4.5",10137
"KL",2006-05-15,2006,"D15","C.7","14.8",10138
"KL",2006-05-15,2006,"E9.","E.0","9.5",10140
"KL",2006-05-15,2006,"G.9.","G.4","9.5",10140
"KL",2006-05-15,2006,"G20.","F.7","20.5",10145
"KL",2006-05-15,2006,"-5.11","-5.5","11.5",10146
"KL",2006-05-15,2006,"-89","-8.0","9.0",10153
"KL",2006-05-15,2006,"F.21","G.1","21.3",10161
"KL",2006-05-15,2006,"A4.","A.0","4.5",10176
"KL",2006-05-15,2006,"4","0.0","4.7",10176
"KL",2006-05-15,2006,"G.6.","G.5","6.5",10177
"KL",2006-05-15,2006,"E11","D.9","10.9",10178
"KL",2006-05-15,2006,"I.2","I.5","1.8",10181
"KL",2006-05-15,2006,"M.15","M.7","14.9",10182
"KL",2006-05-15,2006,"G.1.","G.3","1.5",10183
"KL",2006-05-15,2006,"-21","-1.9","1.0",10184
"KL",2006-05-15,2006,"I.5.","I.3","5.6",10192
"KL",2006-05-15,2006,"E.8.","E.4","8.5",10275
"KL",2006-05-15,2006,"F8","F.2","8.0",10275
"SU",2006-05-15,2006,"Q7","Q.3","7.0",6551
"SU",2006-05-15,2006,"G5.","G.2","5.5",6559
"SU",2006-05-15,2006,"S.2","S.6","2.1",6649
"SU",2006-05-15,2006,"-36","-3.0","6.0",6752
"SU",2006-05-15,2006,"-0.5.","-0.5","5.5",6752
"SU",2006-05-15,2006,"T11","S.7","11.1",6790
"SU",2006-05-15,2006,"Q4","Q.0","4.0",6798
"SU",2006-05-15,2006,"L.12","L.5","12.0",6837
"SU",2006-05-15,2006,"I2.","I.3","2.3",6841
"SU",2006-05-15,2006,"I4","I.3","3.8",6844
"SU",2006-05-15,2006,"C12","C.2","11.9",6860
"SU",2006-05-15,2006,"F12","F.0","12.1",6860
"SU",2006-05-15,2006,"O11","O.0","11.0",6942
"SU",2006-05-15,2006,"K.15","K.4","15.0",6954
"SU",2006-05-15,2006,"-31","-3.0","1.0",6960
"SU",2006-05-15,2006,"-117","-0.9","17.0",7022
"SU",2006-05-15,2006,"-3.17.","-3.3","17.3",7024
"SU",2006-05-15,2006,"-315","-3.0","15.7",7025
"SU",2006-05-15,2006,"U1","U.0","1.2",7043
"SU",2006-05-15,2006,"A6","0.7","6.0",7056
"SU",2006-05-15,2006,"A.4.","A.4","4.7",7057
"SU",2006-05-15,2006,"R.2","R.5","2.0",7068
"SU",2006-05-15,2006,"U.2.","U.4","2.6",7073
"SU",2006-05-15,2006,"G.1","G.5","1.2",7074
"SU",2006-05-15,2006,"T3","T.1","3.0",7075
"SU",2006-05-15,2006,"M4.","M.0","4.5",7076
"SU",2006-05-15,2006,"B.3","B.3","3.0",7087
"SU",2006-05-15,2006,"B.10.","B.6","10.7",7088
"SU",2006-05-15,2006,"L3","K.9","2.9",7089
"SU",2006-05-15,2006,"E.6","E.3","6.2",7090
"SU",2006-05-15,2006,"H.12","H.5","12.0",7117
"SU",2006-05-15,2006,"B6","A.8","5.7",7134
"SU",2006-05-15,2006,"C.15.","C.2","15.7",7135
"SU",2006-05-15,2006,"N4","M.8","3.9",7138
"SU",2006-05-15,2006,"S4","S.0","4.0",7172
"SU",2006-05-15,2006,"E1","E.0","0.7",7193
"SU",2006-05-15,2006,"O2.","O.1","2.3",7209
"SU",2006-05-15,2006,"C.4","C.4","4.0",7247
"SU",2006-05-15,2006,"-1.2.","-1.7","2.3",7249
"SU",2006-05-15,2006,"C.6.","C.7","6.4",7250
"SU",2006-05-15,2006,"J1","J.0","0.9",7278
"SU",2006-05-15,2006,"B7.","B.2","7.6",7306
"SU",2006-05-15,2006,"B.1","B.5","1.2",7307
"SU",2006-05-15,2006,"N5.","N.0","5.5",7312
"SU",2006-05-15,2006,"P8.","P.0","8.5",7342
"SU",2006-05-15,2006,"Q9","Q.0","8.9",7342
"SU",2006-05-15,2006,"Q.6","Q.8","6.0",7353
"SU",2006-05-15,2006,"Q11","Q.1","10.8",7385
"SU",2006-05-15,2006,"L.7","L.7","6.4",7387
"SU",2006-05-15,2006,"T6","T.1","6.0",7546
"SU",2006-05-15,2006,"N11","N.0","11.0",7553
"SU",2006-05-15,2006,"E10.","D.9","10.5",7575
"SU",2006-05-15,2006,"H.10.","H.5","10.5",7636
"SU",2006-05-15,2006,"M.12.","M.8","12.7",7643
"SU",2006-05-15,2006,"G.9","G.5","9.0",7727
"SU",2006-05-15,2006,"G9.","G.0","9.3",7727
"SU",2006-05-15,2006,"U5.","U.0","5.5",7768
"SU",2006-05-15,2006,"P3","O.9","3.0",7818
"SU",2006-05-15,2006,"N9","N.0","9.0",7831
"SU",2006-05-15,2006,"C9.","C.1","9.4",7846
"SU",2006-05-15,2006,"H.9","H.6","8.8",7847
"SU",2006-05-15,2006,"C18","B.8","18.1",7874
"SU",2006-05-15,2006,"E.1.","E.3","1.5",7884
"SU",2006-05-15,2006,"H.9.","H.5","9.6",7926
"SU",2006-05-15,2006,"T.7.","T.5","7.5",7950
"SU",2006-05-15,2006,"G.14.","G.5","14.5",8048
"SU",2006-05-15,2006,"N7.","M.9","7.5",8321
"SU",2006-05-15,2006,"M10.","M.1","10.5",8398
"SU",2006-05-15,2006,"J.4","J.5","4.2",8443
"SU",2006-05-15,2006,"-2.2","-2.6","20.3",8513
"SU",2006-05-15,2006,"S8","S.0","7.9",8579
"SU",2006-05-15,2006,"L10.","L.0","10.5",8580
"SU",2006-05-15,2006,"G3","G.0","2.8",8591
"SU",2006-05-15,2006,"Q.1","Q.5","1.6",8817
"SU",2006-05-15,2006,"H.5","H.6","5.1",10114
"SU",2006-05-15,2006,"U.7","U.5","7.0",10116
"SU",2006-05-15,2006,"D9","D.0","9.0",10120
"SU",2006-05-15,2006,"D.2.","D.5","2.4",10132
"SU",2006-05-15,2006,"E3.","E.1","3.4",10132
"SU",2006-05-15,2006,"A.1.","A.6","1.6",10133
"SU",2006-05-15,2006,"M7","M.0","7.0",10134
"SU",2006-05-15,2006,"K6.","K.0","6.5",10135
"SU",2006-05-15,2006,"R4","R.0","4.0",10139
"SU",2006-05-15,2006,"P6","P.1","6.0",10141
"SU",2006-05-15,2006,"J.10.","J.7","10.9",10160
"SU",2006-05-15,2006,"R8","R.0","8.1",10185
"SU",2006-05-15,2006,"K.8","K.5","8.0",10191
"SU",2006-05-15,2006,"P5","P.3","5.0",10220
"SU",2006-05-15,2006,"K.1","K.3","1.0",10786
"CH",2007-05-15,2007,"P.2","P.7","2.1",7152
"CH",2007-05-15,2007,"N2","M.8","2.2",7225
"CH",2007-05-15,2007,"C10.","C.1","10.4",7243
"CH",2007-05-15,2007,"F4","F.2","3.9",7264
"CH",2007-05-15,2007,"G.5","G.4","5.2",7299
"CH",2007-05-15,2007,"P16","P.1","16.3",7355
"CH",2007-05-15,2007,"D12.","D.2","12.5",7364
"CH",2007-05-15,2007,"A.1","A.4","1.0",7374
"CH",2007-05-15,2007,"C20","C.1","20.2",7393
"CH",2007-05-15,2007,"E.2","E.4","2.3",7449
"CH",2007-05-15,2007,"J.2.","J.4","2.9",7490
"CH",2007-05-15,2007,"G.11","G.7","11.2",7491
"CH",2007-05-15,2007,"Q.5.","Q.3","5.4",7570
"CH",2007-05-15,2007,"M.7","M.5","7.1",7571
"CH",2007-05-15,2007,"T.17","T.9","17.0",7576
"CH",2007-05-15,2007,"O.9","O.4","8.7",7577
"CH",2007-05-15,2007,"S4","R.8","3.8",7610
"CH",2007-05-15,2007,"D19","D.1","18.8",7614
"CH",2007-05-15,2007,"L.13.","L.7","13.8",7628
"CH",2007-05-15,2007,"C.3.","C.5","3.5",7686
"CH",2007-05-15,2007,"O2","N.9","2.2",7765
"CH",2007-05-15,2007,"L11","L.0","11.2",7834
"CH",2007-05-15,2007,"N12","N.0","12.2",7889
"CH",2007-05-15,2007,"D17.","D.2","17.4",8095
"CH",2007-05-15,2007,"O.11","O.5","11.2",8209
"CH",2007-05-15,2007,"S.15.","S.7","15.5",8259
"CH",2007-05-15,2007,"E9","E.0","8.8",8278
"CH",2007-05-15,2007,"B16.","B.2","16.7",8298
"CH",2007-05-15,2007,"J.10.","J.3","10.8",8306
"CH",2007-05-15,2007,"O.13.","O.6","15.7",8362
"CH",2007-05-15,2007,"L.4","L.4","4.0",8370
"CH",2007-05-15,2007,"D.16","D.3","16.0",8407
"CH",2007-05-15,2007,"T9","S.8","8.8",8462
"CH",2007-05-15,2007,"I0","I.0","0.1",8476
"CH",2007-05-15,2007,"A.3.","A.4","3.3",8569
"CH",2007-05-15,2007,"T5","T.1","4.8",8588
"CH",2007-05-15,2007,"R0","R.0","0.0",8589
"CH",2007-05-15,2007,"G13.","F.9","13.5",8636
"CH",2007-05-15,2007,"I.6.","I.6","6.5",8641
"CH",2007-05-15,2007,"I12","I.0","12.3",8657
"CH",2007-05-15,2007,"C8.","C.2","8.6",8681
"CH",2007-05-15,2007,"R15","R.1","15.4",8692
"CH",2007-05-15,2007,"I4","I.0","4.0",8693
"CH",2007-05-15,2007,"C0","C.0","0.0",8825
"CH",2007-05-15,2007,"E.6","E.6","6.0",10061
"CH",2007-05-15,2007,"D7","C.8","7.0",10065
"CH",2007-05-15,2007,"E1","E.1","1.1",10083
"CH",2007-05-15,2007,"C.5","C.4","5.0",10086
"CH",2007-05-15,2007,"E.11","E.0","11.0",10105
"CH",2007-05-15,2007,"A8","0.5","8.1",10125
"CH",2007-05-15,2007,"J12","J.0","12.0",10228
"CH",2007-05-15,2007,"H.8.","H.5","8.4",10239
"CH",2007-05-15,2007,"B11","B.0","11.0",10249
"CH",2007-05-15,2007,"T.15","T.9","15.0",10261
"CH",2007-05-15,2007,"K.14.","K.7","14.7",10262
"CH",2007-05-15,2007,"N10","N.0","10.0",10281
"CH",2007-05-15,2007,"S1","S.0","0.7",10291
"CH",2007-05-15,2007,"L9","L.0","9.2",10316
"CH",2007-05-15,2007,"M.0","N.0","0.0",10693
"CH",2007-05-15,2007,"N0.","N.2","0.5",10713
"KL",2007-05-15,2007,"-712","-7.0","12.0",7195
"KL",2007-05-15,2007,"-53","-4.9","3.3",7272
"KL",2007-05-15,2007,"I.15.","I.4","15.7",7311
"KL",2007-05-15,2007,"E4","E.0","3.5",7365
"KL",2007-05-15,2007,"L8","L.0","8.0",7390
"KL",2007-05-15,2007,"H6","H.3","6.2",7392
"KL",2007-05-15,2007,"C.17","C.6","16.9",7426
"KL",2007-05-15,2007,"15","0.0","15.0",7437
"KL",2007-05-15,2007,"-1.1.","-1.6","1.5",7451
"KL",2007-05-15,2007,"-5.12.","-6.0","13.0",7565
"KL",2007-05-15,2007,"B15","B.1","15.0",7593
"KL",2007-05-15,2007,"L.15","L.6","15.0",7603
"KL",2007-05-15,2007,"B7.","B.0","7.5",7609
"KL",2007-05-15,2007,"K6","K.0","6.2",7635
"KL",2007-05-15,2007,"I2.","I.1","2.6",7644
"KL",2007-05-15,2007,"M.12.","M.6","12.4",7657
"KL",2007-05-15,2007,"G.3.","G.5","3.5",7664
"KL",2007-05-15,2007,"H15","H.0","15.0",7704
"KL",2007-05-15,2007,"C.19","C.5","19.0",7796
"KL",2007-05-15,2007,"D.5.","D.5","5.6",7827
"KL",2007-05-15,2007,"-312","-3.0","12.5",7828
"KL",2007-05-15,2007,"F16","F.0","15.8",7829
"KL",2007-05-15,2007,"E14.","E.0","14.6",7830
"KL",2007-05-15,2007,"M.1.","M.4","1.5",7833
"KL",2007-05-15,2007,"E13","E.0","13.0",7835
"KL",2007-05-15,2007,"F6.","F.0","6.5",7836
"KL",2007-05-15,2007,"N.2.","N.4","2.4",7837
"KL",2007-05-15,2007,"F9","F.0","9.0",7838
"KL",2007-05-15,2007,"A8","A.0","8.0",7839
"KL",2007-05-15,2007,"D15","C.7","14.8",7840
"KL",2007-05-15,2007,"G.10.","G.1","10.5",7842
"KL",2007-05-15,2007,"J.19","J.7","19.0",7873
"KL",2007-05-15,2007,"-59","-5.0","9.0",7881
"KL",2007-05-15,2007,"B.5.","B.4","5.5",7886
"KL",2007-05-15,2007,"-414","-4.4","14.0",7894
"KL",2007-05-15,2007,"C2.","C.0","2.5",7897
"KL",2007-05-15,2007,"-79","-7.0","9.0",7935
"KL",2007-05-15,2007,"J.9","J.2","9.0",8036
"KL",2007-05-15,2007,"B.10.","B.6","10.5",8277
"KL",2007-05-15,2007,"A.3.","A.3","3.5",8297
"KL",2007-05-15,2007,"J11","J.1","11.0",8330
"KL",2007-05-15,2007,"I.20.","I.6","20.3",8384
"KL",2007-05-15,2007,"-310","-3.0","10.0",8571
"KL",2007-05-15,2007,"-63","-6.0","3.0",8572
"KL",2007-05-15,2007,"I11.","H.3","11.6",8574
"KL",2007-05-15,2007,"D.8.","D.7","8.4",8576
"KL",2007-05-15,2007,"I11","H.8","10.9",8582
"KL",2007-05-15,2007,"-612","-6.5","12.0",8592
"KL",2007-05-15,2007,"H11.","H.1","11.3",8609
"KL",2007-05-15,2007,"I17.","I.0","17.3",8619
"KL",2007-05-15,2007,"K.17","K.8","17.0",8648
"KL",2007-05-15,2007,"J.6.","J.3","6.5",8703
"KL",2007-05-15,2007,"A.10","A.5","9.9",8727
"KL",2007-05-15,2007,"-512","-5.0","12.0",8728
"KL",2007-05-15,2007,"-27","-2.0","6.7",8729
"KL",2007-05-15,2007,"D7","D.0","7.0",8730
"KL",2007-05-15,2007,"C13","C.0","13.0",8733
"KL",2007-05-15,2007,"L11","K.6","10.5",8745
"KL",2007-05-15,2007,"E1","E.0","1.3",10121
"KL",2007-05-15,2007,"O1","O.0","1.0",10131
"KL",2007-05-15,2007,"-38","-3.0","8.0",10136
"KL",2007-05-15,2007,"-2.4.","-2.6","4.5",10137
"KL",2007-05-15,2007,"-0.12","-0.3","12.0",10138
"KL",2007-05-15,2007,"H9","G.8","9.0",10140
"KL",2007-05-15,2007,"G20.","F.7","20.5",10145
"KL",2007-05-15,2007,"-5.11.","-5.5","11.5",10146
"KL",2007-05-15,2007,"F18.","F.0","18.6",10147
"KL",2007-05-15,2007,"-8.11","-8.5","11.0",10153
"KL",2007-05-15,2007,"F.21","G.1","21.3",10161
"KL",2007-05-15,2007,"-14","-1.0","4.0",10176
"KL",2007-05-15,2007,"E11","D.9","10.9",10178
"KL",2007-05-15,2007,"I.1","I.5","1.0",10181
"KL",2007-05-15,2007,"M.15","M.7","14.9",10182
"KL",2007-05-15,2007,"G.1.","G.3","1.5",10183
"KL",2007-05-15,2007,"-21","-1.9","1.0",10184
"KL",2007-05-15,2007,"I5","I.2","4.9",10192
"KL",2007-05-15,2007,"-6.8","-6.5","8.0",10212
"KL",2007-05-15,2007,"O6","O.5","6.4",10265
"KL",2007-05-15,2007,"F8","F.2","8.0",10275
"KL",2007-05-15,2007,"H1","H.0","0.8",10318
"KL",2007-05-15,2007,"-215","-2.0","15.0",10322
"KL",2007-05-15,2007,"O.2","O.5","2.0",13680
"KL",2007-05-15,2007,"K7.","K.0","7.5",13682
"SU",2007-05-15,2007,"J1","J.0","0.9",7278
"SU",2007-05-15,2007,"B.1","B.5","1.2",7307
"SU",2007-05-15,2007,"K.3","L.0","3.0",7353
"SU",2007-05-15,2007,"E3.","E.1","3.4",7407
"SU",2007-05-15,2007,"-117","-0.9","17.0",7424
"SU",2007-05-15,2007,"K.15","K.4","15.0",7553
"SU",2007-05-15,2007,"M4.","M.0","4.5",7592
"SU",2007-05-15,2007,"H.12","H.5","12.0",7636
"SU",2007-05-15,2007,"L.12","L.5","12.0",7643
"SU",2007-05-15,2007,"-0.5.","-0.5","5.5",7695
"SU",2007-05-15,2007,"-1.2.","-1.7","2.3",7695
"SU",2007-05-15,2007,"S4","S.0","4.0",7710
"SU",2007-05-15,2007,"E10.","D.9","10.5",7727
"SU",2007-05-15,2007,"U5.","U.0","5.5",7768
"SU",2007-05-15,2007,"A.4.","A.4","4.7",7774
"SU",2007-05-15,2007,"P3","O.9","3.0",7818
"SU",2007-05-15,2007,"N9","N.0","9.0",7831
"SU",2007-05-15,2007,"B.9.","B.3","9.5",7846
"SU",2007-05-15,2007,"J9","J.1","9.2",7847
"SU",2007-05-15,2007,"C18","B.8","18.1",7874
"SU",2007-05-15,2007,"B.3","B.3","3.0",7884
"SU",2007-05-15,2007,"H.9.","H.5","9.6",7926
"SU",2007-05-15,2007,"Q11","Q.1","10.8",8398
"SU",2007-05-15,2007,"J.4","J.5","4.2",8443
"SU",2007-05-15,2007,"S8","S.0","7.9",8579
"SU",2007-05-15,2007,"G3","G.0","2.8",8591
"SU",2007-05-15,2007,"C.15.","C.2","15.7",8593
"SU",2007-05-15,2007,"C.6.","C.7","6.4",8644
"SU",2007-05-15,2007,"G5.","G.2","5.5",8644
"SU",2007-05-15,2007,"R.2","R.5","2.0",8817
"SU",2007-05-15,2007,"H.5","H.6","5.1",10114
"SU",2007-05-15,2007,"U.7","U.5","7.0",10116
"SU",2007-05-15,2007,"D9","D.0","9.0",10120
"SU",2007-05-15,2007,"G8","F.9","8.1",10135
"SU",2007-05-15,2007,"I2.","I.3","2.3",10139
"SU",2007-05-15,2007,"J.10.","J.7","10.9",10160
"SU",2007-05-15,2007,"K.8","K.5","8.0",10191
"SU",2007-05-15,2007,"C12","C.2","11.9",10240
"SU",2007-05-15,2007,"Q7","Q.3","7.0",10296
"SU",2007-05-15,2007,"G.14.","G.5","14.5",10358
"SU",2007-05-15,2007,"-3.17.","-3.3","17.3",10359
"CH",2008-05-15,2008,"S11","S.0","11.0",7936
"CH",2008-05-15,2008,"D19","D.1","18.8",8227
"CH",2008-05-15,2008,"C.14.","C.7","14.6",8238
"CH",2008-05-15,2008,"S.15.","S.7","15.5",8259
"CH",2008-05-15,2008,"E9","E.0","8.8",8278
"CH",2008-05-15,2008,"I12","I.0","12.3",8283
"CH",2008-05-15,2008,"A15","-1.2","15.0",8298
"CH",2008-05-15,2008,"J.10.","J.3","10.8",8306
"CH",2008-05-15,2008,"R17.","Q.7","19.6",8313
"CH",2008-05-15,2008,"O.11","O.5","11.2",8362
"CH",2008-05-15,2008,"L.4","L.4","4.0",8370
"CH",2008-05-15,2008,"D.16","D.3","16.0",8407
"CH",2008-05-15,2008,"E.2","E.4","2.3",8476
"CH",2008-05-15,2008,"Q20","Q.1","20.3",8505
"CH",2008-05-15,2008,"N12","N.0","12.2",8506
"CH",2008-05-15,2008,"A.3.","A.4","3.3",8569
"CH",2008-05-15,2008,"S4","R.8","3.8",8588
"CH",2008-05-15,2008,"R0","R.0","0.0",8589
"CH",2008-05-15,2008,"T.17","T.9","17.0",8596
"CH",2008-05-15,2008,"G15","F.9","15.0",8636
"CH",2008-05-15,2008,"I.6.","I.6","6.5",8641
"CH",2008-05-15,2008,"H.13.","H.4","13.6",8657
"CH",2008-05-15,2008,"I.15","I.7","15.0",8657
"CH",2008-05-15,2008,"L.17","L.5","17.0",8664
"CH",2008-05-15,2008,"F4","F.2","3.9",8669
"CH",2008-05-15,2008,"C.3.","C.5","3.5",8672
"CH",2008-05-15,2008,"D17.","D.2","17.4",8673
"CH",2008-05-15,2008,"C8.","C.2","8.6",8681
"CH",2008-05-15,2008,"R13.","R.0","15.3",8692
"CH",2008-05-15,2008,"I4","I.0","4.0",8693
"CH",2008-05-15,2008,"G.11","G.7","11.2",8701
"CH",2008-05-15,2008,"D12.","D.2","12.5",8708
"CH",2008-05-15,2008,"C.0","C.1","0.0",8825
"CH",2008-05-15,2008,"G.5","G.4","5.2",10061
"CH",2008-05-15,2008,"T7.","T.2","7.2",10062
"CH",2008-05-15,2008,"D7","C.8","7.0",10065
"CH",2008-05-15,2008,"G.9","G.4","9.0",10082
"CH",2008-05-15,2008,"E1","E.1","1.1",10083
"CH",2008-05-15,2008,"B.5.","B.3","5.6",10086
"CH",2008-05-15,2008,"E.11","E.0","11.0",10105
"CH",2008-05-15,2008,"A8.","A.0","8.7",10125
"CH",2008-05-15,2008,"T1","T.0","1.3",10157
"CH",2008-05-15,2008,"L11","L.0","11.2",10158
"CH",2008-05-15,2008,"I0","I.0","0.1",10201
"CH",2008-05-15,2008,"O.9","O.4","8.7",10228
"CH",2008-05-15,2008,"H.8.","H.5","8.4",10239
"CH",2008-05-15,2008,"C10.","C.1","10.4",10249
"CH",2008-05-15,2008,"T.15","T.9","15.0",10261
"CH",2008-05-15,2008,"K.14.","K.7","14.7",10262
"CH",2008-05-15,2008,"T.13","J.5","13.1",10264
"CH",2008-05-15,2008,"Q.5.","Q.3","5.4",10280
"CH",2008-05-15,2008,"N10","N.0","10.0",10281
"CH",2008-05-15,2008,"S1","S.0","0.7",10291
"CH",2008-05-15,2008,"B1","B.2","1.0",10379
"CH",2008-05-15,2008,"C1.","C.2","1.5",10380
"CH",2008-05-15,2008,"N19","N.0","18.9",10396
"CH",2008-05-15,2008,"T.3.","T.4","3.4",10639
"CH",2008-05-15,2008,"B11","B.0","11.0",10664
"CH",2008-05-15,2008,"R.10","R.5","10.2",10687
"CH",2008-05-15,2008,"G19","G.0","18.9",10692
"CH",2008-05-15,2008,"L.1","L.5","0.9",10693
"CH",2008-05-15,2008,"Q.19.","Q.8","19.8",10694
"CH",2008-05-15,2008,"L.13.","L.7","13.8",10695
"CH",2008-05-15,2008,"P1","P.2","1.3",10696
"CH",2008-05-15,2008,"O1","O.1","1.1",10697
"CH",2008-05-15,2008,"N3.","N.0","3.7",10711
"CH",2008-05-15,2008,"P.2","P.7","2.1",10713
"CH",2008-05-15,2008,"O.13.","O.6","15.7",10743
"CH",2008-05-15,2008,"N2","M.8","2.2",10744
"CH",2008-05-15,2008,"K1.","J.9","1.5",11175
"CH",2008-05-15,2008,"K19.","K.3","19.5",12300
"CH",2008-05-15,2008,"G13.","F.9","13.5",13164
"CH",2008-05-15,2008,"O4.","O.3","4.6",13665
"CH",2008-05-15,2008,"A.1","A.4","1.0",13671
"CH",2008-05-15,2008,"E.6","E.6","6.0",13676
"CH",2008-05-15,2008,"F7","F.0","7.0",13677
"CH",2008-05-15,2008,"G.2","G.3","2.2",13678
"CH",2008-05-15,2008,"M.7","M.5","7.1",13685
"CH",2008-05-15,2008,"A6.","0.7","6.3",13686
"CH",2008-05-15,2008,"J.2.","J.4","2.9",13693
"KL",2008-05-15,2008,"0.2.","0.4","2.6",8297
"KL",2008-05-15,2008,"J11","J.1","11.0",8330
"KL",2008-05-15,2008,"I.20.","I.6","20.3",8384
"KL",2008-05-15,2008,"M14","L.8","13.9",8385
"KL",2008-05-15,2008,"J.9","J.2","9.0",8413
"KL",2008-05-15,2008,"N.2.","N.4","2.4",8483
"KL",2008-05-15,2008,"-310","-3.0","10.0",8571
"KL",2008-05-15,2008,"-63","-6.0","3.0",8572
"KL",2008-05-15,2008,"I11.","H.3","11.6",8574
"KL",2008-05-15,2008,"15","0.0","15.0",8576
"KL",2008-05-15,2008,"I11","H.8","10.9",8582
"KL",2008-05-15,2008,"-612","-6.5","12.0",8592
"KL",2008-05-15,2008,"H12","H.0","12.0",8609
"KL",2008-05-15,2008,"F16","F.0","15.8",8619
"KL",2008-05-15,2008,"K.17","K.8","17.0",8648
"KL",2008-05-15,2008,"B7.","B.0","7.5",8680
"KL",2008-05-15,2008,"J.6.","J.3","6.5",8703
"KL",2008-05-15,2008,"A10.","A.1","10.5",8727
"KL",2008-05-15,2008,"-512","-5.0","12.0",8728
"KL",2008-05-15,2008,"-27","-2.0","6.7",8729
"KL",2008-05-15,2008,"D7","D.0","7.0",8730
"KL",2008-05-15,2008,"-711","-7.0","11.0",8732
"KL",2008-05-15,2008,"C13","C.0","13.0",8733
"KL",2008-05-15,2008,"L11","K.6","10.5",8745
"KL",2008-05-15,2008,"H1","H.0","0.8",10050
"KL",2008-05-15,2008,"E1","E.0","1.3",10121
"KL",2008-05-15,2008,"P1","P.1","0.5",10131
"KL",2008-05-15,2008,"A8","A.0","8.0",10136
"KL",2008-05-15,2008,"-2.4.","-2.6","4.5",10137
"KL",2008-05-15,2008,"-0.12","-0.3","12.0",10138
"KL",2008-05-15,2008,"M.12.","M.6","12.4",10140
"KL",2008-05-15,2008,"C.19","C.5","19.0",10145
"KL",2008-05-15,2008,"-5.11.","-5.5","11.5",10146
"KL",2008-05-15,2008,"F18.","F.0","18.6",10147
"KL",2008-05-15,2008,"-8.11","-8.5","11.0",10153
"KL",2008-05-15,2008,"F.21","G.1","21.3",10161
"KL",2008-05-15,2008,"4","0.0","4.7",10176
"KL",2008-05-15,2008,"H6","H.3","6.2",10177
"KL",2008-05-15,2008,"E11","D.9","10.9",10178
"KL",2008-05-15,2008,"I2.","I.1","2.6",10181
"KL",2008-05-15,2008,"M.15","M.7","14.9",10182
"KL",2008-05-15,2008,"B2","A.9","2.0",10183
"KL",2008-05-15,2008,"-1.1.","-1.6","1.5",10184
"KL",2008-05-15,2008,"I5","I.2","4.9",10192
"KL",2008-05-15,2008,"-59","-5.0","9.0",10212
"KL",2008-05-15,2008,"O6","O.5","6.4",10265
"KL",2008-05-15,2008,"-77","-7.0","7.0",10273
"KL",2008-05-15,2008,"-712","-7.0","12.0",10274
"KL",2008-05-15,2008,"F8","F.2","8.0",10275
"KL",2008-05-15,2008,"E13","E.0","13.0",10285
"KL",2008-05-15,2008,"-410","-4.5","10.5",10317
"KL",2008-05-15,2008,"F1","F.0","0.7",10318
"KL",2008-05-15,2008,"-312","-3.0","12.5",10322
"KL",2008-05-15,2008,"G3.","G.0","3.5",10341
"KL",2008-05-15,2008,"G.1.","G.3","1.5",10342
"KL",2008-05-15,2008,"-414","-4.4","14.0",10369
"KL",2008-05-15,2008,"-79","-7.0","9.0",10370
"KL",2008-05-15,2008,"L8","L.0","8.0",10374
"KL",2008-05-15,2008,"L.1","L.5","0.9",10375
"KL",2008-05-15,2008,"N6","N.0","6.0",10376
"KL",2008-05-15,2008,"G.10.","G.1","10.5",10377
"KL",2008-05-15,2008,"-53","-4.9","3.3",10391
"KL",2008-05-15,2008,"D3.","D.0","3.5",10408
"KL",2008-05-15,2008,"O1","O.0","1.0",10410
"KL",2008-05-15,2008,"Q2","Q.0","2.0",10411
"KL",2008-05-15,2008,"B.5.","B.4","5.5",10642
"KL",2008-05-15,2008,"L10","K.9","9.8",10686
"KL",2008-05-15,2008,"-215","-2.0","15.0",10722
"KL",2008-05-15,2008,"J.19","J.7","19.0",10724
"KL",2008-05-15,2008,"I.15.","I.4","15.7",10725
"KL",2008-05-15,2008,"D.5.","D.5","5.6",10748
"KL",2008-05-15,2008,"E14.","E.0","14.6",10760
"KL",2008-05-15,2008,"E10","E.0","9.9",11161
"KL",2008-05-15,2008,"-38","-3.0","8.0",11162
"KL",2008-05-15,2008,"O.2","O.5","2.0",13680
"KL",2008-05-15,2008,"K7.","K.0","7.5",13682
"SU",2008-05-15,2008,"N7.","M.9","7.5",8321
"SU",2008-05-15,2008,"L.12","L.5","12.0",8398
"SU",2008-05-15,2008,"-36","-3.0","6.0",8404
"SU",2008-05-15,2008,"K4","K.0","4.0",8443
"SU",2008-05-15,2008,"C.4","C.4","4.0",8496
"SU",2008-05-15,2008,"-2.2","-2.6","20.3",8513
"SU",2008-05-15,2008,"S8","S.0","7.9",8579
"SU",2008-05-15,2008,"L10.","L.0","10.5",8580
"SU",2008-05-15,2008,"G3","G.0","2.8",8591
"SU",2008-05-15,2008,"C.15.","C.2","15.7",8593
"SU",2008-05-15,2008,"G9.","G.0","9.3",8597
"SU",2008-05-15,2008,"J9","J.1","9.2",8603
"SU",2008-05-15,2008,"T6","T.1","6.0",8633
"SU",2008-05-15,2008,"G5.","G.2","5.5",8644
"SU",2008-05-15,2008,"Q9","Q.0","8.9",7831
"SU",2008-05-15,2008,"D15","D.1","14.8",8714
"SU",2008-05-15,2008,"R.2","R.5","2.0",8817
"SU",2008-05-15,2008,"H.5","H.6","5.1",10114
"SU",2008-05-15,2008,"M4.","M.0","4.5",10115
"SU",2008-05-15,2008,"U.7","U.5","7.0",10116
"SU",2008-05-15,2008,"D9","D.0","9.0",10120
"SU",2008-05-15,2008,"P3","O.9","3.0",10132
"SU",2008-05-15,2008,"-21","-2.0","1.0",10133
"SU",2008-05-15,2008,"K.8","K.5","8.0",10134
"SU",2008-05-15,2008,"G8","F.9","8.1",10135
"SU",2008-05-15,2008,"J.2.","J.4","2.6",10139
"SU",2008-05-15,2008,"C.6.","C.7","6.4",10141
"SU",2008-05-15,2008,"J.10.","J.7","10.9",10160
"SU",2008-05-15,2008,"B.1","B.5","1.2",10185
"SU",2008-05-15,2008,"K6.","K.0","6.5",10191
"SU",2008-05-15,2008,"P5","P.3","5.0",10220
"SU",2008-05-15,2008,"C12","C.2","11.9",10240
"SU",2008-05-15,2008,"E.1.","E.3","1.5",10271
"SU",2008-05-15,2008,"Q7","Q.3","7.0",10296
"SU",2008-05-15,2008,"K.15","K.4","15.0",10325
"SU",2008-05-15,2008,"Q11","Q.1","10.8",10343
"SU",2008-05-15,2008,"E.11.","E.2","11.6",10358
"SU",2008-05-15,2008,"-3.17.","-3.3","17.3",10359
"SU",2008-05-15,2008,"A6","0.7","6.0",10361
"SU",2008-05-15,2008,"I14.","I.0","14.5",10362
"SU",2008-05-15,2008,"-117","-0.9","17.0",10404
"SU",2008-05-15,2008,"L.14","L.6","13.9",10405
"SU",2008-05-15,2008,"-1.2.","-1.7","2.3",10474
"SU",2008-05-15,2008,"O2.","O.1","2.3",10572
"SU",2008-05-15,2008,"-55","-4.4","5.0",10638
"SU",2008-05-15,2008,"T3","T.1","3.0",10657
"SU",2008-05-15,2008,"G.1","G.5","1.2",16199
"SU",2008-05-15,2008,"A.15.","A.5","15.6",10661
"SU",2008-05-15,2008,"G.14.","G.5","14.5",10662
"SU",2008-05-15,2008,"B.3","B.3","3.0",10663
"SU",2008-05-15,2008,"A19","A.2","19.0",10735
"SU",2008-05-15,2008,"O11","O.0","11.0",10747
"SU",2008-05-15,2008,"K1.","K.0","1.7",10786
"SU",2008-05-15,2008,"T.7.","T.5","7.5",11999
"SU",2008-05-15,2008,"B.10.","B.6","10.7",13656
"SU",2008-05-15,2008,"-2.19","-2.5","19.0",13657
"SU",2008-05-15,2008,"C18","B.8","18.1",13658
"SU",2008-05-15,2008,"H.12","H.5","12.0",13664
"SU",2008-05-15,2008,"B7.","B.2","7.6",13666
"SU",2008-05-15,2008,"N5.","N.0","5.5",13667
"CH",2009-05-15,2009,"L11","L.0","11.2",7834
"CH",2009-05-15,2009,"G.5","G.4","5.2",10061
"CH",2009-05-15,2009,"T7.","T.2","7.2",10062
"CH",2009-05-15,2009,"D7","C.8","7.0",10065
"CH",2009-05-15,2009,"E1","E.1","1.1",10083
"CH",2009-05-15,2009,"B.5.","B.3","5.6",10086
"CH",2009-05-15,2009,"I0","I.0","0.1",10201
"CH",2009-05-15,2009,"O.9","O.4","8.7",10228
"CH",2009-05-15,2009,"C10.","C.1","10.4",10249
"CH",2009-05-15,2009,"T.15","T.9","15.0",10261
"CH",2009-05-15,2009,"I12","I.0","12.3",10262
"CH",2009-05-15,2009,"T.13","J.5","13.1",10264
"CH",2009-05-15,2009,"Q.5.","Q.3","5.4",10280
"CH",2009-05-15,2009,"N10","N.0","10.0",10281
"CH",2009-05-15,2009,"S1","S.0","0.7",10291
"CH",2009-05-15,2009,"L9","L.0","9.2",10316
"CH",2009-05-15,2009,"C.0","C.1","0.0",10379
"CH",2009-05-15,2009,"C2.","C.2","2.6",10380
"CH",2009-05-15,2009,"H.8.","H.5","8.4",10475
"CH",2009-05-15,2009,"K3.","K.1","3.6",10537
"CH",2009-05-15,2009,"O.11","O.5","11.2",10543
"CH",2009-05-15,2009,"T.17","T.9","17.0",10602
"CH",2009-05-15,2009,"N12","N.0","12.2",10607
"CH",2009-05-15,2009,"F4","F.2","3.9",10609
"CH",2009-05-15,2009,"B11","B.0","11.0",10664
"CH",2009-05-15,2009,"L.1","L.5","0.9",10693
"CH",2009-05-15,2009,"Q3","P.3","3.3",10711
"CH",2009-05-15,2009,"N0.","N.2","0.5",10713
"CH",2009-05-15,2009,"N2","M.8","2.2",10744
"CH",2009-05-15,2009,"R0","R.0","0.0",10814
"CH",2009-05-15,2009,"A.3.","A.4","3.3",10816
"CH",2009-05-15,2009,"S.15.","S.7","15.5",11170
"CH",2009-05-15,2009,"R15","R.1","15.4",11173
"CH",2009-05-15,2009,"S4","R.8","3.8",11174
"CH",2009-05-15,2009,"I4","I.0","4.0",11178
"CH",2009-05-15,2009,"I.6.","I.6","6.5",11179
"CH",2009-05-15,2009,"L.13.","L.7","13.8",11182
"CH",2009-05-15,2009,"G.11","G.7","11.2",11194
"CH",2009-05-15,2009,"E.2","E.4","2.3",11486
"CH",2009-05-15,2009,"C.3.","C.5","3.5",11978
"CH",2009-05-15,2009,"G13.","F.9","13.5",13164
"CH",2009-05-15,2009,"O4.","O.3","4.6",13665
"CH",2009-05-15,2009,"A.1","A.4","1.0",13671
"CH",2009-05-15,2009,"F6","F.0","0.0",13676
"CH",2009-05-15,2009,"E.11","E.0","11.0",13677
"CH",2009-05-15,2009,"G.2","G.3","2.2",13678
"CH",2009-05-15,2009,"E9","E.0","8.8",13679
"CH",2009-05-15,2009,"A6.","0.7","6.3",13686
"CH",2009-05-15,2009,"J.2.","J.4","2.9",13693
"KL",2009-05-15,2009,"L11","K.6","10.5",8745
"KL",2009-05-15,2009,"H1","H.0","0.8",10050
"KL",2009-05-15,2009,"E1","E.0","1.3",10121
"KL",2009-05-15,2009,"A8","A.0","8.0",10136
"KL",2009-05-15,2009,"-2.4.","-2.6","4.5",10137
"KL",2009-05-15,2009,"-0.12","-0.3","12.0",10138
"KL",2009-05-15,2009,"M.12.","M.6","12.4",10140
"KL",2009-05-15,2009,"G20.","F.7","20.5",10145
"KL",2009-05-15,2009,"-5.11.","-5.5","11.5",10146
"KL",2009-05-15,2009,"F18.","F.0","18.6",10147
"KL",2009-05-15,2009,"-8.11","-8.5","11.0",10153
"KL",2009-05-15,2009,"F.21","G.1","21.3",10161
"KL",2009-05-15,2009,"H6","H.3","6.2",10177
"KL",2009-05-15,2009,"B.10.","B.6","10.5",10178
"KL",2009-05-15,2009,"I2.","I.1","2.6",10181
"KL",2009-05-15,2009,"M.15","M.7","14.9",10182
"KL",2009-05-15,2009,"C2.","C.0","2.5",10183
"KL",2009-05-15,2009,"-1.1.","-1.6","1.5",10184
"KL",2009-05-15,2009,"-59","-5.0","9.0",10212
"KL",2009-05-15,2009,"O6","O.5","6.4",10265
"KL",2009-05-15,2009,"-77","-7.0","7.0",10273
"KL",2009-05-15,2009,"F8","F.2","8.0",10275
"KL",2009-05-15,2009,"H12","H.0","12.0",10285
"KL",2009-05-15,2009,"-310","-3.0","10.0",10317
"KL",2009-05-15,2009,"F1","F.0","0.7",10318
"KL",2009-05-15,2009,"-312","-3.0","12.5",10322
"KL",2009-05-15,2009,"G3.","G.0","3.5",10341
"KL",2009-05-15,2009,"G.1.","G.3","1.5",10342
"KL",2009-05-15,2009,"-79","-7.0","9.0",10370
"KL",2009-05-15,2009,"L8","L.0","8.0",10374
"KL",2009-05-15,2009,"L.1","L.5","0.9",10375
"KL",2009-05-15,2009,"K6","K.0","6.2",10376
"KL",2009-05-15,2009,"G.10.","G.1","10.5",10377
"KL",2009-05-15,2009,"-63","-6.0","3.0",10391
"KL",2009-05-15,2009,"D3.","D.0","3.5",10408
"KL",2009-05-15,2009,"-414","-4.4","14.0",10461
"KL",2009-05-15,2009,"N.2.","N.4","2.4",10517
"KL",2009-05-15,2009,"C13","C.0","13.0",10531
"KL",2009-05-15,2009,"015","0.0","15.0",10579
"KL",2009-05-15,2009,"-512","-5.0","12.0",10588
"KL",2009-05-15,2009,"B.5.","B.4","5.5",10642
"KL",2009-05-15,2009,"L10","K.9","9.8",10686
"KL",2009-05-15,2009,"J.19","J.7","19.0",10724
"KL",2009-05-15,2009,"H15","H.0","15.0",10725
"KL",2009-05-15,2009,"D.5.","D.5","5.6",10748
"KL",2009-05-15,2009,"G.18","G.5","17.9",10754
"KL",2009-05-15,2009,"-215","-2.0","15.0",10759
"KL",2009-05-15,2009,"E14.","E.0","14.6",10760
"KL",2009-05-15,2009,"-712","-7.0","12.0",10818
"KL",2009-05-15,2009,"I.15.","I.4","15.7",10828
"KL",2009-05-15,2009,"I5","I.2","4.9",10829
"KL",2009-05-15,2009,"C.17","C.6","16.9",11160
"KL",2009-05-15,2009,"D7","D.0","7.0",11161
"KL",2009-05-15,2009,"-1.8.","-1.5","8.5",11162
"KL",2009-05-15,2009,"04","0.0","4.7",11171
"KL",2009-05-15,2009,"K7.","K.0","7.5",11176
"KL",2009-05-15,2009,"J1","J.0","1.0",11177
"KL",2009-05-15,2009,"O.2","O.5","2.0",11181
"KL",2009-05-15,2009,"J11","J.1","11.0",11201
"KL",2009-05-15,2009,"I11","H.8","10.9",11203
"KL",2009-05-15,2009,"O1","O.0","1.0",11489
"KL",2009-05-15,2009,"B15.","B.1","15.5",11882
"SU",2009-05-15,2009,"G.1","G.5","1.2",10114
"SU",2009-05-15,2009,"M4.","M.0","4.5",10115
"SU",2009-05-15,2009,"U.7","U.5","7.0",10116
"SU",2009-05-15,2009,"D9","D.0","9.0",10120
"SU",2009-05-15,2009,"A3","A.3","3.0",10133
"SU",2009-05-15,2009,"G8","F.9","8.1",10135
"SU",2009-05-15,2009,"C.6.","C.7","6.4",10141
"SU",2009-05-15,2009,"J.10.","J.7","10.9",10160
"SU",2009-05-15,2009,"B.1","B.5","1.2",10185
"SU",2009-05-15,2009,"K6.","K.0","6.5",10191
"SU",2009-05-15,2009,"P5","P.3","5.0",10220
"SU",2009-05-15,2009,"E.1.","E.3","1.5",10271
"SU",2009-05-15,2009,"K.8","K.5","8.0",10325
"SU",2009-05-15,2009,"Q11","Q.1","10.8",10343
"SU",2009-05-15,2009,"E11.","E.0","11.5",10358
"SU",2009-05-15,2009,"-3.17.","-3.3","17.3",10359
"SU",2009-05-15,2009,"-36","-3.0","6.0",10361
"SU",2009-05-15,2009,"I14.","I.0","14.5",10362
"SU",2009-05-15,2009,"-117","-0.9","17.0",10404
"SU",2009-05-15,2009,"O11","O.0","11.0",10405
"SU",2009-05-15,2009,"-1.2.","-1.7","2.3",10474
"SU",2009-05-15,2009,"P3","O.9","3.0",10572
"SU",2009-05-15,2009,"T3","T.1","3.0",10657
"SU",2009-05-15,2009,"B.15","B.5","15.0",10661
"SU",2009-05-15,2009,"G.14.","G.5","14.5",10662
"SU",2009-05-15,2009,"A19","A.2","19.0",10735
"SU",2009-05-15,2009,"K.1","K.3","1.0",10786
"SU",2009-05-15,2009,"T.7.","T.5","7.5",11999
"SU",2009-05-15,2009,"B.10.","B.6","10.7",13656
"SU",2009-05-15,2009,"-2.19","-2.5","19.0",13657
"SU",2009-05-15,2009,"C18","B.8","18.1",13658
"SU",2009-05-15,2009,"H.12","H.5","12.0",13664
"SU",2009-05-15,2009,"B7.","B.2","7.6",13666
"SU",2009-05-15,2009,"N5.","N.0","5.5",13667
"CH",2010-05-15,2010,"E1","E.1","1.1",10083
"CH",2010-05-15,2010,"I0","I.0","0.1",10201
"CH",2010-05-15,2010,"O.9","O.4","8.7",10228
"CH",2010-05-15,2010,"R13.","R.0","15.3",10264
"CH",2010-05-15,2010,"O4.","O.3","4.6",10280
"CH",2010-05-15,2010,"S1","S.0","0.7",10291
"CH",2010-05-15,2010,"S.12.","S.6","12.5",10473
"CH",2010-05-15,2010,"S.15.","S.7","15.5",10602
"CH",2010-05-15,2010,"O.11","O.5","11.2",10607
"CH",2010-05-15,2010,"L.4","L.4","4.0",10711
"CH",2010-05-15,2010,"N.16.","N.8","16.5",10743
"CH",2010-05-15,2010,"N2","M.8","2.2",10744
"CH",2010-05-15,2010,"N0.","N.2","0.5",10813
"CH",2010-05-15,2010,"R0","R.0","0.0",10814
"CH",2010-05-15,2010,"N10","N.0","10.0",10945
"CH",2010-05-15,2010,"I4","I.0","4.0",10955
"CH",2010-05-15,2010,"N12","N.0","12.2",10985
"CH",2010-05-15,2010,"T.15","T.9","15.0",11173
"CH",2010-05-15,2010,"S4","R.8","3.8",11174
"CH",2010-05-15,2010,"I.6.","I.6","6.5",11179
"CH",2010-05-15,2010,"K.14.","K.7","14.7",11182
"CH",2010-05-15,2010,"G.11","G.7","11.2",11194
"CH",2010-05-15,2010,"G13.","F.9","13.5",11194
"CH",2010-05-15,2010,"G.5","G.4","5.2",11339
"CH",2010-05-15,2010,"A.3.","A.4","3.3",11482
"CH",2010-05-15,2010,"C2.","C.2","2.6",11483
"CH",2010-05-15,2010,"E.2","E.4","2.3",11486
"CH",2010-05-15,2010,"F6.","F.2","6.8",11496
"CH",2010-05-15,2010,"S18","S.2","18.0",11519
"CH",2010-05-15,2010,"B11","B.0","11.0",11521
"CH",2010-05-15,2010,"C8.","C.2","8.6",11522
"CH",2010-05-15,2010,"O7.","O.2","7.5",11523
"CH",2010-05-15,2010,"C8.","C.2","8.6",11524
"CH",2010-05-15,2010,"C3.","C.0","3.4",11978
"CH",2010-05-15,2010,"C.5","C.4","5.0",11978
"CH",2010-05-15,2010,"L11","L.0","11.2",12884
"CH",2010-05-15,2010,"E.11","E.0","11.0",13164
"CH",2010-05-15,2010,"F6","F.0","0.0",13676
"CH",2010-05-15,2010,"C10.","C.1","10.4",13677
"CH",2010-05-15,2010,"G.2","G.3","2.2",13678
"KL",2010-05-15,2010,"C2.","C.0","2.5",8760
"KL",2010-05-15,2010,"F18.","F.0","18.6",10147
"KL",2010-05-15,2010,"-8.11","-8.5","11.0",10153
"KL",2010-05-15,2010,"F.21","G.1","21.3",10161
"KL",2010-05-15,2010,"H6","H.3","6.2",10177
"KL",2010-05-15,2010,"M.15","M.7","14.9",10182
"KL",2010-05-15,2010,"-59","-5.0","9.0",10212
"KL",2010-05-15,2010,"-79","-7.0","9.0",10273
"KL",2010-05-15,2010,"F8","F.2","8.0",10275
"KL",2010-05-15,2010,"F.1","F.6","1.0",10318
"KL",2010-05-15,2010,"G.1.","G.3","1.5",10342
"KL",2010-05-15,2010,"N9","M.5","7.8",10374
"KL",2010-05-15,2010,"L.1","L.5","0.9",10375
"KL",2010-05-15,2010,"-63","-6.0","3.0",10391
"KL",2010-05-15,2010,"-414","-4.4","14.0",10461
"KL",2010-05-15,2010,"H12","H.0","12.0",10531
"KL",2010-05-15,2010,"-512","-5.0","12.0",10588
"KL",2010-05-15,2010,"L11","K.6","10.5",10686
"KL",2010-05-15,2010,"P9","P.0","9.0",10746
"KL",2010-05-15,2010,"F6.","F.0","6.5",10782
"KL",2010-05-15,2010,"0.14.","0.5","14.0",10784
"KL",2010-05-15,2010,"-712","-7.0","12.0",10818
"KL",2010-05-15,2010,"I.15.","I.4","15.7",10828
"KL",2010-05-15,2010,"H15","H.0","15.0",10828
"KL",2010-05-15,2010,"L10","K.9","9.8",10871
"KL",2010-05-15,2010,"B.10.","B.6","10.5",10939
"KL",2010-05-15,2010,"F1","F.0","0.7",11150
"KL",2010-05-15,2010,"04","0.0","4.7",11171
"KL",2010-05-15,2010,"K7.","K.0","7.5",11176
"KL",2010-05-15,2010,"O.2","O.5","2.0",11181
"KL",2010-05-15,2010,"J11","J.1","11.0",11201
"KL",2010-05-15,2010,"H.3.","H.7","3.4",11254
"KL",2010-05-15,2010,"E4","E.0","3.5",11256
"KL",2010-05-15,2010,"K7.","K.0","7.5",11266
"KL",2010-05-15,2010,"N.2.","N.4","2.4",11272
"KL",2010-05-15,2010,"G3.","G.0","3.5",11281
"KL",2010-05-15,2010,"-612","-6.5","12.0",11319
"KL",2010-05-15,2010,"G.10.","G.1","10.5",11324
"KL",2010-05-15,2010,"E11","D.9","10.9",11325
"KL",2010-05-15,2010,"M.12.","M.6","12.4",11344
"KL",2010-05-15,2010,"I11","H.8","10.9",11460
"KL",2010-05-15,2010,"O1","O.0","1.0",11489
"KL",2010-05-15,2010,"O.2","O.5","2.0",11537
"KL",2010-05-15,2010,"-2.4.","-2.6","4.5",11614
"KL",2010-05-15,2010,"B15.","B.1","15.5",11882
"KL",2010-05-15,2010,"E1","E.0","1.3",12017
"KL",2010-05-15,2010,"A8","A.0","8.0",13123
"SU",2010-05-15,2010,"L10.","L.0","10.5",10325
"SU",2010-05-15,2010,"E11.","E.0","11.5",10358
"SU",2010-05-15,2010,"B.9.","B.3","9.5",10616
"SU",2010-05-15,2010,"K.1","K.3","1.0",10786
"SU",2010-05-15,2010,"G8","F.9","8.1",10914
"SU",2010-05-15,2010,"K6.","K.0","6.5",10914
"SU",2010-05-15,2010,"C.6.","C.7","6.4",10917
"SU",2010-05-15,2010,"C18","B.8","18.1",10918
"SU",2010-05-15,2010,"J11","J.2","11.2",10924
"SU",2010-05-15,2010,"P3","O.9","3.0",11078
"SU",2010-05-15,2010,"Q9","Q.0","8.9",11084
"SU",2010-05-15,2010,"G.1","G.5","1.2",11184
"SU",2010-05-15,2010,"T3","T.1","3.0",11313
"SU",2010-05-15,2010,"J.10.","J.7","10.9",11501
"SU",2010-05-15,2010,"B.3","B.3","3.0",11534
"SU",2010-05-15,2010,"E.1.","E.3","1.5",11536
"SU",2010-05-15,2010,"T.7.","T.5","7.5",11999
"SU",2010-05-15,2010,"M4.","M.0","4.5",12139
"SU",2010-05-15,2010,"B7.","B.2","7.6",13666
"SU",2010-05-15,2010,"N5.","N.0","5.5",13667
"CH",2011-05-15,2011,"R5.","Q.9","5.6",10060
"CH",2011-05-15,2011,"I0","I.0","0.1",10201
"CH",2011-05-15,2011,"D19","D.1","18.8",10692
"CH",2011-05-15,2011,"P.2","P.7","2.1",10711
"CH",2011-05-15,2011,"E1","E.1","1.1",10815
"CH",2011-05-15,2011,"S.12.","S.6","12.5",10832
"CH",2011-05-15,2011,"B.5.","B.3","5.6",10945
"CH",2011-05-15,2011,"G.5","G.4","5.2",11077
"CH",2011-05-15,2011,"S.15.","S.7","15.5",11173
"CH",2011-05-15,2011,"N0.","N.2","0.5",11385
"CH",2011-05-15,2011,"B1","B.2","1.0",11486
"CH",2011-05-15,2011,"I4","I.0","4.0",11496
"CH",2011-05-15,2011,"D7","C.8","7.0",11524
"CH",2011-05-15,2011,"C2.","C.2","2.6",11572
"CH",2011-05-15,2011,"N10","N.0","10.0",11812
"CH",2011-05-15,2011,"T.17","T.9","17.0",11876
"CH",2011-05-15,2011,"T18","T.2","18.0",11877
"CH",2011-05-15,2011,"A6.","0.7","6.3",11967
"CH",2011-05-15,2011,"R0","R.0","0.0",11968
"CH",2011-05-15,2011,"C3.","C.0","3.4",11970
"CH",2011-05-15,2011,"M.7","M.5","7.1",11971
"CH",2011-05-15,2011,"T7.","T.2","7.2",11972
"CH",2011-05-15,2011,"J.2.","J.4","2.9",11973
"CH",2011-05-15,2011,"E.2","E.4","2.3",11974
"CH",2011-05-15,2011,"C.5","C.4","5.0",11978
"CH",2011-05-15,2011,"G.2","G.3","2.2",11985
"CH",2011-05-15,2011,"G.0","G.8","0.1",11986
"CH",2011-05-15,2011,"K1.","J.9","1.5",11987
"CH",2011-05-15,2011,"L.1","L.5","0.9",11989
"CH",2011-05-15,2011,"L6","L.0","5.8",11990
"CH",2011-05-15,2011,"K3.","K.1","3.6",11991
"CH",2011-05-15,2011,"O4.","O.3","4.6",11993
"CH",2011-05-15,2011,"G13.","F.9","13.5",12056
"CH",2011-05-15,2011,"R13.","R.0","15.3",12061
"CH",2011-05-15,2011,"T5","T.1","4.8",12063
"CH",2011-05-15,2011,"L.4","L.4","4.0",12064
"CH",2011-05-15,2011,"O.9","O.4","8.7",12065
"CH",2011-05-15,2011,"A.1","A.4","1.0",12294
"CH",2011-05-15,2011,"S4","R.8","3.8",12295
"CH",2011-05-15,2011,"L9","L.0","9.2",12297
"CH",2011-05-15,2011,"I12","I.0","12.3",12298
"CH",2011-05-15,2011,"K.14.","K.7","14.7",12300
"CH",2011-05-15,2011,"S1","S.0","0.7",12375
"CH",2011-05-15,2011,"T.3.","T.4","3.4",12394
"CH",2011-05-15,2011,"I.6.","I.6","6.5",12538
"CH",2011-05-15,2011,"E9","E.0","8.8",12539
"CH",2011-05-15,2011,"A8","0.5","8.1",12566
"CH",2011-05-15,2011,"A.3.","A.4","3.3",12568
"CH",2011-05-15,2011,"T.15","T.9","15.0",12668
"CH",2011-05-15,2011,"N2","M.8","2.2",12691
"CH",2011-05-15,2011,"R.2","R.4","2.0",12709
"CH",2011-05-15,2011,"Q3","P.3","3.3",12712
"CH",2011-05-15,2011,"D12.","D.2","12.5",12883
"CH",2011-05-15,2011,"E15","D.9","15.2",12884
"CH",2011-05-15,2011,"B11","B.0","11.0",12885
"CH",2011-05-15,2011,"T9","S.8","8.8",12944
"CH",2011-05-15,2011,"R7.","R.2","7.5",12945
"CH",2011-05-15,2011,"A.18","A.5","18.1",12947
"CH",2011-05-15,2011,"D17.","D.2","17.4",12949
"CH",2011-05-15,2011,"R17.","Q.7","19.6",12951
"CH",2011-05-15,2011,"L.17","L.5","17.0",12952
"CH",2011-05-15,2011,"G15","F.9","15.0",12953
"CH",2011-05-15,2011,"O2","N.9","2.2",13163
"CH",2011-05-15,2011,"E.11","E.0","11.0",13164
"CH",2011-05-15,2011,"F6.","F.2","6.8",13676
"CH",2011-05-15,2011,"C10.","C.1","10.4",13677
"CH",2011-05-15,2011,"G.3.","G.6","3.4",13678
"KL",2011-05-15,2011,"C2.","C.0","2.5",8760
"KL",2011-05-15,2011,"H6","H.3","6.2",10042
"KL",2011-05-15,2011,"A.3.","A.3","3.5",10046
"KL",2011-05-15,2011,"L.17","L.3","16.8",10182
"KL",2011-05-15,2011,"-21","-1.9","1.0",10184
"KL",2011-05-15,2011,"-77","-7.0","7.0",10273
"KL",2011-05-15,2011,"F3","E.7","2.8",10318
"KL",2011-05-15,2011,"G.1.","G.3","1.5",10342
"KL",2011-05-15,2011,"M.9.","M.1","9.0",10374
"KL",2011-05-15,2011,"L.1","L.5","0.9",10375
"KL",2011-05-15,2011,"F6.","F.0","6.5",10531
"KL",2011-05-15,2011,"H12","H.0","12.0",10686
"KL",2011-05-15,2011,"M.15","M.7","14.9",10724
"KL",2011-05-15,2011,"-712","-7.0","12.0",10818
"KL",2011-05-15,2011,"B.10.","B.6","10.5",10939
"KL",2011-05-15,2011,"C.1","C.5","1.5",11150
"KL",2011-05-15,2011,"O1","O.0","1.0",11201
"KL",2011-05-15,2011,"H1","H.0","0.8",11220
"KL",2011-05-15,2011,"F1","F.0","0.7",11225
"KL",2011-05-15,2011,"D.5.","D.5","5.6",11256
"KL",2011-05-15,2011,"G.10.","G.1","10.5",11266
"KL",2011-05-15,2011,"F.20.","F.3","20.7",11272
"KL",2011-05-15,2011,"J1","J.0","1.0",11282
"KL",2011-05-15,2011,"-215","-2.0","15.0",11319
"KL",2011-05-15,2011,"L.15","L.6","15.0",11343
"KL",2011-05-15,2011,"J.20.","J.5","20.5",11344
"KL",2011-05-15,2011,"H.3.","H.7","3.4",11460
"KL",2011-05-15,2011,"N.2.","N.4","2.4",11489
"KL",2011-05-15,2011,"O.2.","O.3","2.5",11537
"KL",2011-05-15,2011,"-8.11","-8.5","11.0",11614
"KL",2011-05-15,2011,"-38","-3.0","8.0",11619
"KL",2011-05-15,2011,"F18.","F.0","18.6",11621
"KL",2011-05-15,2011,"-89","-8.0","9.0",11623
"KL",2011-05-15,2011,"-67","-6.0","7.0",11625
"KL",2011-05-15,2011,"B.5.","B.4","5.5",11775
"KL",2011-05-15,2011,"C13","C.0","13.0",11841
"KL",2011-05-15,2011,"M.1.","M.4","1.5",11881
"KL",2011-05-15,2011,"I.20.","I.6","20.3",11883
"KL",2011-05-15,2011,"O6","O.5","6.4",11895
"KL",2011-05-15,2011,"O6","O.5","6.4",11895
"KL",2011-05-15,2011,"O.2","O.5","2.0",11896
"KL",2011-05-15,2011,"P1","P.1","0.5",11897
"KL",2011-05-15,2011,"E11","D.9","10.9",11955
"KL",2011-05-15,2011,"M.12.","M.6","12.4",11957
"KL",2011-05-15,2011,"E4","E.0","3.5",16580
"KL",2011-05-15,2011,"J.19","J.7","19.0",11983
"KL",2011-05-15,2011,"L11","K.6","10.5",12006
"KL",2011-05-15,2011,"B15","B.1","15.0",12007
"KL",2011-05-15,2011,"F.21","G.1","21.3",12008
"KL",2011-05-15,2011,"O10.","O.0","10.5",12009
"KL",2011-05-15,2011,"O6","O.5","6.4",12012
"KL",2011-05-15,2011,"G.18","G.5","17.9",12013
"KL",2011-05-15,2011,"E1","E.0","1.3",12017
"KL",2011-05-15,2011,"-27","-2.0","6.7",12018
"KL",2011-05-15,2011,"A5.","A.0","5.5",12019
"KL",2011-05-15,2011,"-2.4.","-2.6","4.5",12020
"KL",2011-05-15,2011,"-612","-6.5","12.0",12022
"KL",2011-05-15,2011,"E14.","E.0","14.6",12036
"KL",2011-05-15,2011,"C.19","C.5","19.0",12202
"KL",2011-05-15,2011,"H9","G.8","9.0",12303
"KL",2011-05-15,2011,"F8","F.2","8.0",12305
"KL",2011-05-15,2011,"-312","-3.0","12.5",12306
"KL",2011-05-15,2011,"H15","H.0","15.0",12363
"KL",2011-05-15,2011,"J11","J.1","11.0",12364
"KL",2011-05-15,2011,"D7","D.0","7.0",12422
"KL",2011-05-15,2011,"C8.","C.0","8.3",12423
"KL",2011-05-15,2011,"I5","I.2","4.9",12445
"KL",2011-05-15,2011,"L.12","L.2","12.0",12446
"KL",2011-05-15,2011,"J14","J.0","14.0",12447
"KL",2011-05-15,2011,"L10","K.9","9.8",12448
"KL",2011-05-15,2011,"I.15.","I.4","15.7",12495
"KL",2011-05-15,2011,"J.9","J.2","9.0",12513
"KL",2011-05-15,2011,"L.17","L.3","16.8",12542
"KL",2011-05-15,2011,"L.17","L.3","16.8",12543
"KL",2011-05-15,2011,"-512","-5.0","12.0",12564
"KL",2011-05-15,2011,"-310","-3.0","10.0",12565
"KL",2011-05-15,2011,"5","0.1","5.5",12576
"KL",2011-05-15,2011,"-59","-5.0","9.0",12611
"KL",2011-05-15,2011,"-79","-7.0","9.0",12613
"KL",2011-05-15,2011,"-63","-6.0","3.0",12620
"KL",2011-05-15,2011,"-53","-4.9","3.3",12623
"KL",2011-05-15,2011,"N9","M.5","7.8",12625
"KL",2011-05-15,2011,"-812","-8.0","12.1",12626
"KL",2011-05-15,2011,"-711","-7.0","11.0",12628
"KL",2011-05-15,2011,"P9","P.0","9.0",12653
"KL",2011-05-15,2011,"L8","L.0","8.0",12654
"KL",2011-05-15,2011,"J.6.","J.3","6.5",12657
"KL",2011-05-15,2011,"-1.1.","-1.6","1.5",12664
"KL",2011-05-15,2011,"A8","A.0","8.0",12678
"KL",2011-05-15,2011,"H12","H.0","12.0",12705
"KL",2011-05-15,2011,"-414","-4.4","14.0",12744
"KL",2011-05-15,2011,"C.17","C.6","16.9",12745
"KL",2011-05-15,2011,"-0.12","-0.3","12.0",12827
"KL",2011-05-15,2011,"-8.12","-8.5","12.0",12835
"KL",2011-05-15,2011,"K7.","K.0","7.5",12875
"KL",2011-05-15,2011,"O6","O.5","6.4",12933
"KL",2011-05-15,2011,"G3.","G.0","3.5",13039
"KL",2011-05-15,2011,"-5.11.","-5.5","11.5",13123
"SU",2011-05-15,2011,"B6","A.8","5.7",10037
"SU",2011-05-15,2011,"L10.","L.0","10.5",10043
"SU",2011-05-15,2011,"J6","J.1","6.3",10191
"SU",2011-05-15,2011,"D9","D.0","9.0",10358
"SU",2011-05-15,2011,"E3.","E.1","3.4",10653
"SU",2011-05-15,2011,"E.1.","E.3","1.5",10654
"SU",2011-05-15,2011,"P5","P.3","5.0",10655
"SU",2011-05-15,2011,"C.6.","C.7","6.4",10878
"SU",2011-05-15,2011,"C18","B.8","18.1",10918
"SU",2011-05-15,2011,"-3.3","-3.3","3.2",10946
"SU",2011-05-15,2011,"L.12","L.5","12.0",11001
"SU",2011-05-15,2011,"K.1","K.3","1.0",11078
"SU",2011-05-15,2011,"U3","U.2","3.0",11313
"SU",2011-05-15,2011,"B7.","B.2","7.6",11434
"SU",2011-05-15,2011,"K.15","K.4","15.0",11435
"SU",2011-05-15,2011,"T3","T.1","3.0",11531
"SU",2011-05-15,2011,"B.3","B.3","3.0",11534
"SU",2011-05-15,2011,"B.8.","B.4","8.6",11577
"SU",2011-05-15,2011,"G.14.","G.5","14.5",11578
"SU",2011-05-15,2011,"P3","O.9","3.0",11722
"SU",2011-05-15,2011,"U1","U.0","1.2",11943
"SU",2011-05-15,2011,"R4","R.0","4.0",11944
"SU",2011-05-15,2011,"T6","T.1","6.0",11946
"SU",2011-05-15,2011,"J3.","J.0","3.5",11952
"SU",2011-05-15,2011,"O2.","O.1","2.3",11953
"SU",2011-05-15,2011,"B.1","B.5","1.2",11976
"SU",2011-05-15,2011,"K.8","K.5","8.0",11979
"SU",2011-05-15,2011,"R.2","R.5","2.0",11981
"SU",2011-05-15,2011,"S8","S.0","7.9",12479
"SU",2011-05-15,2011,"D7.","D.0","7.7",11996
"SU",2011-05-15,2011,"A19","A.2","19.0",11997
"SU",2011-05-15,2011,"E11.","E.0","11.5",11998
"SU",2011-05-15,2011,"T.7.","T.5","7.5",11999
"SU",2011-05-15,2011,"H.12","H.5","12.0",12000
"SU",2011-05-15,2011,"D.17.","D.4","17.1",12491
"SU",2011-05-15,2011,"E1","E.0","0.7",12003
"SU",2011-05-15,2011,"N9","N.0","9.0",12004
"SU",2011-05-15,2011,"Q7","Q.3","7.0",8775
"SU",2011-05-15,2011,"A.15.","A.5","15.6",12024
"SU",2011-05-15,2011,"J.10.","J.7","10.9",12025
"SU",2011-05-15,2011,"D15","D.1","14.8",12027
"SU",2011-05-15,2011,"-0.5.","-0.5","5.5",12028
"SU",2011-05-15,2011,"C12","C.2","11.9",12029
"SU",2011-05-15,2011,"-117","-0.9","17.0",12030
"SU",2011-05-15,2011,"B.19","B.8","19.0",12032
"SU",2011-05-15,2011,"G8","F.9","8.1",12033
"SU",2011-05-15,2011,"M4.","M.0","4.5",12139
"SU",2011-05-15,2011,"F.16","F.3","16.0",12301
"SU",2011-05-15,2011,"0.3","0.5","3.0",12419
"SU",2011-05-15,2011,"O11","O.0","11.0",12432
"SU",2011-05-15,2011,"Q9","Q.0","8.9",12434
"SU",2011-05-15,2011,"N.11","N.6","11.2",12435
"SU",2011-05-15,2011,"-1.2.","-1.7","2.3",12462
"SU",2011-05-15,2011,"R11","R.5","10.9",12477
"SU",2011-05-15,2011,"U.7","U.5","7.0",12478
"SU",2011-05-15,2011,"G.16","G.5","16.0",12492
"SU",2011-05-15,2011,"J.4","J.5","4.2",12523
"SU",2011-05-15,2011,"H.9","H.6","8.8",12524
"SU",2011-05-15,2011,"G.9","G.5","9.0",12526
"SU",2011-05-15,2011,"I14.","I.0","14.5",12550
"SU",2011-05-15,2011,"H.7.","H.4","7.3",12972
"SU",2011-05-15,2011,"A.1.","A.6","1.6",12974
"SU",2011-05-15,2011,"-2.19","-2.5","19.0",13088
"SU",2011-05-15,2011,"-3.17.","-3.3","17.3",13094
"SU",2011-05-15,2011,"-316","-3.0","16.4",13095
"SU",2011-05-15,2011,"C.5","C.5","5.2",13096
"SU",2011-05-15,2011,"-315","-3.0","15.7",11448
"SU",2011-05-15,2011,"N5.","N.0","5.5",13129
"SU",2011-05-15,2011,"Q11","Q.1","10.8",13687
"SU",2011-05-15,2011,"G3","G.0","2.8",13690
"SU",2011-05-15,2011,"G5.","G.2","5.5",13691
"SU",2011-05-15,2011,"K6.","K.0","6.5",19267
