"sex","repro_stage","mean_distance","median_distance","sd_distance","max_distance","n"
"F","MATING",12.6153205340146,9.00000000000002,11.6790888115871,51.3517283058711,1263
"F","LACTATING",15.8046199339612,10.816653826392,13.4682460118075,51.6139516022558,492
"M","MATING",12.3894107820633,9.48683298050515,9.67962346864562,51.6139516022558,1887
"M","LACTATING",13.0009427319887,10.816653826392,9.11005796140106,51.6139516022558,1641
